classe_mod;count;avg_first_descent;max_first_descent;no_descent_count;no_descent_ratio;avg_max_ratio;max_ratio;avg_final_ratio;max_final_ratio;min_final_ratio
1023;4882;23.635600163867267;41;544;0.11142974190905366;233.79308274229132;38393.54698597427;24.53999635268499;21596.41018122182;2.9763704384381636e-05
795;4883;19.532664345689124;41;303;0.062052017202539424;72.52910384945199;45503.44025340603;7.823788587989576;10798.17980166609;0.0001982008549984536
239;4883;19.62011058775343;41;292;0.05979930370673766;70.23573732524306;19196.77329518515;9.331756637753234;5399.089669020212;0.0003344638765192538
639;4883;19.492115502764694;41;287;0.05877534302682777;78.760214732307;23968.99196592415;10.709887350928316;10798.179700158948;2.64566251984595e-05
767;4883;19.511980339954945;41;286;0.05857055089084579;86.12583645158554;35953.563092916665;10.416655586660106;10798.179610828656;3.968494332363489e-05
447;4883;19.49047716567684;41;285;0.058365758754863814;69.05502540671401;15979.305712462414;7.168563817972389;5399.089515121253;5.49937066190796e-05
871;4882;19.60979106923392;41;281;0.05755837771405162;82.35009269021549;68255.167861454;9.88950321198201;21596.35935629584;0.00037120743103109317
159;4883;19.52693016588163;41;270;0.05529387671513414;66.98622497959268;7101.894325158702;10.584062772355747;5399.090515325805;0.00044595186174674025
511;4883;19.437640794593488;41;255;0.05222199467540446;76.2508277264096;17976.725188494394;7.576247697478304;10798.179171924116;5.9527427418834356e-05
327;4883;15.232234282203564;41;146;0.02989965185336883;24.712487101475705;3599.394093699651;4.016320363850671;2699.5469263962364;0.00046980946675423624
167;4883;15.26192914192095;41;144;0.029490067581404874;22.387866748225573;3370.625870595353;2.892135115562561;1349.772737156192;5.574404838332865e-05
671;4883;15.203358591030105;41;140;0.028670899037476962;29.177489936675286;10798.17911328731;5.415315548845021;10798.17911328731;3.66624635280577e-05
959;4882;15.235149528881607;41;138;0.0282671036460467;24.65389201816351;2996.1141815807;3.2192784222641095;2699.564840705621;0.0003299620811955748
127;4883;15.238173254147041;41;138;0.028261314765513003;28.1825796444629;6741.3071975254215;3.0050051492471415;2699.5475403718824;3.666245412640777e-05
743;4883;15.21114069219742;41;138;0.028261314765513003;24.25449786962949;4734.59981537613;2.810410227424774;2699.5458083354024;0.0002784056825921004
251;4883;15.253942248617653;41;135;0.02764693835756707;22.020314727970142;3994.828742204189;2.239907438823558;1349.773853913535;0.00024747161466058955
359;4883;15.126766332172844;41;134;0.02744214622158509;23.533154735255327;3599.39549625493;2.109547173350935;1349.7733111806444;0.00024747161041740757
559;4883;15.179397911120214;41;133;0.027237354085603113;21.390838890046343;4265.952833724176;2.0050623671114876;1349.7728256310315;3.093394706284306e-05
103;4883;15.133729264796232;41;132;0.027032561949621135;23.274299636821684;3599.393556326162;3.174947154650704;2699.5454193428327;0.00033903057647943514
255;4883;15.17079664140897;41;131;0.026827769813639157;32.40106943524698;11984.47093505663;2.3659764186492955;1349.7731310107338;4.124527359287578e-05
751;4883;15.156870776162195;41;131;0.026827769813639157;23.80248606274916;5399.089742145606;3.170593385943299;5399.089742145606;0.0007821944108653915
415;4883;15.126766332172844;41;129;0.026418185541675198;23.42205973765379;5687.93102734845;3.730071593305092;5399.090273850629;0.00027840556832823556
895;4882;15.18721835313396;41;128;0.026218762802130275;26.995760719885997;7989.641723852054;2.371956009542814;1349.7726084609437;2.7496844814295887e-05
283;4883;15.200286708990374;41;127;0.026008601269711242;24.23407657755006;8531.896898859774;2.4215698132125683;1349.7828179314315;0.0002474715944031909
91;4883;15.131271759164449;41;125;0.025599016997747286;22.521003773944077;3599.3952176639573;2.7310415899789726;2699.5464133346322;0.000313206473179793
111;4883;15.18738480442351;41;124;0.02539422486176531;21.915788580979925;5992.222997555022;4.091182765768476;5399.09020855414;0.0005866027811873037
479;4883;15.144173663731312;41;123;0.02518943272578333;21.50140850442606;9598.384274854714;1.6847139539941036;1349.772788724832;0.0001856036926039018
719;4883;15.093590006143764;41;123;0.02518943272578333;20.470965929301347;3550.9468425828577;1.6265981322103567;674.8864260057239;0.0004949432115851556
667;4883;15.134548433340159;41;122;0.024984640589801353;23.376374449574225;8531.895370108117;4.516037210258649;5399.090499863822;0.00029330027628561936
27;4883;15.17284456276879;41;120;0.024575056317837397;20.780783587683445;2527.9688885708883;2.296623410397073;1349.7739361686868;0.0001649810555859417
31;4883;15.211550276469383;41;119;0.024370264181855415;22.205802741961627;6398.932500019043;2.4526627429259356;1349.7730603596144;6.186804716017304e-05
319;4883;15.196395658406717;41;119;0.024370264181855415;22.8418940283451;5326.425342043932;2.8622987668623896;2699.546779441253;0.00027840557312645034
703;4883;15.16977268072906;41;114;0.023346303501945526;22.91350677889498;4494.193971602161;2.006966856154131;1349.7733442269166;0.00016498106160414024
495;4883;15.15748515257014;41;103;0.021093590006143765;22.609482680619408;7101.902655042624;1.2791434487636344;674.8921122072687;0.0003299624455945173
1019;4882;10.863375665710775;41;56;0.011470708725931995;6.512520829018772;2699.546243655111;1.5751733100369856;2699.546243655111;0.00039106625426358943
191;4883;10.897194347737047;41;54;0.011058775343026827;13.482311418505093;3156.4022027382825;1.1890542803172701;1349.7728963314166;4.888327743573946e-05
615;4883;10.903133319680524;41;52;0.010649191071062871;10.024539659852437;2399.595831350981;0.9448439690280316;1349.7729499922884;0.0002607107891803362
1007;4882;10.898197460057354;41;51;0.010446538303973782;11.611235921240636;5055.959607098502;1.3226698083547945;1349.772908839313;2.444163899589353e-05
487;4883;10.922793364734794;41;49;0.010034814663116936;9.073038070183925;3370.6372942945513;1.1060671649229867;674.886611539016;9.77665583270167e-05
47;4883;10.875281589186976;41;49;0.010034814663116936;9.094274925127014;2996.111877227648;1.8686170141409313;2699.548205611465;7.332538331808937e-05
411;4883;10.865246774523857;41;49;0.010034814663116936;7.859571787933333;1263.984654718987;0.7329559229904576;337.44316937515833;0.0003910662489910464
71;4883;10.864222813843949;41;49;0.010034814663116936;7.98698866643578;2699.54752256163;2.171115299248754;2699.54752256163;9.776655985427637e-05
623;4883;10.792750358386238;41;49;0.010034814663116936;8.916641406232207;2399.611166420988;0.7698026480091013;674.8865621694143;3.3033472932030554e-05
303;4883;10.855007167724759;41;48;0.009830022527134958;9.035573574143688;5687.930935067925;1.3069272989168454;1349.7729974352637;0.00026071079425064793
799;4883;10.91603522424739;41;47;0.00962523039115298;10.558507977069867;2132.9754163617213;0.9743443989800084;674.8866231897756;4.888327849431137e-05
543;4883;10.846201105877535;41;47;0.00962523039115298;8.642405513376401;1052.1325279063933;0.6750246269246288;168.7223160408308;0.00026071081209876317
603;4883;10.838828588982183;41;45;0.009215646119189022;7.470220210071786;2247.0838267769996;1.063537201625099;674.8865786262776;0.0005214217117093875
539;4883;10.89555601064919;41;44;0.009010853983207045;11.046590747883524;10798.183977542707;3.038286256877616;10798.183977542707;0.00019553311623321848
383;4883;10.881834937538398;41;44;0.009010853983207045;15.463906495273978;2247.091572453102;0.9787500780017088;674.8864590551566;0.00013035547840950634
927;4882;10.839000409668168;41;43;0.008807865628840639;12.826591028949272;15167.817820050213;1.15270015023653;1349.7728511588134;0.00024747163007659103
155;4883;10.840876510342003;41;43;0.008806061847225067;8.420084517400904;3370.62645577252;1.1018894963694004;1349.7747429281208;2.7496848784035382e-05
991;4882;10.843506759524784;41;40;0.00819336337566571;9.857364568054065;3550.949128537944;0.8734001386163591;674.8863172841545;0.0001303554671154928
839;4882;10.822613682916838;41;39;0.007988529291274069;7.279183304883037;2132.974601608518;0.9524461366621215;1349.772689471205;0.00012373583479260362
763;4883;10.81773499897604;41;38;0.007782101167315175;8.030753768013552;3599.3944501188826;1.3178340193804967;2699.545837649343;0.00021997479093591174
831;4883;10.772066352652057;41;38;0.007782101167315175;11.549242770621124;2843.964940182967;0.9070355062893267;1349.7724230440615;0.00039106628963444536
879;4882;10.815854158131913;41;37;0.007578861122490782;10.662862375456625;10111.87722999957;1.3581157314656322;1349.7726755307167;5.499374533162273e-05
63;4883;10.82817939791112;41;37;0.007577309031333196;11.80201188936407;3199.4638129355567;1.0176717757165485;674.8863881409843;0.00010998738291188701
223;4883;10.800737251689535;41;37;0.007577309031333196;8.647875001395597;1685.3192861684581;0.7385194429186738;337.4435276427766;0.0002933006676903435
935;4882;10.73453502662843;41;35;0.007169192953707497;6.804383133943373;998.7077794661443;0.573637896617888;84.36092819875883;3.666253602094164e-05
231;4883;10.804013925865247;41;35;0.0071677247593692405;8.535154358142654;5399.091787259494;1.7771116933670184;5399.091787259494;0.00016498106707313497
463;4883;10.790088060618473;41;35;0.0071677247593692405;7.853653704611546;2367.2989303627287;1.0639099278071045;1349.7726055040796;0.00021997494391193023
679;4883;10.792135981978292;41;32;0.006553348351423305;6.6470282202510615;887.736913364988;0.62959452527899;168.72160459153127;0.00013035546192389044
859;4882;10.780008193363376;41;31;0.006349856616140926;7.802976160580597;3599.394155134902;0.7276421413864909;337.4450410001597;0.00026071080078576077
207;4883;10.750972762645915;41;31;0.006348556215441327;6.908566776136749;842.6628322902004;0.8484131798804535;674.8872271161334;0.0002607191107108151
575;4883;6.0;6;0;0.0;7.593763426879359;7.605217391304348;0.4745769583106933;0.7123202001250781;8.690362388111584e-05
287;4883;6.0;6;0;0.0;5.062509955356071;5.076655052264808;0.47468176103442633;0.7142857142857143;8.690358883593348e-05
735;4883;6.0;6;0;0.0;5.062507851865184;5.068027210884353;0.47457698443526614;0.7123365548607163;4.3451799269018254e-05
367;4883;6.0;6;0;0.0;3.7968830784752137;3.8065395095367847;0.474550669445243;0.7124370956146657;8.690362388111584e-05
923;4882;6.0;6;0;0.0;3.7968832936118067;3.8017334777898157;0.4746375954222124;0.7123780174627632;8.690362388111584e-05
999;4882;6.0;6;0;0.0;3.796882148034384;3.800800800800801;0.4745832344124353;0.7123084527928819;0.00017380733121243576
815;4883;6.0;6;0;0.0;3.37500449715253;3.377914110429448;0.47468609037137927;0.7128834355828221;5.431505993666864e-06
975;4882;6.0;6;0;0.0;3.3750043480222702;3.3774358974358973;0.47456974485205355;0.7128205128205128;8.690362388111584e-05
347;4883;6.0;6;0;0.0;2.5312561465808088;2.5389048991354466;0.4745518603615083;0.712618526622903;2.1725942279185044e-05
423;4883;6.0;6;0;0.0;2.5312550013809894;2.5366430260047284;0.47454511283357775;0.7125086385625432;4.345180021348058e-05
583;4883;6.0;6;0;0.0;2.2500025375458788;2.2521440823327614;0.4745453409899611;0.7125077784691972;0.00017380730941319106
507;4883;6.0;6;0;0.0;1.8984427240835002;1.903353057199211;0.47456948972718943;0.712606139777923;8.690362388111584e-05
95;4883;5.0;5;0;0.0;5.062516010949475;5.105263157894737;0.9492219983753307;0.9578947368421052;0.9492189148680515
351;4883;5.0;5;0;0.0;5.062509369879913;5.074074074074074;0.474610325502241;0.4757834757834758;0.47460945742980476
607;4883;5.0;5;0;0.0;5.062508173999782;5.069192751235585;0.9492204083788036;0.9505766062602965;0.9492189148511683
863;4882;5.0;5;0;0.0;5.062507609430604;5.06720741599073;0.1581888907307534;0.23754345307068367;5.793573663546704e-05
79;4883;5.0;5;0;0.0;3.3750104080174275;3.4050632911392404;0.15822948951908047;0.24050632911392406;5.793577976819368e-05
175;4883;5.0;5;0;0.0;3.3750069686655952;3.388571428571429;0.9492213517879794;0.9542857142857143;0.949218927367056
335;4883;5.0;5;0;0.0;3.3750055520748887;3.382089552238806;0.9492211151108542;0.9522388059701492;0.949218952363865
431;4883;5.0;5;0;0.0;3.375005181831752;3.3805104408352666;0.47461034233208016;0.4756380510440835;0.47460946367898704
591;4883;5.0;5;0;0.0;3.3750048067880325;3.3790186125211505;0.4746103988142298;0.4754653130287648;0.4746094761767517
687;4883;5.0;5;0;0.0;3.375004654291451;3.378457059679767;0.9492204877042117;0.950509461426492;0.9492189273488931
847;4882;5.0;5;0;0.0;3.375004464575187;3.3778040141676504;0.9492206518502876;0.9504132231404959;0.9492189523845912
943;4882;5.0;5;0;0.0;3.3750043749222454;3.3775185577942737;0.15818965026132095;0.23741738688357905;1.4483932850021957e-05
39;4883;5.0;5;0;0.0;2.5312660895327497;2.58974358974359;0.4746128325965062;0.48717948717948717;0.4746094730624277
219;4883;5.0;5;0;0.0;2.5312571401833197;2.5433789954337898;0.9492217635773684;0.954337899543379;0.9492189742462426
295;4883;5.0;5;0;0.0;2.5312555420604737;2.538983050847458;0.949221131947223;0.9525423728813559;0.9492189461148127
475;4883;5.0;5;0;0.0;2.5312556560741104;2.536842105263158;0.15821675723347664;0.23789473684210527;1.4483933355323405e-05
551;4883;5.0;5;0;0.0;2.531254690278721;2.5353901996370234;0.15822655052981482;0.23774954627949182;5.793573799048532e-05
731;4883;5.0;5;0;0.0;2.5312551395877176;2.5348837209302326;0.9492209192083451;0.9507523939808481;0.9492189742232793
807;4883;5.0;5;0;0.0;2.5312543279570527;2.5340768277571253;0.9492206101322253;0.9504337050805453;0.9492189460947305
987;4882;5.0;5;0;0.0;2.531254852012008;2.5339412360688955;0.4746103989172376;0.475177304964539;0.474609487128863
199;4883;5.0;5;0;0.0;2.2500034837220597;2.2562814070351758;0.47461091545834533;0.47738693467336685;0.474609485560872
455;4883;5.0;5;0;0.0;2.2500026901276984;2.2527472527472527;0.9492211290816779;0.9516483516483516;0.9492189711104217
711;4883;5.0;5;0;0.0;2.250002432340268;2.251758087201125;0.15821372590930272;0.23769338959212377;3.62099743995481e-06
967;4882;5.0;5;0;0.0;2.250002291906971;2.25129265770424;0.9492207769052299;0.9503619441571872;0.9492189711330674
123;4883;5.0;5;0;0.0;1.6875049488154639;1.6991869918699187;0.4746115199349623;0.4796747967479675;0.4746094996270471
379;4883;5.0;5;0;0.0;1.687503245120881;1.6912928759894459;0.9492215630259828;0.9525065963060686;0.9492189992413312
635;4883;5.0;5;0;0.0;1.6875028642416654;1.689763779527559;0.15822893047146858;0.2377952755905512;5.7935770498078954e-05
891;4882;5.0;5;0;0.0;1.687502676276325;1.6891133557800224;0.9492210699243184;0.9506172839506173;0.9492189992668585
15;4883;4.0;4;0;0.0;3.375036722481866;3.533333333333333;0.31641017592322623;0.3333333333333333;0.316406300789549
143;4883;4.0;4;0;0.0;3.375007610454674;3.3916083916083917;0.6328141272353727;0.6363636363636364;0.6328126015764972
271;4883;4.0;4;0;0.0;3.3750059287794283;3.3837638376383765;0.15820344191666286;0.15867158671586715;0.15820315039347416
399;4883;4.0;4;0;0.0;3.37500528747817;3.380952380952381;0.632813630546317;0.6340852130325815;0.632812601571296
527;4883;4.0;4;0;0.0;3.3750049333965695;3.379506641366224;0.3164067774190429;0.31688804554079697;0.31640630078434784
655;4883;4.0;4;0;0.0;3.3750047010660604;3.378625954198473;0.6328135051621514;0.6335877862595419;0.6328126015660954
783;4883;4.0;4;0;0.0;3.3750045326342537;3.3780332056194124;0.05272721269971236;0.07913669064748201;9.655958209012871e-06
911;4882;4.0;4;0;0.0;3.3750044032187376;3.377607025246981;0.6328134414776904;0.6333699231613611;0.6328126015816989
7;4883;4.0;4;0;0.0;2.250038834797535;2.4285714285714284;0.6328302183763754;0.7142857142857143;0.6328126140813234
135;4883;4.0;4;0;0.0;2.2500041142592817;2.259259259259259;0.3164071885653976;0.31851851851851853;0.31640630703920125
263;4883;4.0;4;0;0.0;2.2500031514542163;2.2547528517110265;0.6328139378509834;0.6349809885931559;0.6328126140754818
391;4883;4.0;4;0;0.0;2.250002798040276;2.2531969309462916;0.05273492510087138;0.0792838874680307;9.655954241460079e-06
519;4883;4.0;4;0;0.0;2.250002605820074;2.2524084778420037;0.6328136889054139;0.6339113680154143;0.6328126140696407
647;4883;4.0;4;0;0.0;2.2500024807061534;2.2519319938176197;0.31640681591108955;0.3168469860896445;0.31640630703336026
775;4883;4.0;4;0;0.0;2.250002390452027;2.2516129032258063;0.6328135906437361;0.6335483870967742;0.6328126140638003
903;4882;4.0;4;0;0.0;2.2500023213299363;2.2513842746400887;0.15820338977669604;0.1583610188261351;0.15820315352106112
59;4883;4.0;4;0;0.0;1.687507571191437;1.7118644067796611;0.31640799878063197;0.3220338983050847;0.316406316416518
187;4883;4.0;4;0;0.0;1.6875041055385824;1.695187165775401;0.6328143965803243;0.6363636363636364;0.6328126328296351
315;4883;4.0;4;0;0.0;1.6875034225143835;1.692063492063492;0.05274294451191728;0.07936507936507936;9.655958209012871e-06
443;4883;4.0;4;0;0.0;1.6875031145029804;1.690744920993228;0.6328139387649625;0.6343115124153499;0.6328126328228336
571;4883;4.0;4;0;0.0;1.6875029317703112;1.6900175131348512;0.3164069271752077;0.3169877408056042;0.3164063164097166
699;4883;4.0;4;0;0.0;1.6875028069948335;1.6895565092989986;0.6328137967095667;0.6337625178826896;0.632812632816033
827;4883;4.0;4;0;0.0;1.6875027142403431;1.6892382103990327;0.15820343846525747;0.15840386940749698;0.1582031582031582
955;4882;4.0;4;0;0.0;1.6875026417787695;1.6890052356020941;0.6328137203869331;0.6335078534031413;0.6328126328364371
23;4883;3.0;3;0;0.0;2.2500133884908133;2.3043478260869565;0.21093908988328328;0.21739130434782608;0.21093752969230423
55;4883;3.0;3;0;0.0;2.2500069006796304;2.272727272727273;0.843753277822823;0.8545454545454545;0.8437501187684566
87;4883;3.0;3;0;0.0;2.250005177068332;2.264367816091954;0.42187622955372894;0.42528735632183906;0.42187505938384817
119;4883;3.0;3;0;0.0;2.250004374641946;2.2605042016806722;0.8437520779549245;0.8487394957983193;0.8437501187669362
151;4883;3.0;3;0;0.0;2.2500039080120113;2.2582781456953644;0.01757692758355621;0.026382978723404255;6.437303878871729e-06
183;4883;3.0;3;0;0.0;2.250003601221493;2.2568306010928962;0.8437517105802055;0.8469945355191257;0.8437501187654157
215;4883;3.0;3;0;0.0;2.2500033830537864;2.255813953488372;0.4218758034752755;0.4232558139534884;0.4218750593823278
247;4883;3.0;3;0;0.0;2.2500032191862775;2.2550607287449393;0.8437515291134822;0.8461538461538461;0.8437501187638954
279;4883;3.0;3;0;0.0;2.250003091033682;2.2544802867383513;0.2109378670602505;0.2114695340501792;0.2109375296907838
311;4883;3.0;3;0;0.0;2.2500029876526;2.2540192926045015;0.84375141913499;0.8456591639871383;0.843750118762375
343;4883;3.0;3;0;0.0;2.250002902177576;2.253644314868805;0.42187568926717356;0.4227405247813411;0.42187505938080744
375;4883;3.0;3;0;0.0;2.2500028300816535;2.2533333333333334;0.8437513442887875;0.8453333333333334;0.8437501187608547
407;4883;3.0;3;0;0.0;2.2500027682576356;2.253071253071253;0.1054689143652975;0.10565110565110565;0.10546876484501183
439;4883;3.0;3;0;0.0;2.250002714500948;2.2528473804100226;0.8437512893879463;0.8451025056947609;0.8437501187593345
471;4883;3.0;3;0;0.0;2.250002667203321;2.2526539278131636;0.4218756334607863;0.42250530785562634;0.4218750593792872
503;4883;3.0;3;0;0.0;2.2500026251633862;2.2524850894632205;0.8437512469526119;0.8449304174950298;0.8437501187578142
535;4883;3.0;3;0;0.0;2.250002587465209;2.2523364485981308;0.21093780726149403;0.21121495327102804;0.21093752968926355
567;4883;3.0;3;0;0.0;2.2500025533978754;2.252204585537919;0.8437512128639919;0.8447971781305115;0.8437501187562941
599;4883;3.0;3;0;0.0;2.250002522400909;2.2520868113522536;0.42187559907021527;0.42237061769616024;0.421875059377767
631;4883;3.0;3;0;0.0;2.2500024940262335;2.2519809825673534;0.8437511846624609;0.8446909667194928;0.8437501187547739
663;4883;3.0;3;0;0.0;2.2500024679111514;2.2518853695324283;0.05273444826611252;0.05279034690799397;0.052734382422125865
695;4883;3.0;3;0;0.0;2.250002443758811;2.2517985611510793;0.8437511607854365;0.8446043165467626;0.8437501187532538
727;4883;3.0;3;0;0.0;2.2500024213237384;2.25171939477304;0.42187557506438805;0.422283356258597;0.4218750593762469
759;4883;3.0;3;0;0.0;2.2500024004011094;2.251646903820817;0.8437511401905277;0.8445322793148881;0.8437501187517338
791;4883;3.0;3;0;0.0;2.250002380818591;2.2515802781289507;0.21093778272220748;0.2111251580278129;0.21093752968774343
823;4883;3.0;3;0;0.0;2.250002362430029;2.2515188335358443;0.8437511221542694;0.8444714459295262;0.8437501187502138
855;4882;3.0;3;0;0.0;2.250002345539807;2.2514619883040936;0.4218755570657038;0.4222222222222222;0.42187505938688924
887;4882;3.0;3;0;0.0;2.2500023291790106;2.2514092446448704;0.8437511063600297;0.8444193912063134;0.8437501187730182
919;4882;3.0;3;0;0.0;2.2500023136875953;2.251360174102285;0.10546888737520105;0.10554951033732318;0.10546876484653224
951;4882;3.0;3;0;0.0;2.2500022989849175;2.2513144058885386;0.8437510920178396;0.8443743427970557;0.8437501187714976
983;4882;3.0;3;0;0.0;2.250002285000486;2.2512716174974567;0.4218755426876147;0.422177009155646;0.4218750593853687
1015;4882;3.0;3;0;0.0;2.250002271672391;2.251231527093596;0.8437510790443841;0.8443349753694581;0.8437501187699771
11;4883;3.0;3;0;0.0;1.5000102140084606;1.5454545454545454;0.4218823413185828;0.45454545454545453;0.4218750718868038
43;4883;3.0;3;0;0.0;1.5000032816298474;1.5116279069767442;0.8437547173429072;0.8604651162790697;0.8437501437726873
75;4883;3.0;3;0;0.0;1.5000022608680845;1.5066666666666666;0.01757628070614985;0.026387625113739762;1.6093258501827069e-06
107;4883;3.0;3;0;0.0;1.5000018480152895;1.5046728971962617;0.8437526565219793;0.8504672897196262;0.8437501437708468
139;4883;3.0;3;0;0.0;1.5000016233404905;1.5035971223021583;0.4218761667759815;0.4244604316546763;0.42187507188496326
171;4883;3.0;3;0;0.0;1.5000014812880562;1.5029239766081872;0.843752129351576;0.847953216374269;0.8437501437690063
203;4883;3.0;3;0;0.0;1.5000013828527226;1.5024630541871922;0.21093799696269663;0.21182266009852216;0.2109375359420215
235;4883;3.0;3;0;0.0;1.5000013102694751;1.5021276595744681;0.8437518835123708;0.8468085106382979;0.8437501437671658
267;4883;3.0;3;0;0.0;1.5000012542858034;1.5018726591760299;0.4218759015179224;0.4232209737827715;0.4218750718831228
299;4883;3.0;3;0;0.0;1.500001209606954;1.5016722408026757;0.8437517388099978;0.8461538461538461;0.8437501437653254
331;4883;3.0;3;0;0.0;1.5000011729831184;1.501510574018127;0.10546896077040385;0.10574018126888217;0.10546876797055064
363;4883;3.0;3;0;0.0;1.5000011423083215;1.5013774104683195;0.843751642068216;0.8457300275482094;0.843750143763485
395;4883;3.0;3;0;0.0;1.5000011161573428;1.5012658227848101;0.4218758022380915;0.42278481012658226;0.4218750718812824
427;4883;3.0;3;0;0.0;1.500001093530746;1.5011709601873535;0.8437515719504451;0.8454332552693209;0.8437501437616447
459;4883;3.0;3;0;0.0;1.5000010737066154;1.5010893246187365;0.21093788586331205;0.2113289760348584;0.21093753594018114
491;4883;3.0;3;0;0.0;1.5000010561502168;1.5010183299389002;0.8437515182159312;0.845213849287169;0.8437501437598044
523;4883;3.0;3;0;0.0;1.5000010404568518;1.5009560229445507;0.4218757478283583;0.4225621414913958;0.4218750718794422
555;4883;3.0;3;0;0.0;1.5000010263144012;1.500900900900901;0.843751475326953;0.8450450450450451;0.8437501437579642
587;4883;3.0;3;0;0.0;1.500001013478205;1.5008517887563884;0.05273446605468249;0.05281090289608177;0.05273438398481525
619;4883;3.0;3;0;0.0;1.5000010017536296;1.5008077544426495;0.8437514400208409;0.8449111470113085;0.843750143756124
651;4883;3.0;3;0;0.0;1.5000009909838454;1.5007680491551458;0.42187571226963905;0.42242703533026116;0.421875071877602
683;4883;3.0;3;0;0.0;1.5000009810410044;1.500732064421669;0.8437514102464372;0.8448023426061494;0.8437501437542839
715;4883;3.0;3;0;0.0;1.5000009718197724;1.5006993006993008;0.21093784924773074;0.2111888111888112;0.21093753593834097
747;4883;3.0;3;0;0.0;1.500000963232575;1.500669344042838;0.84375138464682;0.8447121820615796;0.8437501437524438
779;4883;3.0;3;0;0.0;1.50000095520591;1.5006418485237485;0.4218756865542501;0.42233632862644416;0.4218750718757619
811;4883;3.0;3;0;0.0;1.5000009476776612;1.500616522811344;0.843751362286641;0.8446362515413071;0.8437501437506038
843;4882;3.0;3;0;0.0;1.5000009407670962;1.5005931198102016;0.10546891904408708;0.1055753262158956;0.1054687679723912
875;4882;3.0;3;0;0.0;1.5000009340830927;1.5005714285714287;0.8437513427444481;0.8445714285714285;0.8437501437782093
907;4882;3.0;3;0;0.0;1.5000009277601412;1.5005512679162072;0.4218756668276026;0.422271223814774;0.4218750718886445
939;4882;3.0;3;0;0.0;1.5000009217642694;1.5005324813631522;0.8437513250361348;0.8445154419595314;0.8437501437763686
971;4882;3.0;3;0;0.0;1.500000916065831;1.5005149330587024;0.21093782921115828;0.21112255406797117;0.21093753594386205
1003;4882;3.0;3;0;0.0;1.5000009106388517;1.5004985044865404;0.8437513090433486;0.8444666001994018;0.843750143774528
3;4883;2.0;2;0;0.0;1.500035038569859;1.6666666666666667;0.28126094955308084;0.3333333333333333;0.2812500312551821
19;4883;2.0;2;0;0.0;1.5000062932838114;1.5263157894736843;0.5625039333023854;0.5789473684210527;0.5625000625101642
35;4883;2.0;2;0;0.0;1.500003827144774;1.5142857142857142;0.14062559799137003;0.14285714285714285;0.14062501562749102
51;4883;2.0;2;0;0.0;1.5000029068882264;1.5098039215686274;0.5625018168051449;0.5686274509803921;0.562500062509764
67;4883;2.0;2;0;0.0;1.5000024250525839;1.507462686567164;0.28125075782893183;0.2835820895522388;0.281250031254782
83;4883;2.0;2;0;0.0;1.5000021281209985;1.5060240963855422;0.5625013300756234;0.5662650602409639;0.5625000625093639
99;4883;2.0;2;0;0.0;1.5000019264651234;1.505050505050505;0.07031265050508796;0.0707070707070707;0.07031250781364548
115;4883;2.0;2;0;0.0;1.5000017803358017;1.5043478260869565;0.5625011127098767;0.5652173913043478;0.5625000625089638
131;4883;2.0;2;0;0.0;1.5000016694025087;1.5038167938931297;0.2812505216882839;0.2824427480916031;0.28125003125438186
147;4883;2.0;2;0;0.0;1.5000015821854704;1.5034013605442176;0.5625009888659143;0.564625850340136;0.5625000625085637
163;4883;2.0;2;0;0.0;1.500001511711739;1.5030674846625767;0.1406252362049595;0.1411042944785276;0.1406250156270909
179;4883;2.0;2;0;0.0;1.5000014535010524;1.5027932960893855;0.5625009084381585;0.5642458100558659;0.5625000625081635
195;4883;2.0;2;0;0.0;1.50000140454316;1.5025641025641026;0.28125043891973966;0.28205128205128205;0.28125003125398174
211;4883;2.0;2;0;0.0;1.500001362740544;1.5023696682464456;0.5625008517128378;0.5639810426540285;0.5625000625077634
227;4883;2.0;2;0;0.0;1.500001326586733;1.502202643171806;0.005858875586221093;0.008792965627498001;1.0728842454458746e-06
243;4883;2.0;2;0;0.0;1.5000012949717703;1.5020576131687242;0.5625008093573589;0.5637860082304527;0.5625000625073634
259;4883;2.0;2;0;0.0;1.5000012670597287;1.501930501930502;0.2812503959561653;0.28185328185328185;0.28125003125358167
275;4883;2.0;2;0;0.0;1.5000012422090105;1.5018181818181817;0.5625007763806325;0.5636363636363636;0.5625000625069633
291;4883;2.0;2;0;0.0;1.5000012199189454;1.5017182130584192;0.14062519061233567;0.140893470790378;0.1406250156266908
307;4883;2.0;2;0;0.0;1.5000011997930642;1.501628664495114;0.562500749870669;0.5635179153094463;0.5625000625065631
323;4883;2.0;2;0;0.0;1.5000011815133074;1.501547987616099;0.2812503692229099;0.28173374613003094;0.2812500312531816
339;4883;2.0;2;0;0.0;1.5000011648215328;1.5014749262536873;0.5625007280134567;0.5634218289085545;0.5625000625061631
355;4883;2.0;2;0;0.0;1.500001149505993;1.5014084507042254;0.0703125898051557;0.07042253521126761;0.07031250781324538
371;4883;2.0;2;0;0.0;1.5000011353913791;1.5013477088948788;0.5625007096196116;0.5633423180592992;0.562500062505763
387;4883;2.0;2;0;0.0;1.5000011223312646;1.5012919896640826;0.28125035072851906;0.28165374677002586;0.2812500312527815
403;4883;2.0;2;0;0.0;1.5000011102023796;1.501240694789082;0.5625006938764886;0.5632754342431762;0.562500062505363
419;4883;2.0;2;0;0.0;1.5000010989002155;1.5011933174224343;0.14062517170315786;0.14081145584725538;0.14062501562629073
435;4883;2.0;2;0;0.0;1.5000010883355372;1.5011494252873563;0.5625006802097096;0.5632183908045977;0.5625000625049629
451;4883;2.0;2;0;0.0;1.5000010784317268;1.501108647450111;0.2812503370099152;0.28159645232815966;0.2812500312523814
467;4883;2.0;2;0;0.0;1.5000010691225962;1.5010706638115632;0.5625006682016234;0.563169164882227;0.5625000625045629
483;4883;2.0;2;0;0.0;1.5000010603506653;1.5010351966873705;0.035156291419947736;0.035196687370600416;0.035156253906522675
499;4883;2.0;2;0;0.0;1.5000010520657567;1.501002004008016;0.5625006575410997;0.56312625250501;0.5625000625041627
515;4883;2.0;2;0;0.0;1.5000010442239056;1.5009708737864078;0.2812503263199721;0.2815533980582524;0.2812500312519814
531;4883;2.0;2;0;0.0;1.5000010367863876;1.5009416195856873;0.5625006479914937;0.5630885122410546;0.5625000625037627
547;4883;2.0;2;0;0.0;1.5000010297189637;1.5009140767824498;0.14062516089358806;0.14076782449725778;0.14062501562589066
563;4883;2.0;2;0;0.0;1.5000010229912402;1.5008880994671403;0.5625006393695247;0.5630550621669627;0.5625000625033627
579;4883;2.0;2;0;0.0;1.5000010165761632;1.5008635578583764;0.2812503176800511;0.2815198618307427;0.2812500312515813
595;4883;2.0;2;0;0.0;1.5000010104495383;1.5008403361344538;0.5625006315309622;0.5630252100840336;0.5625000625029627
611;4883;2.0;2;0;0.0;1.5000010045896888;1.5008183306055647;0.07031257848356937;0.07037643207855974;0.07031250781284533
627;4883;2.0;2;0;0.0;1.5000009989771046;1.5007974481658692;0.5625006243606897;0.5629984051036683;0.5625000625025626
643;4883;2.0;2;0;0.0;1.5000009935941978;1.500777604976672;0.28125031049818666;0.28149300155520995;0.2812500312511813
659;4883;2.0;2;0;0.0;1.5000009884250645;1.5007587253414265;0.5625006177656637;0.5629742033383915;0.5625000625021626
675;4883;2.0;2;0;0.0;1.5000009834552752;1.5007407407407407;0.1406251536648878;0.14074074074074075;0.14062501562549065
691;4883;2.0;2;0;0.0;1.5000009786717288;1.5007235890014472;0.5625006116698319;0.5629522431259045;0.5625000625017625
707;4883;2.0;2;0;0.0;1.500000974062488;1.5007072135785007;0.28125030439452603;0.2814710042432815;0.2812500312507813
723;4883;2.0;2;0;0.0;1.5000009696166219;1.5006915629322268;0.5625006060103876;0.5629322268326418;0.5625000625013625
739;4883;2.0;2;0;0.0;1.500000965324159;1.5006765899864682;0.017578143853987635;0.017591339648173207;0.017578126953161327
755;4883;2.0;2;0;0.0;1.5000009611759582;1.5006622516556292;0.5625006007349718;0.5629139072847682;0.5625000625009625
771;4883;2.0;2;0;0.0;1.5000009571635933;1.5006485084306096;0.28125029911362337;0.2814526588845655;0.2812500312503812
787;4883;2.0;2;0;0.0;1.500000953279336;1.5006353240152477;0.5625005957995843;0.5628970775095299;0.5625000625005625
803;4883;2.0;2;0;0.0;1.500000949516038;1.5006226650062267;0.14062514836188048;0.14072229140722292;0.14062501562509064
819;4883;2.0;2;0;0.0;1.5000009458670989;1.5006105006105006;0.5625005911669377;0.5628815628815629;0.5625000625001625
835;4882;2.0;2;0;0.0;1.500000942498969;1.5005988023952095;0.28125029453092776;0.281437125748503;0.28125003125638254
851;4882;2.0;2;0;0.0;1.5000009390602056;1.500587544065805;0.5625005869126276;0.5628672150411281;0.562500062512565
867;4882;2.0;2;0;0.0;1.5000009357188118;1.5005767012687428;0.07031257310303204;0.07035755478662054;0.07031250781404562
883;4882;2.0;2;0;0.0;1.5000009324699206;1.5005662514156286;0.5625005827936974;0.5628539071347678;0.5625000625121649
899;4882;2.0;2;0;0.0;1.5000009293089718;1.5005561735261401;0.2812502904090532;0.2814238042269188;0.2812500312559824
915;4882;2.0;2;0;0.0;1.500000926231741;1.5005464480874318;0.5625005788948366;0.5628415300546448;0.5625000625117648
931;4882;2.0;2;0;0.0;1.5000009232342624;1.5005370569280343;0.1406251442553535;0.14070891514500536;0.14062501562789115
947;4882;2.0;2;0;0.0;1.5000009203128444;1.5005279831045406;0.5625005751955272;0.5628299894403379;0.5625000625113645
963;4882;2.0;2;0;0.0;1.5000009174640325;1.5005192107995846;0.28125028670751034;0.2814122533748702;0.28125003125558223
979;4882;2.0;2;0;0.0;1.5000009146845845;1.5005107252298264;0.5625005716778639;0.5628192032686414;0.5625000625109644
995;4882;2.0;2;0;0.0;1.5000009119714426;1.500502512562814;0.03515628562388459;0.035175879396984924;0.03515625390692277
1011;4882;2.0;2;0;0.0;1.5000009093217734;1.500494559841741;0.5625005683261116;0.5628090999010881;0.5625000625105643
5;4883;1.0;1;0;0.0;1.0;1.0;0.1875026731801744;0.2;0.18750001250206785
9;4883;1.0;1;0;0.0;1.0;1.0;0.7500061414662984;0.7777777777777778;0.7500000500082313
13;4883;1.0;1;0;0.0;1.0;1.0;0.3750021953949539;0.38461538461538464;0.3750000250040957
17;4883;1.0;1;0;0.0;1.0;1.0;0.7500034638141782;0.7647058823529411;0.7500000500081513
21;4883;1.0;1;0;0.0;1.0;1.0;0.04687518061587571;0.047619047619047616;0.04687500312550696
25;4883;1.0;1;0;0.0;1.0;1.0;0.7500024994627655;0.76;0.7500000500080714
29;4883;1.0;1;0;0.0;1.0;1.0;0.3750011083407916;0.3793103448275862;0.37500002500401564
33;4883;1.0;1;0;0.0;1.0;1.0;0.7500020023801441;0.7575757575757576;0.7500000500079913
37;4883;1.0;1;0;0.0;1.0;1.0;0.18750045858733236;0.1891891891891892;0.1875000125019878
41;4883;1.0;1;0;0.0;1.0;1.0;0.7500016990469982;0.7560975609756098;0.7500000500079113
45;4883;1.0;1;0;0.0;1.0;1.0;0.3750007938729902;0.37777777777777777;0.37500002500393564
49;4883;1.0;1;0;0.0;1.0;1.0;0.750001494568792;0.7551020408163265;0.7500000500078312
53;4883;1.0;1;0;0.0;1.0;1.0;0.09375017692653488;0.09433962264150944;0.0937500062509739
57;4883;1.0;1;0;0.0;1.0;1.0;0.7500013473250418;0.7543859649122807;0.7500000500077512
61;4883;1.0;1;0;0.0;1.0;1.0;0.3750006440649115;0.3770491803278688;0.3750000250038556
65;4883;1.0;1;0;0.0;1.0;1.0;0.7500012361852909;0.7538461538461538;0.7500000500076712
69;4883;1.0;1;0;0.0;1.0;1.0;0.18750029755767794;0.18840579710144928;0.1875000125019078
73;4883;1.0;1;0;0.0;1.0;1.0;0.7500011492816813;0.7534246575342466;0.7500000500075912
77;4883;1.0;1;0;0.0;1.0;1.0;0.3750005562791686;0.37662337662337664;0.37500002500377555
81;4883;1.0;1;0;0.0;1.0;1.0;0.7500010794348664;0.7530864197530864;0.7500000500075111
85;4883;1.0;1;0;0.0;1.0;1.0;0.01171876639692567;0.011764705882352941;0.011718750781366737
89;4883;1.0;1;0;0.0;1.0;1.0;0.7500010220467802;0.7528089887640449;0.7500000500074311
93;4883;1.0;1;0;0.0;1.0;1.0;0.37500049851023615;0.3763440860215054;0.37500002500369556
97;4883;1.0;1;0;0.0;1.0;1.0;0.7500009740362183;0.7525773195876289;0.750000050007351
101;4883;1.0;1;0;0.0;1.0;1.0;0.18750023821288964;0.18811881188118812;0.18750001250182777
105;4883;1.0;1;0;0.0;1.0;1.0;0.7500009332609785;0.7523809523809524;0.7500000500072711
109;4883;1.0;1;0;0.0;1.0;1.0;0.3750004575445616;0.3761467889908257;0.3750000250036155
113;4883;1.0;1;0;0.0;1.0;1.0;0.7500008981854676;0.7522123893805309;0.750000050007191
117;4883;1.0;1;0;0.0;1.0;1.0;0.09375011030250874;0.09401709401709402;0.09375000625089387
121;4883;1.0;1;0;0.0;1.0;1.0;0.7500008676801725;0.7520661157024794;0.750000050007111
125;4883;1.0;1;0;0.0;1.0;1.0;0.37500042693372376;0.376;0.3750000250035355
129;4883;1.0;1;0;0.0;1.0;1.0;0.7500008408957529;0.751937984496124;0.750000050007031
133;4883;1.0;1;0;0.0;1.0;1.0;0.18750020717233037;0.18796992481203006;0.18750001250174775
137;4883;1.0;1;0;0.0;1.0;1.0;0.7500008171812252;0.7518248175182481;0.7500000500069509
141;4883;1.0;1;0;0.0;1.0;1.0;0.37500040315606775;0.375886524822695;0.3750000250034555
145;4883;1.0;1;0;0.0;1.0;1.0;0.7500007960292644;0.7517241379310344;0.750000050006871
149;4883;1.0;1;0;0.0;1.0;1.0;0.04687504914284294;0.04697986577181208;0.04687500312542693
153;4883;1.0;1;0;0.0;1.0;1.0;0.7500007770386199;0.7516339869281046;0.7500000500067909
157;4883;1.0;1;0;0.0;1.0;1.0;0.3750003841253786;0.37579617834394907;0.3750000250033755
161;4883;1.0;1;0;0.0;1.0;1.0;0.7500007598877764;0.7515527950310559;0.7500000500067109
165;4883;1.0;1;0;0.0;1.0;1.0;0.18750018797971554;0.18787878787878787;0.18750001250166773
169;4883;1.0;1;0;0.0;1.0;1.0;0.7500007443161033;0.7514792899408284;0.7500000500066308
173;4883;1.0;1;0;0.0;1.0;1.0;0.3750003685270898;0.37572254335260113;0.37500002500329543
177;4883;1.0;1;0;0.0;1.0;1.0;0.7500007301100524;0.751412429378531;0.7500000500065509
181;4883;1.0;1;0;0.0;1.0;1.0;0.09375009043284031;0.09392265193370165;0.09375000625081385
185;4883;1.0;1;0;0.0;1.0;1.0;0.7500007170930069;0.7513513513513513;0.7500000500064709
189;4883;1.0;1;0;0.0;1.0;1.0;0.37500035549167354;0.37566137566137564;0.3750000250032154
193;4883;1.0;1;0;0.0;1.0;1.0;0.7500007051176304;0.7512953367875648;0.7500000500063908
197;4883;1.0;1;0;0.0;1.0;1.0;0.18750017487026568;0.18781725888324874;0.1875000125015877
201;4883;1.0;1;0;0.0;1.0;1.0;0.7500006940600221;0.7512437810945274;0.7500000500063108
205;4883;1.0;1;0;0.0;1.0;1.0;0.3750003444209749;0.375609756097561;0.3750000250031354
209;4883;1.0;1;0;0.0;1.0;1.0;0.7500006838152451;0.7511961722488039;0.7500000500062308
213;4883;1.0;1;0;0.0;1.0;1.0;0.023437521217786927;0.023474178403755867;0.02343750156269346
217;4883;1.0;1;0;0.0;1.0;1.0;0.7500006742938261;0.7511520737327189;0.7500000500061508
221;4883;1.0;1;0;0.0;1.0;1.0;0.37500033488997664;0.3755656108597285;0.37500002500305535
225;4883;1.0;1;0;0.0;1.0;1.0;0.7500006654190053;0.7511111111111111;0.7500000500060707
229;4883;1.0;1;0;0.0;1.0;1.0;0.18750016530075383;0.18777292576419213;0.1875000125015077
233;4883;1.0;1;0;0.0;1.0;1.0;0.7500006571245661;0.7510729613733905;0.7500000500059907
237;4883;1.0;1;0;0.0;1.0;1.0;0.37500032658836685;0.3755274261603376;0.37500002500297536
241;4883;1.0;1;0;0.0;1.0;1.0;0.7500006493530632;0.7510373443983402;0.7500000500059107
245;4883;1.0;1;0;0.0;1.0;1.0;0.09375008070593936;0.09387755102040816;0.09375000625073383
249;4883;1.0;1;0;0.0;1.0;1.0;0.7500006420544375;0.751004016064257;0.7500000500058307
253;4883;1.0;1;0;0.0;1.0;1.0;0.3750003192842679;0.37549407114624506;0.3750000250028953
257;4883;1.0;1;0;0.0;1.0;1.0;0.7500006351848458;0.7509727626459144;0.7500000500057507
261;4883;1.0;1;0;0.0;1.0;1.0;0.18750015797467712;0.18773946360153257;0.18750001250142767
265;4883;1.0;1;0;0.0;1.0;1.0;0.7500006287057437;0.7509433962264151;0.7500000500056706
269;4883;1.0;1;0;0.0;1.0;1.0;0.37500031280091467;0.3754646840148699;0.3750000250028153
273;4883;1.0;1;0;0.0;1.0;1.0;0.7500006225830874;0.7509157509157509;0.7500000500055907
277;4883;1.0;1;0;0.0;1.0;1.0;0.046875038727866504;0.04693140794223827;0.04687500312534691
281;4883;1.0;1;0;0.0;1.0;1.0;0.7500006167867089;0.7508896797153025;0.7500000500055106
285;4883;1.0;1;0;0.0;1.0;1.0;0.3750003070011869;0.37543859649122807;0.3750000250027353
289;4883;1.0;1;0;0.0;1.0;1.0;0.7500006112897831;0.7508650519031141;0.7500000500054306
293;4883;1.0;1;0;0.0;1.0;1.0;0.18750015216150615;0.18771331058020477;0.18750001250134765
297;4883;1.0;1;0;0.0;1.0;1.0;0.7500006060683506;0.7508417508417509;0.7500000500053505
301;4883;1.0;1;0;0.0;1.0;1.0;0.3750003017770799;0.3754152823920266;0.3750000250026553
305;4883;1.0;1;0;0.0;1.0;1.0;0.7500006011009799;0.7508196721311475;0.7500000500052706
309;4883;1.0;1;0;0.0;1.0;1.0;0.093750074838309;0.09385113268608414;0.09375000625065381
313;4883;1.0;1;0;0.0;1.0;1.0;0.7500005963684168;0.7507987220447284;0.7500000500051905
317;4883;1.0;1;0;0.0;1.0;1.0;0.3750002970423503;0.3753943217665615;0.3750000250025753
321;4883;1.0;1;0;0.0;1.0;1.0;0.7500005918533188;0.7507788161993769;0.7500000500051105
325;4883;1.0;1;0;0.0;1.0;1.0;0.18750014741809168;0.18769230769230769;0.18750001250126763
329;4883;1.0;1;0;0.0;1.0;1.0;0.750000587540036;0.7507598784194529;0.7500000500050306
333;4883;1.0;1;0;0.0;1.0;1.0;0.37500029272729746;0.37537537537537535;0.37500002500249524
337;4883;1.0;1;0;0.0;1.0;1.0;0.7500005834143934;0.7507418397626113;0.7500000500049505
341;4883;1.0;1;0;0.0;1.0;1.0;0.001953289797427963;0.002932551319648094;7.152559078349847e-07
345;4883;1.0;1;0;0.0;1.0;1.0;0.7500005794635258;0.7507246376811594;0.7500000500048705
349;4883;1.0;1;0;0.0;1.0;1.0;0.3750002887749671;0.3753581661891118;0.37500002500241525
353;4883;1.0;1;0;0.0;1.0;1.0;0.7500005756757336;0.7507082152974505;0.7500000500047904
357;4883;1.0;1;0;0.0;1.0;1.0;0.18750014345990582;0.1876750700280112;0.1875000125011876
361;4883;1.0;1;0;0.0;1.0;1.0;0.7500005720403544;0.7506925207756233;0.7500000500047105
365;4883;1.0;1;0;0.0;1.0;1.0;0.3750002851383687;0.37534246575342467;0.3750000250023352
369;4883;1.0;1;0;0.0;1.0;1.0;0.7500005685476392;0.7506775067750677;0.7500000500046304
373;4883;1.0;1;0;0.0;1.0;1.0;0.09375007085649542;0.0938337801608579;0.09375000625057381
377;4883;1.0;1;0;0.0;1.0;1.0;0.7500005651886669;0.7506631299734748;0.7500000500045504
381;4883;1.0;1;0;0.0;1.0;1.0;0.37500028177837613;0.3753280839895013;0.3750000250022552
385;4883;1.0;1;0;0.0;1.0;1.0;0.7500005619552605;0.7506493506493507;0.7500000500044705
389;4883;1.0;1;0;0.0;1.0;1.0;0.18750014009581695;0.18766066838046272;0.1875000125011076
393;4883;1.0;1;0;0.0;1.0;1.0;0.7500005588398937;0.7506361323155216;0.7500000500043904
397;4883;1.0;1;0;0.0;1.0;1.0;0.3750002786621449;0.37531486146095716;0.37500002500217516
401;4883;1.0;1;0;0.0;1.0;1.0;0.7500005558356468;0.7506234413965087;0.7500000500043104
405;4883;1.0;1;0;0.0;1.0;1.0;0.04687503464832373;0.04691358024691358;0.0468750031252669
409;4883;1.0;1;0;0.0;1.0;1.0;0.7500005529361391;0.7506112469437652;0.7500000500042303
413;4883;1.0;1;0;0.0;1.0;1.0;0.37500027576190137;0.37530266343825663;0.37500002500209517
417;4883;1.0;1;0;0.0;1.0;1.0;0.7500005501354765;0.750599520383693;0.7500000500041504
421;4883;1.0;1;0;0.0;1.0;1.0;0.18750013719262248;0.1876484560570071;0.18750001250102757
425;4883;1.0;1;0;0.0;1.0;1.0;0.7500005474281984;0.7505882352941177;0.7500000500040703
429;4883;1.0;1;0;0.0;1.0;1.0;0.3750002730539947;0.3752913752913753;0.3750000250020152
433;4883;1.0;1;0;0.0;1.0;1.0;0.7500005448092588;0.7505773672055427;0.7500000500039903
437;4883;1.0;1;0;0.0;1.0;1.0;0.09375006794142904;0.09382151029748284;0.09375000625049379
441;4883;1.0;1;0;0.0;1.0;1.0;0.7500005422739612;0.7505668934240363;0.7500000500039103
445;4883;1.0;1;0;0.0;1.0;1.0;0.37500027051815454;0.3752808988764045;0.37500002500193513
449;4883;1.0;1;0;0.0;1.0;1.0;0.7500005398179571;0.7505567928730512;0.7500000500038303
453;4883;1.0;1;0;0.0;1.0;1.0;0.18750013465460252;0.18763796909492272;0.18750001250094758
457;4883;1.0;1;0;0.0;1.0;1.0;0.7500005374371912;0.75054704595186;0.7500000500037503
461;4883;1.0;1;0;0.0;1.0;1.0;0.3750002681369161;0.3752711496746204;0.37500002500185514
465;4883;1.0;1;0;0.0;1.0;1.0;0.7500005351278813;0.7505376344086021;0.7500000500036703
469;4883;1.0;1;0;0.0;1.0;1.0;0.02343751668746592;0.023454157782515993;0.023437501562613445
473;4883;1.0;1;0;0.0;1.0;1.0;0.750000532886502;0.7505285412262156;0.7500000500035903
477;4883;1.0;1;0;0.0;1.0;1.0;0.3750002658951285;0.3752620545073375;0.37500002500177515
481;4883;1.0;1;0;0.0;1.0;1.0;0.750000530709778;0.7505197505197505;0.7500000500035102
485;4883;1.0;1;0;0.0;1.0;1.0;0.18750013241117125;0.18762886597938144;0.18750001250086756
489;4883;1.0;1;0;0.0;1.0;1.0;0.7500005285946187;0.7505112474437627;0.7500000500034303
493;4883;1.0;1;0;0.0;1.0;1.0;0.3750002637796105;0.3752535496957404;0.3750000250016951
497;4883;1.0;1;0;0.0;1.0;1.0;0.7500005265381473;0.7505030181086519;0.7500000500033502
501;4883;1.0;1;0;0.0;1.0;1.0;0.0937500656913839;0.09381237524950099;0.09375000625041378
505;4883;1.0;1;0;0.0;1.0;1.0;0.7500005245376669;0.7504950495049505;0.7500000500032702
509;4883;1.0;1;0;0.0;1.0;1.0;0.37500026177881135;0.37524557956778;0.3750000250016151
513;4883;1.0;1;0;0.0;1.0;1.0;0.7500005225906387;0.7504873294346979;0.7500000500031903
517;4883;1.0;1;0;0.0;1.0;1.0;0.1875001304091064;0.18762088974854932;0.18750001250078754
521;4883;1.0;1;0;0.0;1.0;1.0;0.7500005206946968;0.7504798464491362;0.7500000500031102
525;4883;1.0;1;0;0.0;1.0;1.0;0.3750002598825849;0.37523809523809526;0.3750000250015351
529;4883;1.0;1;0;0.0;1.0;1.0;0.7500005188475872;0.7504725897920604;0.7500000500030302
533;4883;1.0;1;0;0.0;1.0;1.0;0.04687503237135569;0.04690431519699812;0.04687500312518689
537;4883;1.0;1;0;0.0;1.0;1.0;0.7500005170472237;0.750465549348231;0.7500000500029502
541;4883;1.0;1;0;0.0;1.0;1.0;0.3750002580819711;0.3752310536044362;0.3750000250014551
545;4883;1.0;1;0;0.0;1.0;1.0;0.7500005152916133;0.7504587155963303;0.7500000500028702
549;4883;1.0;1;0;0.0;1.0;1.0;0.1875001286074999;0.18761384335154827;0.18750001250070755
553;4883;1.0;1;0;0.0;1.0;1.0;0.7500005135788871;0.7504520795660036;0.7500000500027901
557;4883;1.0;1;0;0.0;1.0;1.0;0.375000256369028;0.3752244165170557;0.3750000250013751
561;4883;1.0;1;0;0.0;1.0;1.0;0.7500005119072908;0.750445632798574;0.7500000500027102
565;4883;1.0;1;0;0.0;1.0;1.0;0.09375006388579876;0.09380530973451327;0.09375000625033376
569;4883;1.0;1;0;0.0;1.0;1.0;0.7500005102751536;0.7504393673110721;0.7500000500026301
573;4883;1.0;1;0;0.0;1.0;1.0;0.3750002547366933;0.37521815008726006;0.3750000250012951
577;4883;1.0;1;0;0.0;1.0;1.0;0.7500005086809006;0.7504332755632582;0.7500000500025501
581;4883;1.0;1;0;0.0;1.0;1.0;0.18750012697437857;0.18760757314974183;0.18750001250062753
585;4883;1.0;1;0;0.0;1.0;1.0;0.7500005071230458;0.7504273504273504;0.7500000500024702
589;4883;1.0;1;0;0.0;1.0;1.0;0.37500025317866215;0.37521222410865873;0.37500002500121504
593;4883;1.0;1;0;0.0;1.0;1.0;0.7500005056001792;0.7504215851602024;0.7500000500023901
597;4883;1.0;1;0;0.0;1.0;1.0;0.0117187578883038;0.011725293132328308;0.011718750781286721
601;4883;1.0;1;0;0.0;1.0;1.0;0.7500005041109608;0.7504159733777038;0.7500000500023101
605;4883;1.0;1;0;0.0;1.0;1.0;0.3750002516892874;0.3752066115702479;0.37500002500113505
609;4883;1.0;1;0;0.0;1.0;1.0;0.7500005026541356;0.7504105090311987;0.7500000500022301
613;4883;1.0;1;0;0.0;1.0;1.0;0.1875001254843713;0.18760195758564438;0.1875000125005475
617;4883;1.0;1;0;0.0;1.0;1.0;0.7500005012284883;0.7504051863857374;0.7500000500021501
621;4883;1.0;1;0;0.0;1.0;1.0;0.3750002502635007;0.3752012882447665;0.37500002500105506
625;4883;1.0;1;0;0.0;1.0;1.0;0.750000499832887;0.7504;0.75000005000207
629;4883;1.0;1;0;0.0;1.0;1.0;0.09375006239325112;0.09379968203497616;0.09375000625025376
633;4883;1.0;1;0;0.0;1.0;1.0;0.7500004984662425;0.7503949447077409;0.7500000500019901
637;4883;1.0;1;0;0.0;1.0;1.0;0.3750002488967279;0.3751962323390895;0.375000025000975
641;4883;1.0;1;0;0.0;1.0;1.0;0.750000497127527;0.750390015600624;0.7500000500019101
645;4883;1.0;1;0;0.0;1.0;1.0;0.18750012411708455;0.1875968992248062;0.18750001250046752
649;4883;1.0;1;0;0.0;1.0;1.0;0.7500004958157642;0.7503852080123267;0.7500000500018301
653;4883;1.0;1;0;0.0;1.0;1.0;0.3750002475848461;0.37519142419601836;0.375000025000895
657;4883;1.0;1;0;0.0;1.0;1.0;0.7500004945300108;0.7503805175038052;0.7500000500017501
661;4883;1.0;1;0;0.0;1.0;1.0;0.04687503086853823;0.046898638426626324;0.04687500312510688
665;4883;1.0;1;0;0.0;1.0;1.0;0.7500004932693823;0.750375939849624;0.75000005000167
669;4883;1.0;1;0;0.0;1.0;1.0;0.3750002463241112;0.375186846038864;0.37500002500081503
673;4883;1.0;1;0;0.0;1.0;1.0;0.7500004920330291;0.75037147102526;0.7500000500015901
677;4883;1.0;1;0;0.0;1.0;1.0;0.18750012285592627;0.18759231905465287;0.1875000125003875
681;4883;1.0;1;0;0.0;1.0;1.0;0.7500004908201479;0.750367107195301;0.75000005000151
685;4883;1.0;1;0;0.0;1.0;1.0;0.37500024511113056;0.37518248175182484;0.37500002500073504
689;4883;1.0;1;0;0.0;1.0;1.0;0.7500004896299541;0.7503628447024674;0.75000005000143
693;4883;1.0;1;0;0.0;1.0;1.0;0.09375006113039232;0.09379509379509379;0.09375000625017375
697;4883;1.0;1;0;0.0;1.0;1.0;0.7500004884617223;0.7503586800573888;0.7500000500013501
701;4883;1.0;1;0;0.0;1.0;1.0;0.37500024394281056;0.3751783166904422;0.375000025000655
705;4883;1.0;1;0;0.0;1.0;1.0;0.7500004873147468;0.750354609929078;0.75000005000127
709;4883;1.0;1;0;0.0;1.0;1.0;0.1875001216872534;0.18758815232722145;0.1875000125003075
713;4883;1.0;1;0;0.0;1.0;1.0;0.7500004861883466;0.7503506311360448;0.7500000500011901
717;4883;1.0;1;0;0.0;1.0;1.0;0.37500024281633065;0.37517433751743373;0.375000025000575
721;4883;1.0;1;0;0.0;1.0;1.0;0.7500004850818823;0.7503467406380028;0.75000005000111
725;4883;1.0;1;0;0.0;1.0;1.0;0.023437515141747956;0.023448275862068966;0.02343750156253344
729;4883;1.0;1;0;0.0;1.0;1.0;0.7500004839947394;0.7503429355281207;0.75000005000103
733;4883;1.0;1;0;0.0;1.0;1.0;0.37500024172911384;0.37517053206002726;0.375000025000495
737;4883;1.0;1;0;0.0;1.0;1.0;0.7500004829263244;0.7503392130257802;0.75000005000095
741;4883;1.0;1;0;0.0;1.0;1.0;0.18750012059974078;0.18758434547908232;0.1875000125002275
745;4883;1.0;1;0;0.0;1.0;1.0;0.7500004818760758;0.7503355704697987;0.75000005000087
749;4883;1.0;1;0;0.0;1.0;1.0;0.37500024067879456;0.3751668891855808;0.375000025000415
753;4883;1.0;1;0;0.0;1.0;1.0;0.7500004808434446;0.750332005312085;0.7500000500007901
757;4883;1.0;1;0;0.0;1.0;1.0;0.09375006004169674;0.09379128137384413;0.09375000625009375
761;4883;1.0;1;0;0.0;1.0;1.0;0.7500004798279168;0.7503285151116952;0.75000005000071
765;4883;1.0;1;0;0.0;1.0;1.0;0.37500023966320367;0.37516339869281046;0.375000025000335
769;4883;1.0;1;0;0.0;1.0;1.0;0.75000047882899;0.7503250975292588;0.75000005000063
773;4883;1.0;1;0;0.0;1.0;1.0;0.18750011958390067;0.18758085381630013;0.1875000125001475
777;4883;1.0;1;0;0.0;1.0;1.0;0.7500004778461892;0.7503217503217503;0.75000005000055
781;4883;1.0;1;0;0.0;1.0;1.0;0.37500023868034643;0.37516005121638923;0.375000025000255
785;4883;1.0;1;0;0.0;1.0;1.0;0.7500004768790578;0.7503184713375797;0.75000005000047
789;4883;1.0;1;0;0.0;1.0;1.0;0.04687502977507639;0.046894803548795945;0.046875003125026876
793;4883;1.0;1;0;0.0;1.0;1.0;0.7500004759271431;0.7503152585119798;0.75000005000039
797;4883;1.0;1;0;0.0;1.0;1.0;0.37500023772838226;0.3751568381430364;0.375000025000175
801;4883;1.0;1;0;0.0;1.0;1.0;0.75000047499003;0.7503121098626716;0.75000005000031
805;4883;1.0;1;0;0.0;1.0;1.0;0.18750011863172447;0.18757763975155278;0.1875000125000675
809;4883;1.0;1;0;0.0;1.0;1.0;0.7500004740673083;0.7503090234857849;0.75000005000023
813;4883;1.0;1;0;0.0;1.0;1.0;0.3750002368056105;0.3751537515375154;0.375000025000095
817;4883;1.0;1;0;0.0;1.0;1.0;0.7500004731585888;0.7503059975520195;0.75000005000015
821;4883;1.0;1;0;0.0;1.0;1.0;0.0937500590886701;0.09378806333739342;0.09375000625001376
825;4883;1.0;1;0;0.0;1.0;1.0;0.7500004722634905;0.7503030303030302;0.75000005000007
829;4883;1.0;1;0;0.0;1.0;1.0;0.37500023591046655;0.3751507840772014;0.375000025000015
833;4882;1.0;1;0;0.0;1.0;1.0;0.7500004714679592;0.7503001200480192;0.7500000500102321
837;4882;1.0;1;0;0.0;1.0;1.0;0.18750011775795253;0.1875746714456392;0.18750001250254802
841;4882;1.0;1;0;0.0;1.0;1.0;0.7500004705988469;0.7502972651605232;0.750000050010152
845;4882;1.0;1;0;0.0;1.0;1.0;0.37500023508451363;0.37514792899408284;0.375000025005056
849;4882;1.0;1;0;0.0;1.0;1.0;0.7500004697423097;0.7502944640753828;0.7500000500100721
853;4882;1.0;1;0;0.0;1.0;1.0;0.00585937866655199;0.005861664712778429;0.005859375390703375
857;4882;1.0;1;0;0.0;1.0;1.0;0.7500004688980204;0.750291715285881;0.750000050009992
861;4882;1.0;1;0;0.0;1.0;1.0;0.37500023424018447;0.37514518002322883;0.375000025004976
865;4882;1.0;1;0;0.0;1.0;1.0;0.7500004680656658;0.7502890173410405;0.750000050009912
869;4882;1.0;1;0;0.0;1.0;1.0;0.18750011691346777;0.18757192174913695;0.18750001250246798
873;4882;1.0;1;0;0.0;1.0;1.0;0.7500004672449432;0.7502863688430699;0.7500000500098319
877;4882;1.0;1;0;0.0;1.0;1.0;0.3750002334194276;0.3751425313568985;0.37500002500489593
881;4882;1.0;1;0;0.0;1.0;1.0;0.750000466435565;0.7502837684449489;0.7500000500097519
885;4882;1.0;1;0;0.0;1.0;1.0;0.09375005825438015;0.09378531073446328;0.09375000625121399
889;4882;1.0;1;0;0.0;1.0;1.0;0.7500004656372424;0.750281214848144;0.7500000500096718
893;4882;1.0;1;0;0.0;1.0;1.0;0.37500023262107324;0.3751399776035834;0.37500002500481594
897;4882;1.0;1;0;0.0;1.0;1.0;0.7500004648497164;0.750278706800446;0.7500000500095918
901;4882;1.0;1;0;0.0;1.0;1.0;0.187500116114978;0.18756936736958935;0.18750001250238796
905;4882;1.0;1;0;0.0;1.0;1.0;0.7500004640727075;0.7502762430939226;0.7500000500095118
909;4882;1.0;1;0;0.0;1.0;1.0;0.37500023184403536;0.37513751375137516;0.3750000250047359
913;4882;1.0;1;0;0.0;1.0;1.0;0.7500004633059774;0.7502738225629791;0.7500000500094318
917;4882;1.0;1;0;0.0;1.0;1.0;0.0468750289328991;0.04689203925845147;0.046875003125586984
921;4882;1.0;1;0;0.0;1.0;1.0;0.7500004625492717;0.750271444082519;0.7500000500093518
925;4882;1.0;1;0;0.0;1.0;1.0;0.3750002310873017;0.37513513513513513;0.37500002500465585
929;4882;1.0;1;0;0.0;1.0;1.0;0.7500004618023586;0.7502691065662002;0.7500000500092717
933;4882;1.0;1;0;0.0;1.0;1.0;0.1875001153581252;0.18756698821007503;0.18750001250230794
937;4882;1.0;1;0;0.0;1.0;1.0;0.7500004610650043;0.7502668089647813;0.7500000500091917
941;4882;1.0;1;0;0.0;1.0;1.0;0.37500023034992197;0.3751328374070138;0.37500002500457585
945;4882;1.0;1;0;0.0;1.0;1.0;0.750000460336992;0.7502645502645503;0.7500000500091116
949;4882;1.0;1;0;0.0;1.0;1.0;0.09375005749705248;0.09378292939936776;0.09375000625113396
953;4882;1.0;1;0;0.0;1.0;1.0;0.7500004596181067;0.7502623294858342;0.7500000500090316
957;4882;1.0;1;0;0.0;1.0;1.0;0.37500022963101115;0.37513061650992685;0.3750000250044958
961;4882;1.0;1;0;0.0;1.0;1.0;0.7500004589081384;0.7502601456815817;0.7500000500089516
965;4882;1.0;1;0;0.0;1.0;1.0;0.1875001146391092;0.18756476683937823;0.1875000125022279
969;4882;1.0;1;0;0.0;1.0;1.0;0.7500004582068883;0.7502579979360166;0.7500000500088716
973;4882;1.0;1;0;0.0;1.0;1.0;0.3750002289297365;0.3751284686536485;0.37500002500441576
977;4882;1.0;1;0;0.0;1.0;1.0;0.7500004575141633;0.7502558853633572;0.7500000500087916
981;4882;1.0;1;0;0.0;1.0;1.0;0.023437514286591785;0.023445463812436288;0.023437501562773487
985;4882;1.0;1;0;0.0;1.0;1.0;0.7500004568297706;0.750253807106599;0.7500000500087115
989;4882;1.0;1;0;0.0;1.0;1.0;0.3750002282453212;0.3751263902932255;0.37500002500433577
993;4882;1.0;1;0;0.0;1.0;1.0;0.7500004561535281;0.7502517623363545;0.7500000500086315
997;4882;1.0;1;0;0.0;1.0;1.0;0.18750011395460287;0.18756268806419257;0.18750001250214787
1001;4882;1.0;1;0;0.0;1.0;1.0;0.7500004554852673;0.7502497502497503;0.7500000500085514
1005;4882;1.0;1;0;0.0;1.0;1.0;0.375000227577035;0.37512437810945276;0.3750000250042557
1009;4882;1.0;1;0;0.0;1.0;1.0;0.7500004548248043;0.7502477700693756;0.7500000500084715
1013;4882;1.0;1;0;0.0;1.0;1.0;0.09375005681218097;0.09378084896347483;0.09375000625105392
1017;4882;1.0;1;0;0.0;1.0;1.0;0.7500004541719802;0.7502458210422812;0.7500000500083914
1021;4882;1.0;1;0;0.0;1.0;1.0;0.37500022692419077;0.3751224289911851;0.3750000250041757
1;4882;1.0;1;0;0.0;1.0;1.0;0.7500004535266338;0.7502439024390244;0.7500000500083114
