start;classe_mod_1024;steps_total;max_value;peak_step;max_debt;max_debt_step;first_surplus_step;first_descent_step;max_run_1;count_1;count_2;count_3;count_4_plus;ratio_1;ratio_2;ratio_3;ratio_4_plus;avg_v2;prefix_30;until_debt_peak;until_peak;until_descent;full_sequence
4637979;283;213;439600764977;71;16.532337551202076;71;98;98;8;122;61;11;19;0.5727699530516432;0.2863849765258216;0.051643192488262914;0.0892018779342723;1.6901408450704225;1,2,1,1,1,1,1,2,1,1,1,2,1,2,1,1,1,2,2,2,1,1,1,1,2,1,1,1,1,4;1,2,1,1,1,1,1,2,1,1,1,2,1,2,1,1,1,2,2,2,1,1,1,1,2,1,1,1,1,4,1,2,3,2,2,1,1,1,1,1,1,2,1,1,2,1,2,2,1,1,1,1,2,1,1,1,2,2,1,1,1,2,2,1,1,1,1,1,1,1,1;1,2,1,1,1,1,1,2,1,1,1,2,1,2,1,1,1,2,2,2,1,1,1,1,2,1,1,1,1,4,1,2,3,2,2,1,1,1,1,1,1,2,1,1,2,1,2,2,1,1,1,1,2,1,1,1,2,2,1,1,1,2,2,1,1,1,1,1,1,1,1;1,2,1,1,1,1,1,2,1,1,1,2,1,2,1,1,1,2,2,2,1,1,1,1,2,1,1,1,1,4,1,2,3,2,2,1,1,1,1,1,1,2,1,1,2,1,2,2,1,1,1,1,2,1,1,1,2,2,1,1,1,2,2,1,1,1,1,1,1,1,1,2,4,1,1,2,1,1,1,2,2,1,2,3,1,6,1,5,4,1,7,1,1,2,2,2,1,3;1,2,1,1,1,1,1,2,1,1,1,2,1,2,1,1,1,2,2,2,1,1,1,1,2,1,1,1,1,4,1,2,3,2,2,1,1,1,1,1,1,2,1,1,2,1,2,2,1,1,1,1,2,1,1,1,2,2,1,1,1,2,2,1,1,1,1,1,1,1,1,2,4,1,1,2,1,1,1,2,2,1,2,3,1,6,1,5,4,1,7,1,1,2,2,2,1,3,1,4,1,1,1,1,4,2,1,1,1,1,2,2,3,2,1,2,1,1,2,3,1,1,2,1,2,1,1,1,1,2,1,2,1,2,4,1,1,3,2,1,1,1,4,2,4,1,1,2,1,1,2,2,4,4,2,2,1,1,2,2,1,1,1,2,3,2,1,4,1,1,4,2,3,2,1,1,1,1,2,2,1,2,1,1,2,1,1,1,2,3,1,1,2,1,2,1,1,1,1,1,3,1,1,1,4,2,2,4,3,1,1,5,4
3873535;767;116;286185056525;55;16.17293753966358;55;78;78;8;66;25;14;11;0.5689655172413793;0.21551724137931033;0.1206896551724138;0.09482758620689655;1.7758620689655173;1,1,1,1,1,1,1,2,3,1,1,1,3,1,1,1,1,2,1,1,1,1,1,1,1,1,3,1,2,1;1,1,1,1,1,1,1,2,3,1,1,1,3,1,1,1,1,2,1,1,1,1,1,1,1,1,3,1,2,1,1,1,1,1,2,1,1,1,1,2,2,1,1,2,1,1,1,3,2,1,1,1,1,1,1;1,1,1,1,1,1,1,2,3,1,1,1,3,1,1,1,1,2,1,1,1,1,1,1,1,1,3,1,2,1,1,1,1,1,2,1,1,1,1,2,2,1,1,2,1,1,1,3,2,1,1,1,1,1,1;1,1,1,1,1,1,1,2,3,1,1,1,3,1,1,1,1,2,1,1,1,1,1,1,1,1,3,1,2,1,1,1,1,1,2,1,1,1,1,2,2,1,1,2,1,1,1,3,2,1,1,1,1,1,1,3,4,1,6,2,1,3,2,1,2,5,2,1,2,1,2,2,4,1,1,3,2,2;1,1,1,1,1,1,1,2,3,1,1,1,3,1,1,1,1,2,1,1,1,1,1,1,1,1,3,1,2,1,1,1,1,1,2,1,1,1,1,2,2,1,1,2,1,1,1,3,2,1,1,1,1,1,1,3,4,1,6,2,1,3,2,1,2,5,2,1,2,1,2,2,4,1,1,3,2,2,4,1,3,1,1,4,4,1,2,1,2,2,2,1,1,2,1,1,1,1,2,5,2,4,3,1,3,3,1,1,3,4,1,3,1,2,3,4
3041127;871;132;207572633873;36;16.05865002596162;36;62;62;17;74;36;12;10;0.5606060606060606;0.2727272727272727;0.09090909090909091;0.07575757575757576;1.75;1,1,2,1,1,1,1,1,1,2,1,1,1,1,2,1,1,1,1,1,1,1,1,1,1,1,1,1,1,1;1,1,2,1,1,1,1,1,1,2,1,1,1,1,2,1,1,1,1,1,1,1,1,1,1,1,1,1,1,1,1,1,2,2,1,1;1,1,2,1,1,1,1,1,1,2,1,1,1,1,2,1,1,1,1,1,1,1,1,1,1,1,1,1,1,1,1,1,2,2,1,1;1,1,2,1,1,1,1,1,1,2,1,1,1,1,2,1,1,1,1,1,1,1,1,1,1,1,1,1,1,1,1,1,2,2,1,1,2,3,3,5,1,1,1,2,1,1,2,2,2,3,2,2,3,2,2,1,2,1,6,3,1,6;1,1,2,1,1,1,1,1,1,2,1,1,1,1,2,1,1,1,1,1,1,1,1,1,1,1,1,1,1,1,1,1,2,2,1,1,2,3,3,5,1,1,1,2,1,1,2,2,2,3,2,2,3,2,2,1,2,1,6,3,1,6,1,1,2,1,2,2,2,3,1,1,1,1,3,1,2,3,2,1,4,2,5,2,2,2,1,1,6,2,2,1,1,3,1,1,1,2,2,1,2,1,1,2,1,1,1,2,3,1,1,2,1,2,1,1,1,1,1,3,1,1,1,4,2,2,4,3,1,1,5,4
3041391;111;137;142195824593;59;15.51278754254821;59;98;98;6;77;39;8;13;0.5620437956204379;0.2846715328467153;0.058394160583941604;0.0948905109489051;1.7445255474452555;1,1,1,2,1,2,1,1,2,1,1,1,1,1,1,2,1,2,1,1,2,1,2,2,1,2,2,1,1,2;1,1,1,2,1,2,1,1,2,1,1,1,1,1,1,2,1,2,1,1,2,1,2,2,1,2,2,1,1,2,1,2,1,1,1,1,1,1,2,1,1,1,2,1,1,2,2,2,1,1,1,2,1,1,1,2,1,1,1;1,1,1,2,1,2,1,1,2,1,1,1,1,1,1,2,1,2,1,1,2,1,2,2,1,2,2,1,1,2,1,2,1,1,1,1,1,1,2,1,1,1,2,1,1,2,2,2,1,1,1,2,1,1,1,2,1,1,1;1,1,1,2,1,2,1,1,2,1,1,1,1,1,1,2,1,2,1,1,2,1,2,2,1,2,2,1,1,2,1,2,1,1,1,1,1,1,2,1,1,1,2,1,1,2,2,2,1,1,1,2,1,1,1,2,1,1,1,2,3,1,3,4,5,1,5,1,2,1,1,1,2,1,1,1,2,1,1,3,2,1,3,1,1,2,1,4,1,1,3,2,4,1,1,1,4,3;1,1,1,2,1,2,1,1,2,1,1,1,1,1,1,2,1,2,1,1,2,1,2,2,1,2,2,1,1,2,1,2,1,1,1,1,1,1,2,1,1,1,2,1,1,2,2,2,1,1,1,2,1,1,1,2,1,1,1,2,3,1,3,4,5,1,5,1,2,1,1,1,2,1,1,1,2,1,1,3,2,1,3,1,1,2,1,4,1,1,3,2,4,1,1,1,4,3,2,5,1,1,1,2,6,1,5,3,1,1,2,2,1,1,2,1,4,2,1,2,1,2,2,2,1,1,1,6,1,2,2,4,1,1,2,3,4
4497567;159;143;207446920397;47;15.49323753389433;47;68;68;7;82;30;22;9;0.5734265734265734;0.2097902097902098;0.15384615384615385;0.06293706293706294;1.7412587412587412;1,1,1,1,2,1,1,1,1,3,1,1,1,2,1,1,1,1,1,2,1,1,1,1,1,1,1,2,1,1;1,1,1,1,2,1,1,1,1,3,1,1,1,2,1,1,1,1,1,2,1,1,1,1,1,1,1,2,1,1,1,1,3,3,1,2,1,1,1,1,1,1,1,2,1,1,1;1,1,1,1,2,1,1,1,1,3,1,1,1,2,1,1,1,1,1,2,1,1,1,1,1,1,1,2,1,1,1,1,3,3,1,2,1,1,1,1,1,1,1,2,1,1,1;1,1,1,1,2,1,1,1,1,3,1,1,1,2,1,1,1,1,1,2,1,1,1,1,1,1,1,2,1,1,1,1,3,3,1,2,1,1,1,1,1,1,1,2,1,1,1,3,3,3,3,3,3,3,3,3,3,1,2,3,1,1,1,1,1,4,1,3;1,1,1,1,2,1,1,1,1,3,1,1,1,2,1,1,1,1,1,2,1,1,1,1,1,1,1,2,1,1,1,1,3,3,1,2,1,1,1,1,1,1,1,2,1,1,1,3,3,3,3,3,3,3,3,3,3,1,2,3,1,1,1,1,1,4,1,3,1,1,1,2,2,2,2,1,5,2,2,1,7,1,1,3,1,2,1,3,2,2,1,1,1,2,1,4,2,3,2,4,2,2,1,1,3,1,1,1,2,2,1,2,1,1,2,1,1,1,2,3,1,1,2,1,2,1,1,1,1,1,3,1,1,1,4,2,2,4,3,1,1,5,4
4561691;795;131;207572633873;35;15.473687525240464;35;61;61;17;73;36;12;10;0.5572519083969466;0.2748091603053435;0.0916030534351145;0.07633587786259542;1.7557251908396947;1,2,1,1,1,1,1,1,2,1,1,1,1,2,1,1,1,1,1,1,1,1,1,1,1,1,1,1,1,1;1,2,1,1,1,1,1,1,2,1,1,1,1,2,1,1,1,1,1,1,1,1,1,1,1,1,1,1,1,1,1,2,2,1,1;1,2,1,1,1,1,1,1,2,1,1,1,1,2,1,1,1,1,1,1,1,1,1,1,1,1,1,1,1,1,1,2,2,1,1;1,2,1,1,1,1,1,1,2,1,1,1,1,2,1,1,1,1,1,1,1,1,1,1,1,1,1,1,1,1,1,2,2,1,1,2,3,3,5,1,1,1,2,1,1,2,2,2,3,2,2,3,2,2,1,2,1,6,3,1,6;1,2,1,1,1,1,1,1,2,1,1,1,1,2,1,1,1,1,1,1,1,1,1,1,1,1,1,1,1,1,1,2,2,1,1,2,3,3,5,1,1,1,2,1,1,2,2,2,3,2,2,3,2,2,1,2,1,6,3,1,6,1,1,2,1,2,2,2,3,1,1,1,1,3,1,2,3,2,1,4,2,5,2,2,2,1,1,6,2,2,1,1,3,1,1,1,2,2,1,2,1,1,2,1,1,1,2,3,1,1,2,1,2,1,1,1,1,1,3,1,1,1,4,2,2,4,3,1,1,5,4
2684647;743;146;117539270981;52;15.418050037500109;52;62;62;10;88;30;16;12;0.6027397260273972;0.2054794520547945;0.1095890410958904;0.0821917808219178;1.7328767123287672;1,1,2,1,1,2,1,2,1,1,1,1,1,1,1,1,1,2,1,3,1,1,1,1,1,2,1,1,1,1;1,1,2,1,1,2,1,2,1,1,1,1,1,1,1,1,1,2,1,3,1,1,1,1,1,2,1,1,1,1,1,1,3,1,4,1,2,1,2,1,1,1,1,1,1,1,1,1,1,2,1,1;1,1,2,1,1,2,1,2,1,1,1,1,1,1,1,1,1,2,1,3,1,1,1,1,1,2,1,1,1,1,1,1,3,1,4,1,2,1,2,1,1,1,1,1,1,1,1,1,1,2,1,1;1,1,2,1,1,2,1,2,1,1,1,1,1,1,1,1,1,2,1,3,1,1,1,1,1,2,1,1,1,1,1,1,3,1,4,1,2,1,2,1,1,1,1,1,1,1,1,1,1,2,1,1,4,3,1,1,3,2,4,2,9,3;1,1,2,1,1,2,1,2,1,1,1,1,1,1,1,1,1,2,1,3,1,1,1,1,1,2,1,1,1,1,1,1,3,1,4,1,2,1,2,1,1,1,1,1,1,1,1,1,1,2,1,1,4,3,1,1,3,2,4,2,9,3,1,2,2,1,2,1,1,1,1,3,1,3,3,5,1,3,2,1,1,2,1,1,2,1,4,1,4,2,2,1,1,2,3,3,1,2,1,1,3,1,1,3,1,2,6,1,1,1,1,2,2,1,2,1,1,2,1,1,1,2,3,1,1,2,1,2,1,1,1,1,1,3,1,1,1,4,2,2,4,3,1,1,5,4
3219199;767;137;140942996837;52;15.418050037500109;52;82;82;11;84;29;9;15;0.6131386861313869;0.2116788321167883;0.06569343065693431;0.10948905109489052;1.7445255474452555;1,1,1,1,1,1,1,2,1,1,1,1,1,2,1,1,1,1,2,1,1,1,1,1,1,1,1,1,1,1;1,1,1,1,1,1,1,2,1,1,1,1,1,2,1,1,1,1,2,1,1,1,1,1,1,1,1,1,1,1,2,4,2,1,1,2,1,1,2,1,3,2,1,1,1,2,1,2,1,1,1,1;1,1,1,1,1,1,1,2,1,1,1,1,1,2,1,1,1,1,2,1,1,1,1,1,1,1,1,1,1,1,2,4,2,1,1,2,1,1,2,1,3,2,1,1,1,2,1,2,1,1,1,1;1,1,1,1,1,1,1,2,1,1,1,1,1,2,1,1,1,1,2,1,1,1,1,1,1,1,1,1,1,1,2,4,2,1,1,2,1,1,2,1,3,2,1,1,1,2,1,2,1,1,1,1,4,1,4,2,4,2,2,1,2,1,1,2,1,1,1,1,3,1,1,1,2,2,6,1,3,1,4,1,2,5;1,1,1,1,1,1,1,2,1,1,1,1,1,2,1,1,1,1,2,1,1,1,1,1,1,1,1,1,1,1,2,4,2,1,1,2,1,1,2,1,3,2,1,1,1,2,1,2,1,1,1,1,4,1,4,2,4,2,2,1,2,1,1,2,1,1,1,1,3,1,1,1,2,2,6,1,3,1,4,1,2,5,3,1,1,1,1,1,2,4,3,6,1,4,8,2,1,1,3,1,1,1,2,2,1,2,1,1,2,1,1,1,2,3,1,1,2,1,2,1,1,1,1,1,3,1,1,1,4,2,2,4,3,1,1,5,4
3877023;159;128;150883444325;50;15.2481250360578;50;59;59;12;82;23;8;15;0.640625;0.1796875;0.0625;0.1171875;1.7578125;1,1,1,1,2,1,1,1,1,1,5,2,1,1,1,1,1,1,2,1,1,1,1,1,1,2,1,2,3,1;1,1,1,1,2,1,1,1,1,1,5,2,1,1,1,1,1,1,2,1,1,1,1,1,1,2,1,2,3,1,1,1,1,1,1,1,1,1,1,1,1,2,1,1,1,1,2,1,2,1;1,1,1,1,2,1,1,1,1,1,5,2,1,1,1,1,1,1,2,1,1,1,1,1,1,2,1,2,3,1,1,1,1,1,1,1,1,1,1,1,1,2,1,1,1,1,2,1,2,1;1,1,1,1,2,1,1,1,1,1,5,2,1,1,1,1,1,1,2,1,1,1,1,1,1,2,1,2,3,1,1,1,1,1,1,1,1,1,1,1,1,2,1,1,1,1,2,1,2,1,4,1,3,3,7,1,4,1,7;1,1,1,1,2,1,1,1,1,1,5,2,1,1,1,1,1,1,2,1,1,1,1,1,1,2,1,2,3,1,1,1,1,1,1,1,1,1,1,1,1,2,1,1,1,1,2,1,2,1,4,1,3,3,7,1,4,1,7,1,2,1,1,1,1,5,2,2,1,1,3,5,1,1,4,4,1,1,2,1,5,2,1,1,1,3,1,2,6,1,1,1,1,2,2,1,2,1,1,2,1,1,1,2,3,1,1,2,1,2,1,1,1,1,1,3,1,1,1,4,2,2,4,3,1,1,5,4
1212415;1023;119;46548912269;38;15.228575027403934;38;66;66;14;76;16;15;12;0.6386554621848739;0.13445378151260504;0.12605042016806722;0.10084033613445378;1.7563025210084033;1,1,1,1,1,1,1,1,1,1,1,1,1,1,2,1,2,1,3,1,1,1,1,1,1,1,1,1,1,3;1,1,1,1,1,1,1,1,1,1,1,1,1,1,2,1,2,1,3,1,1,1,1,1,1,1,1,1,1,3,1,1,1,1,1,1,2,1;1,1,1,1,1,1,1,1,1,1,1,1,1,1,2,1,2,1,3,1,1,1,1,1,1,1,1,1,1,3,1,1,1,1,1,1,2,1;1,1,1,1,1,1,1,1,1,1,1,1,1,1,2,1,2,1,3,1,1,1,1,1,1,1,1,1,1,3,1,1,1,1,1,1,2,1,3,5,3,3,1,2,2,4,2,1,1,1,3,3,1,1,1,2,1,1,1,3,2,3,1,1,5,3;1,1,1,1,1,1,1,1,1,1,1,1,1,1,2,1,2,1,3,1,1,1,1,1,1,1,1,1,1,3,1,1,1,1,1,1,2,1,3,5,3,3,1,2,2,4,2,1,1,1,3,3,1,1,1,2,1,1,1,3,2,3,1,1,5,3,3,1,1,1,1,1,1,1,4,3,1,1,1,2,1,6,1,2,5,1,4,6,1,1,2,1,1,1,2,3,1,1,2,1,2,1,1,1,1,1,3,1,1,1,4,2,2,4,3,1,1,5,4
3181803;235;149;117539270981;55;15.172937539663579;55;3;3;10;89;32;16;12;0.5973154362416108;0.21476510067114093;0.10738255033557047;0.08053691275167785;1.7315436241610738;1,2,2,1,1,2,1,1,2,1,2,1,1,1,1,1,1,1,1,1,2,1,3,1,1,1,1,1,2,1;1,2,2,1,1,2,1,1,2,1,2,1,1,1,1,1,1,1,1,1,2,1,3,1,1,1,1,1,2,1,1,1,1,1,1,3,1,4,1,2,1,2,1,1,1,1,1,1,1,1,1,1,2,1,1;1,2,2,1,1,2,1,1,2,1,2,1,1,1,1,1,1,1,1,1,2,1,3,1,1,1,1,1,2,1,1,1,1,1,1,3,1,4,1,2,1,2,1,1,1,1,1,1,1,1,1,1,2,1,1;1,2,2;1,2,2,1,1,2,1,1,2,1,2,1,1,1,1,1,1,1,1,1,2,1,3,1,1,1,1,1,2,1,1,1,1,1,1,3,1,4,1,2,1,2,1,1,1,1,1,1,1,1,1,1,2,1,1,4,3,1,1,3,2,4,2,9,3,1,2,2,1,2,1,1,1,1,3,1,3,3,5,1,3,2,1,1,2,1,1,2,1,4,1,4,2,2,1,1,2,3,3,1,2,1,1,3,1,1,3,1,2,6,1,1,1,1,2,2,1,2,1,1,2,1,1,1,2,3,1,1,2,1,2,1,1,1,1,1,3,1,1,1,4,2,2,4,3,1,1,5,4
159487;767;64;5734125917;31;15.13383752235584;31;45;45;12;39;10;8;7;0.609375;0.15625;0.125;0.109375;1.859375;1,1,1,1,1,1,1,2,1,1,2,1,1,1,1,1,1,1,1,1,1,1,1,2,1,1,1,1,1,1;1,1,1,1,1,1,1,2,1,1,2,1,1,1,1,1,1,1,1,1,1,1,1,2,1,1,1,1,1,1,1;1,1,1,1,1,1,1,2,1,1,2,1,1,1,1,1,1,1,1,1,1,1,1,2,1,1,1,1,1,1,1;1,1,1,1,1,1,1,2,1,1,2,1,1,1,1,1,1,1,1,1,1,1,1,2,1,1,1,1,1,1,1,3,1,4,6,4,1,2,2,3,2,1,3,3,9;1,1,1,1,1,1,1,2,1,1,2,1,1,1,1,1,1,1,1,1,1,1,1,2,1,1,1,1,1,1,1,3,1,4,6,4,1,2,2,3,2,1,3,3,9,1,1,5,2,1,1,3,2,3,1,2,1,4,1,3,1,2,3,4
1441407;639;134;50543191457;60;15.097750043269372;60;94;94;6;78;34;10;12;0.582089552238806;0.2537313432835821;0.07462686567164178;0.08955223880597014;1.7388059701492538;1,1,1,1,1,1,2,1,1,1,2,2,2,1,3,1,1,2,1,1,1,2,1,1,2,1,1,1,2,1;1,1,1,1,1,1,2,1,1,1,2,2,2,1,3,1,1,2,1,1,1,2,1,1,2,1,1,1,2,1,1,1,1,2,2,1,1,1,2,1,1,2,1,1,1,1,1,2,1,4,2,1,1,1,1,2,1,1,1,1;1,1,1,1,1,1,2,1,1,1,2,2,2,1,3,1,1,2,1,1,1,2,1,1,2,1,1,1,2,1,1,1,1,2,2,1,1,1,2,1,1,2,1,1,1,1,1,2,1,4,2,1,1,1,1,2,1,1,1,1;1,1,1,1,1,1,2,1,1,1,2,2,2,1,3,1,1,2,1,1,1,2,1,1,2,1,1,1,2,1,1,1,1,2,2,1,1,1,2,1,1,2,1,1,1,1,1,2,1,4,2,1,1,1,1,2,1,1,1,1,2,2,1,2,2,3,1,1,1,7,3,2,1,1,3,2,1,1,2,1,3,3,1,2,1,1,2,1,1,4,5,1,1,4;1,1,1,1,1,1,2,1,1,1,2,2,2,1,3,1,1,2,1,1,1,2,1,1,2,1,1,1,2,1,1,1,1,2,2,1,1,1,2,1,1,2,1,1,1,1,1,2,1,4,2,1,1,1,1,2,1,1,1,1,2,2,1,2,2,3,1,1,1,7,3,2,1,1,3,2,1,1,2,1,3,3,1,2,1,1,2,1,1,4,5,1,1,4,1,1,3,2,1,1,1,3,1,2,2,1,6,2,1,1,2,2,6,1,2,4,3,1,1,1,2,1,1,1,1,4,2,2,4,3,1,1,5,4
3579529;649;147;117539270981;53;15.00301253822127;53;1;1;10;88;31;16;12;0.5986394557823129;0.2108843537414966;0.10884353741496598;0.08163265306122448;1.7346938775510203;2,1,1,2,1,1,2,1,2,1,1,1,1,1,1,1,1,1,2,1,3,1,1,1,1,1,2,1,1,1;2,1,1,2,1,1,2,1,2,1,1,1,1,1,1,1,1,1,2,1,3,1,1,1,1,1,2,1,1,1,1,1,1,3,1,4,1,2,1,2,1,1,1,1,1,1,1,1,1,1,2,1,1;2,1,1,2,1,1,2,1,2,1,1,1,1,1,1,1,1,1,2,1,3,1,1,1,1,1,2,1,1,1,1,1,1,3,1,4,1,2,1,2,1,1,1,1,1,1,1,1,1,1,2,1,1;2;2,1,1,2,1,1,2,1,2,1,1,1,1,1,1,1,1,1,2,1,3,1,1,1,1,1,2,1,1,1,1,1,1,3,1,4,1,2,1,2,1,1,1,1,1,1,1,1,1,1,2,1,1,4,3,1,1,3,2,4,2,9,3,1,2,2,1,2,1,1,1,1,3,1,3,3,5,1,3,2,1,1,2,1,1,2,1,4,1,4,2,2,1,1,2,3,3,1,2,1,1,3,1,1,3,1,2,6,1,1,1,1,2,2,1,2,1,1,2,1,1,1,2,3,1,1,2,1,2,1,1,1,1,1,3,1,1,1,4,2,2,4,3,1,1,5,4
4292265;681;138;140942996837;53;15.00301253822127;53;1;1;11;84;30;9;15;0.6086956521739131;0.21739130434782608;0.06521739130434782;0.10869565217391304;1.7463768115942029;2,1,1,1,1,1,1,1,2,1,1,1,1,1,2,1,1,1,1,2,1,1,1,1,1,1,1,1,1,1;2,1,1,1,1,1,1,1,2,1,1,1,1,1,2,1,1,1,1,2,1,1,1,1,1,1,1,1,1,1,1,2,4,2,1,1,2,1,1,2,1,3,2,1,1,1,2,1,2,1,1,1,1;2,1,1,1,1,1,1,1,2,1,1,1,1,1,2,1,1,1,1,2,1,1,1,1,1,1,1,1,1,1,1,2,4,2,1,1,2,1,1,2,1,3,2,1,1,1,2,1,2,1,1,1,1;2;2,1,1,1,1,1,1,1,2,1,1,1,1,1,2,1,1,1,1,2,1,1,1,1,1,1,1,1,1,1,1,2,4,2,1,1,2,1,1,2,1,3,2,1,1,1,2,1,2,1,1,1,1,4,1,4,2,4,2,2,1,2,1,1,2,1,1,1,1,3,1,1,1,2,2,6,1,3,1,4,1,2,5,3,1,1,1,1,1,2,4,3,6,1,4,8,2,1,1,3,1,1,1,2,2,1,2,1,1,2,1,1,1,2,3,1,1,2,1,2,1,1,1,1,1,3,1,1,1,4,2,2,4,3,1,1,5,4
4562087;167;136;142195824593;58;14.927825041827049;58;97;97;6;76;39;8;13;0.5588235294117647;0.2867647058823529;0.058823529411764705;0.09558823529411764;1.75;1,1,2,1,2,1,1,2,1,1,1,1,1,1,2,1,2,1,1,2,1,2,2,1,2,2,1,1,2,1;1,1,2,1,2,1,1,2,1,1,1,1,1,1,2,1,2,1,1,2,1,2,2,1,2,2,1,1,2,1,2,1,1,1,1,1,1,2,1,1,1,2,1,1,2,2,2,1,1,1,2,1,1,1,2,1,1,1;1,1,2,1,2,1,1,2,1,1,1,1,1,1,2,1,2,1,1,2,1,2,2,1,2,2,1,1,2,1,2,1,1,1,1,1,1,2,1,1,1,2,1,1,2,2,2,1,1,1,2,1,1,1,2,1,1,1;1,1,2,1,2,1,1,2,1,1,1,1,1,1,2,1,2,1,1,2,1,2,2,1,2,2,1,1,2,1,2,1,1,1,1,1,1,2,1,1,1,2,1,1,2,2,2,1,1,1,2,1,1,1,2,1,1,1,2,3,1,3,4,5,1,5,1,2,1,1,1,2,1,1,1,2,1,1,3,2,1,3,1,1,2,1,4,1,1,3,2,4,1,1,1,4,3;1,1,2,1,2,1,1,2,1,1,1,1,1,1,2,1,2,1,1,2,1,2,2,1,2,2,1,1,2,1,2,1,1,1,1,1,1,2,1,1,1,2,1,1,2,2,2,1,1,1,2,1,1,1,2,1,1,1,2,3,1,3,4,5,1,5,1,2,1,1,1,2,1,1,1,2,1,1,3,2,1,3,1,1,2,1,4,1,1,3,2,4,1,1,1,4,3,2,5,1,1,1,2,6,1,5,3,1,1,2,2,1,1,2,1,4,2,1,2,1,2,2,2,1,1,1,6,1,2,2,4,1,1,2,3,4
270271;959;150;8216025965;87;14.891737562740587;87;103;103;7;91;34;13;12;0.6066666666666667;0.22666666666666666;0.08666666666666667;0.08;1.7066666666666668;1,1,1,1,1,2,1,3,1,1,3,1,1,1,1,1,2,1,1,1,1,1,1,1,3,1,1,2,1,2;1,1,1,1,1,2,1,3,1,1,3,1,1,1,1,1,2,1,1,1,1,1,1,1,3,1,1,2,1,2,1,1,1,2,1,1,1,1,4,1,1,2,1,1,1,2,3,1,1,1,1,2,1,3,2,2,1,2,2,1,1,2,1,1,1,2,1,2,1,1,1,2,5,2,1,1,1,1,1,1,2,1,1,2,1,1,1;1,1,1,1,1,2,1,3,1,1,3,1,1,1,1,1,2,1,1,1,1,1,1,1,3,1,1,2,1,2,1,1,1,2,1,1,1,1,4,1,1,2,1,1,1,2,3,1,1,1,1,2,1,3,2,2,1,2,2,1,1,2,1,1,1,2,1,2,1,1,1,2,5,2,1,1,1,1,1,1,2,1,1,2,1,1,1;1,1,1,1,1,2,1,3,1,1,3,1,1,1,1,1,2,1,1,1,1,1,1,1,3,1,1,2,1,2,1,1,1,2,1,1,1,1,4,1,1,2,1,1,1,2,3,1,1,1,1,2,1,3,2,2,1,2,2,1,1,2,1,1,1,2,1,2,1,1,1,2,5,2,1,1,1,1,1,1,2,1,1,2,1,1,1,3,2,1,1,3,1,6,2,2,2,1,3,4,2,5,9;1,1,1,1,1,2,1,3,1,1,3,1,1,1,1,1,2,1,1,1,1,1,1,1,3,1,1,2,1,2,1,1,1,2,1,1,1,1,4,1,1,2,1,1,1,2,3,1,1,1,1,2,1,3,2,2,1,2,2,1,1,2,1,1,1,2,1,2,1,1,1,2,5,2,1,1,1,1,1,1,2,1,1,2,1,1,1,3,2,1,1,3,1,6,2,2,2,1,3,4,2,5,9,2,3,1,4,1,1,2,2,3,1,1,1,1,4,1,2,1,1,2,1,1,1,2,3,1,1,2,1,2,1,1,1,1,1,3,1,1,1,4,2,2,4,3,1,1,5,4
4026971;603;145;117539270981;51;14.833087536778962;51;61;61;10;87;30;16;12;0.6;0.20689655172413793;0.1103448275862069;0.08275862068965517;1.7379310344827585;1,2,1,1,2,1,2,1,1,1,1,1,1,1,1,1,2,1,3,1,1,1,1,1,2,1,1,1,1,1;1,2,1,1,2,1,2,1,1,1,1,1,1,1,1,1,2,1,3,1,1,1,1,1,2,1,1,1,1,1,1,3,1,4,1,2,1,2,1,1,1,1,1,1,1,1,1,1,2,1,1;1,2,1,1,2,1,2,1,1,1,1,1,1,1,1,1,2,1,3,1,1,1,1,1,2,1,1,1,1,1,1,3,1,4,1,2,1,2,1,1,1,1,1,1,1,1,1,1,2,1,1;1,2,1,1,2,1,2,1,1,1,1,1,1,1,1,1,2,1,3,1,1,1,1,1,2,1,1,1,1,1,1,3,1,4,1,2,1,2,1,1,1,1,1,1,1,1,1,1,2,1,1,4,3,1,1,3,2,4,2,9,3;1,2,1,1,2,1,2,1,1,1,1,1,1,1,1,1,2,1,3,1,1,1,1,1,2,1,1,1,1,1,1,3,1,4,1,2,1,2,1,1,1,1,1,1,1,1,1,1,2,1,1,4,3,1,1,3,2,4,2,9,3,1,2,2,1,2,1,1,1,1,3,1,3,3,5,1,3,2,1,1,2,1,1,2,1,4,1,4,2,2,1,1,2,3,3,1,2,1,1,3,1,1,3,1,2,6,1,1,1,1,2,2,1,2,1,1,2,1,1,1,2,3,1,1,2,1,2,1,1,1,1,1,3,1,1,1,4,2,2,4,3,1,1,5,4
4828799;639;136;140942996837;51;14.833087536778962;51;81;81;11;83;29;9;15;0.6102941176470589;0.21323529411764705;0.0661764705882353;0.11029411764705882;1.75;1,1,1,1,1,1,2,1,1,1,1,1,2,1,1,1,1,2,1,1,1,1,1,1,1,1,1,1,1,2;1,1,1,1,1,1,2,1,1,1,1,1,2,1,1,1,1,2,1,1,1,1,1,1,1,1,1,1,1,2,4,2,1,1,2,1,1,2,1,3,2,1,1,1,2,1,2,1,1,1,1;1,1,1,1,1,1,2,1,1,1,1,1,2,1,1,1,1,2,1,1,1,1,1,1,1,1,1,1,1,2,4,2,1,1,2,1,1,2,1,3,2,1,1,1,2,1,2,1,1,1,1;1,1,1,1,1,1,2,1,1,1,1,1,2,1,1,1,1,2,1,1,1,1,1,1,1,1,1,1,1,2,4,2,1,1,2,1,1,2,1,3,2,1,1,1,2,1,2,1,1,1,1,4,1,4,2,4,2,2,1,2,1,1,2,1,1,1,1,3,1,1,1,2,2,6,1,3,1,4,1,2,5;1,1,1,1,1,1,2,1,1,1,1,1,2,1,1,1,1,2,1,1,1,1,1,1,1,1,1,1,1,2,4,2,1,1,2,1,1,2,1,3,2,1,1,1,2,1,2,1,1,1,1,4,1,4,2,4,2,2,1,2,1,1,2,1,1,1,1,3,1,1,1,2,2,6,1,3,1,4,1,2,5,3,1,1,1,1,1,2,4,3,6,1,4,8,2,1,1,3,1,1,1,2,2,1,2,1,1,2,1,1,1,2,3,1,1,2,1,2,1,1,1,1,1,3,1,1,1,4,2,2,4,3,1,1,5,4
1042431;1023;162;30079718549;92;14.816550066346366;92;107;107;10;104;27;18;13;0.6419753086419753;0.16666666666666666;0.1111111111111111;0.08024691358024691;1.7098765432098766;1,1,1,1,1,1,1,1,1,1,2,1,1,2,3,1,1,1,1,1,1,1,1,1,3,1,1,2,1,2;1,1,1,1,1,1,1,1,1,1,2,1,1,2,3,1,1,1,1,1,1,1,1,1,3,1,1,2,1,2,3,2,1,1,1,1,3,1,4,2,1,1,1,1,1,1,1,3,1,1,1,1,1,3,3,1,1,1,2,1,1,1,4,1,1,1,2,2,1,1,1,2,2,2,1,1,1,1,2,1,1,3,1,1,1,2,2,3,1,1,1,1;1,1,1,1,1,1,1,1,1,1,2,1,1,2,3,1,1,1,1,1,1,1,1,1,3,1,1,2,1,2,3,2,1,1,1,1,3,1,4,2,1,1,1,1,1,1,1,3,1,1,1,1,1,3,3,1,1,1,2,1,1,1,4,1,1,1,2,2,1,1,1,2,2,2,1,1,1,1,2,1,1,3,1,1,1,2,2,3,1,1,1,1;1,1,1,1,1,1,1,1,1,1,2,1,1,2,3,1,1,1,1,1,1,1,1,1,3,1,1,2,1,2,3,2,1,1,1,1,3,1,4,2,1,1,1,1,1,1,1,3,1,1,1,1,1,3,3,1,1,1,2,1,1,1,4,1,1,1,2,2,1,1,1,2,2,2,1,1,1,1,2,1,1,3,1,1,1,2,2,3,1,1,1,1,6,1,1,3,2,3,1,1,1,1,1,1,5,5,10;1,1,1,1,1,1,1,1,1,1,2,1,1,2,3,1,1,1,1,1,1,1,1,1,3,1,1,2,1,2,3,2,1,1,1,1,3,1,4,2,1,1,1,1,1,1,1,3,1,1,1,1,1,3,3,1,1,1,2,1,1,1,4,1,1,1,2,2,1,1,1,2,2,2,1,1,1,1,2,1,1,3,1,1,1,2,2,3,1,1,1,1,6,1,1,3,2,3,1,1,1,1,1,1,5,5,10,2,1,4,3,1,3,1,1,1,6,1,3,4,2,1,1,3,1,1,1,2,2,1,2,1,1,2,1,1,1,2,3,1,1,2,1,2,1,1,1,1,1,3,1,1,1,4,2,2,4,3,1,1,5,4
1616553;681;120;46548912269;39;14.813537528125089;39;1;1;14;76;17;15;12;0.6333333333333333;0.14166666666666666;0.125;0.1;1.7583333333333333;2,1,1,1,1,1,1,1,1,1,1,1,1,1,1,2,1,2,1,3,1,1,1,1,1,1,1,1,1,1;2,1,1,1,1,1,1,1,1,1,1,1,1,1,1,2,1,2,1,3,1,1,1,1,1,1,1,1,1,1,3,1,1,1,1,1,1,2,1;2,1,1,1,1,1,1,1,1,1,1,1,1,1,1,2,1,2,1,3,1,1,1,1,1,1,1,1,1,1,3,1,1,1,1,1,1,2,1;2;2,1,1,1,1,1,1,1,1,1,1,1,1,1,1,2,1,2,1,3,1,1,1,1,1,1,1,1,1,1,3,1,1,1,1,1,1,2,1,3,5,3,3,1,2,2,4,2,1,1,1,3,3,1,1,1,2,1,1,1,3,2,3,1,1,5,3,3,1,1,1,1,1,1,1,4,3,1,1,1,2,1,6,1,2,5,1,4,6,1,1,2,1,1,1,2,3,1,1,2,1,2,1,1,1,1,1,3,1,1,1,4,2,2,4,3,1,1,5,4
4064103;871;210;117026438465;39;14.813537528125089;39;91;91;17;125;48;22;15;0.5952380952380952;0.22857142857142856;0.10476190476190476;0.07142857142857142;1.6904761904761905;1,1,2,1,1,1,1,1,2,1,1,1,1,1,1,1,1,1,1,1,1,1,1,1,1,1,3,1,1,1;1,1,2,1,1,1,1,1,2,1,1,1,1,1,1,1,1,1,1,1,1,1,1,1,1,1,3,1,1,1,1,3,1,2,1,1,1,2,1;1,1,2,1,1,1,1,1,2,1,1,1,1,1,1,1,1,1,1,1,1,1,1,1,1,1,3,1,1,1,1,3,1,2,1,1,1,2,1;1,1,2,1,1,1,1,1,2,1,1,1,1,1,1,1,1,1,1,1,1,1,1,1,1,1,3,1,1,1,1,3,1,2,1,1,1,2,1,2,2,5,1,2,1,2,2,1,3,2,1,1,1,2,1,5,1,2,2,1,1,1,2,1,1,1,1,1,2,3,1,2,3,1,1,1,2,2,4,1,3,4,1,1,3,3,1,1,1,2,7;1,1,2,1,1,1,1,1,2,1,1,1,1,1,1,1,1,1,1,1,1,1,1,1,1,1,3,1,1,1,1,3,1,2,1,1,1,2,1,2,2,5,1,2,1,2,2,1,3,2,1,1,1,2,1,5,1,2,2,1,1,1,2,1,1,1,1,1,2,3,1,2,3,1,1,1,2,2,4,1,3,4,1,1,3,3,1,1,1,2,7,1,1,1,2,1,1,3,3,2,1,1,1,1,2,3,2,1,2,1,1,1,1,1,2,2,1,1,1,2,1,1,3,1,2,2,2,1,1,3,1,1,2,1,1,5,1,2,3,1,4,1,1,1,3,1,3,1,4,4,2,1,2,1,2,2,1,1,1,1,1,1,2,1,2,3,3,2,2,2,3,5,1,1,1,1,4,1,2,1,1,2,1,1,1,2,3,1,1,2,1,2,1,1,1,1,1,3,1,1,1,4,2,2,4,3,1,1,5,4
288615;871;143;8216025965;80;14.797000057692486;80;96;96;7;86;34;11;12;0.6013986013986014;0.23776223776223776;0.07692307692307693;0.08391608391608392;1.7132867132867133;1,1,2,1,1,1,1,1,1,2,1,1,1,1,1,1,1,3,1,1,2,1,2,1,1,1,2,1,1,1;1,1,2,1,1,1,1,1,1,2,1,1,1,1,1,1,1,3,1,1,2,1,2,1,1,1,2,1,1,1,1,4,1,1,2,1,1,1,2,3,1,1,1,1,2,1,3,2,2,1,2,2,1,1,2,1,1,1,2,1,2,1,1,1,2,5,2,1,1,1,1,1,1,2,1,1,2,1,1,1;1,1,2,1,1,1,1,1,1,2,1,1,1,1,1,1,1,3,1,1,2,1,2,1,1,1,2,1,1,1,1,4,1,1,2,1,1,1,2,3,1,1,1,1,2,1,3,2,2,1,2,2,1,1,2,1,1,1,2,1,2,1,1,1,2,5,2,1,1,1,1,1,1,2,1,1,2,1,1,1;1,1,2,1,1,1,1,1,1,2,1,1,1,1,1,1,1,3,1,1,2,1,2,1,1,1,2,1,1,1,1,4,1,1,2,1,1,1,2,3,1,1,1,1,2,1,3,2,2,1,2,2,1,1,2,1,1,1,2,1,2,1,1,1,2,5,2,1,1,1,1,1,1,2,1,1,2,1,1,1,3,2,1,1,3,1,6,2,2,2,1,3,4,2,5,9;1,1,2,1,1,1,1,1,1,2,1,1,1,1,1,1,1,3,1,1,2,1,2,1,1,1,2,1,1,1,1,4,1,1,2,1,1,1,2,3,1,1,1,1,2,1,3,2,2,1,2,2,1,1,2,1,1,1,2,1,2,1,1,1,2,5,2,1,1,1,1,1,1,2,1,1,2,1,1,1,3,2,1,1,3,1,6,2,2,2,1,3,4,2,5,9,2,3,1,4,1,1,2,2,3,1,1,1,1,4,1,2,1,1,2,1,1,1,2,3,1,1,2,1,2,1,1,1,1,1,3,1,1,1,4,2,2,4,3,1,1,5,4
1875711;767;135;51968116565;56;14.75790004038474;56;61;61;12;85;26;11;13;0.6296296296296297;0.1925925925925926;0.08148148148148149;0.0962962962962963;1.7407407407407407;1,1,1,1,1,1,1,2,1,1,1,1,1,1,3,1,3,1,2,3,3,1,1,1,2,4,2,1,1,1;1,1,1,1,1,1,1,2,1,1,1,1,1,1,3,1,3,1,2,3,3,1,1,1,2,4,2,1,1,1,1,1,1,1,1,1,1,1,1,2,1,2,1,1,1,1,1,1,1,2,1,1,1,1,1,1;1,1,1,1,1,1,1,2,1,1,1,1,1,1,3,1,3,1,2,3,3,1,1,1,2,4,2,1,1,1,1,1,1,1,1,1,1,1,1,2,1,2,1,1,1,1,1,1,1,2,1,1,1,1,1,1;1,1,1,1,1,1,1,2,1,1,1,1,1,1,3,1,3,1,2,3,3,1,1,1,2,4,2,1,1,1,1,1,1,1,1,1,1,1,1,2,1,2,1,1,1,1,1,1,1,2,1,1,1,1,1,1,9,1,2,4,7;1,1,1,1,1,1,1,2,1,1,1,1,1,1,3,1,3,1,2,3,3,1,1,1,2,4,2,1,1,1,1,1,1,1,1,1,1,1,1,2,1,2,1,1,1,1,1,1,1,2,1,1,1,1,1,1,9,1,2,4,7,3,1,1,1,2,2,2,1,1,1,3,1,3,1,1,2,2,1,1,2,3,1,1,1,1,1,5,2,2,2,1,1,1,2,4,2,4,1,7,1,4,1,2,1,1,2,1,1,1,2,3,1,1,2,1,2,1,1,1,1,1,3,1,1,1,4,2,2,4,3,1,1,5,4
3542887;871;217;98158530773;56;14.75790004038474;56;113;113;10;131;51;20;15;0.6036866359447005;0.2350230414746544;0.09216589861751152;0.06912442396313365;1.6866359447004609;1,1,2,1,1,1,1,1,1,1,1,2,1,2,1,1,1,1,1,1,1,1,1,1,3,1,4,1,1,2;1,1,2,1,1,1,1,1,1,1,1,2,1,2,1,1,1,1,1,1,1,1,1,1,3,1,4,1,1,2,1,1,1,2,1,1,1,1,2,1,1,1,1,1,3,1,2,1,2,2,1,2,1,1,2,1;1,1,2,1,1,1,1,1,1,1,1,2,1,2,1,1,1,1,1,1,1,1,1,1,3,1,4,1,1,2,1,1,1,2,1,1,1,1,2,1,1,1,1,1,3,1,2,1,2,2,1,2,1,1,2,1;1,1,2,1,1,1,1,1,1,1,1,2,1,2,1,1,1,1,1,1,1,1,1,1,3,1,4,1,1,2,1,1,1,2,1,1,1,1,2,1,1,1,1,1,3,1,2,1,2,2,1,2,1,1,2,1,7,4,1,2,1,1,3,1,1,1,3,6,1,1,1,2,1,2,1,1,2,1,2,4,1,1,2,3,1,3,1,1,2,3,1,1,1,1,2,1,2,2,2,1,1,3,1,1,1,2,1,2,2,2,2,2,7;1,1,2,1,1,1,1,1,1,1,1,2,1,2,1,1,1,1,1,1,1,1,1,1,3,1,4,1,1,2,1,1,1,2,1,1,1,1,2,1,1,1,1,1,3,1,2,1,2,2,1,2,1,1,2,1,7,4,1,2,1,1,3,1,1,1,3,6,1,1,1,2,1,2,1,1,2,1,2,4,1,1,2,3,1,3,1,1,2,3,1,1,1,1,2,1,2,2,2,1,1,3,1,1,1,2,1,2,2,2,2,2,7,2,1,1,2,1,2,2,1,1,1,1,1,1,2,1,1,1,3,1,2,1,2,2,4,1,1,1,5,1,1,5,1,1,3,1,1,4,2,1,1,3,2,1,1,1,1,1,1,4,1,2,2,1,1,1,1,1,2,2,4,2,1,1,2,2,1,1,3,3,1,3,1,1,1,1,1,3,1,3,2,1,1,1,3,3,1,1,1,1,1,1,1,2,2,7,3,2,2,4,1,1,2,3,4
212649;681;65;5734125917;32;14.718800023076994;32;1;1;12;39;11;8;7;0.6;0.16923076923076924;0.12307692307692308;0.1076923076923077;1.8615384615384616;2,1,1,1,1,1,1,1,2,1,1,2,1,1,1,1,1,1,1,1,1,1,1,1,2,1,1,1,1,1;2,1,1,1,1,1,1,1,2,1,1,2,1,1,1,1,1,1,1,1,1,1,1,1,2,1,1,1,1,1,1,1;2,1,1,1,1,1,1,1,2,1,1,2,1,1,1,1,1,1,1,1,1,1,1,1,2,1,1,1,1,1,1,1;2;2,1,1,1,1,1,1,1,2,1,1,2,1,1,1,1,1,1,1,1,1,1,1,1,2,1,1,1,1,1,1,1,3,1,4,6,4,1,2,2,3,2,1,3,3,9,1,1,5,2,1,1,3,2,3,1,2,1,4,1,3,1,2,3,4
704511;1023;86;18997161173;32;14.718800023076994;32;46;46;13;50;19;9;8;0.5813953488372093;0.22093023255813954;0.10465116279069768;0.09302325581395349;1.813953488372093;1,1,1,1,1,1,1,1,1,1,1,1,1,2,2,1,1,1,1,1,1,1,2,1,2,1,1,1,1,1;1,1,1,1,1,1,1,1,1,1,1,1,1,2,2,1,1,1,1,1,1,1,2,1,2,1,1,1,1,1,1,1;1,1,1,1,1,1,1,1,1,1,1,1,1,2,2,1,1,1,1,1,1,1,2,1,2,1,1,1,1,1,1,1;1,1,1,1,1,1,1,1,1,1,1,1,1,2,2,1,1,1,1,1,1,1,2,1,2,1,1,1,1,1,1,1,7,3,4,5,1,2,1,3,1,1,2,3,1,3;1,1,1,1,1,1,1,1,1,1,1,1,1,2,2,1,1,1,1,1,1,1,2,1,2,1,1,1,1,1,1,1,7,3,4,5,1,2,1,3,1,1,2,3,1,3,1,2,1,2,5,1,2,2,1,2,3,1,3,1,2,1,1,2,3,1,1,1,2,6,1,1,1,2,2,2,1,6,4,2,1,3,1,2,3,4
1126015;639;196;30079718549;126;14.705275090865655;126;141;141;10;127;32;22;15;0.6479591836734694;0.16326530612244897;0.11224489795918367;0.07653061224489796;1.6887755102040816;1,1,1,1,1,1,2,1,1,1,1,1,4,1,1,1,1,2,2,2,1,1,1,1,1,2,2,1,5,1;1,1,1,1,1,1,2,1,1,1,1,1,4,1,1,1,1,2,2,2,1,1,1,1,1,2,2,1,5,1,1,3,3,1,3,1,1,1,1,1,1,1,1,1,1,3,1,2,3,1,1,1,1,1,1,1,1,1,3,1,1,2,1,2,3,2,1,1,1,1,3,1,4,2,1,1,1,1,1,1,1,3,1,1,1,1,1,3,3,1,1,1,2,1,1,1,4,1,1,1,2,2,1,1,1,2,2,2,1,1,1,1,2,1,1,3,1,1,1,2,2,3,1,1,1,1;1,1,1,1,1,1,2,1,1,1,1,1,4,1,1,1,1,2,2,2,1,1,1,1,1,2,2,1,5,1,1,3,3,1,3,1,1,1,1,1,1,1,1,1,1,3,1,2,3,1,1,1,1,1,1,1,1,1,3,1,1,2,1,2,3,2,1,1,1,1,3,1,4,2,1,1,1,1,1,1,1,3,1,1,1,1,1,3,3,1,1,1,2,1,1,1,4,1,1,1,2,2,1,1,1,2,2,2,1,1,1,1,2,1,1,3,1,1,1,2,2,3,1,1,1,1;1,1,1,1,1,1,2,1,1,1,1,1,4,1,1,1,1,2,2,2,1,1,1,1,1,2,2,1,5,1,1,3,3,1,3,1,1,1,1,1,1,1,1,1,1,3,1,2,3,1,1,1,1,1,1,1,1,1,3,1,1,2,1,2,3,2,1,1,1,1,3,1,4,2,1,1,1,1,1,1,1,3,1,1,1,1,1,3,3,1,1,1,2,1,1,1,4,1,1,1,2,2,1,1,1,2,2,2,1,1,1,1,2,1,1,3,1,1,1,2,2,3,1,1,1,1,6,1,1,3,2,3,1,1,1,1,1,1,5,5,10;1,1,1,1,1,1,2,1,1,1,1,1,4,1,1,1,1,2,2,2,1,1,1,1,1,2,2,1,5,1,1,3,3,1,3,1,1,1,1,1,1,1,1,1,1,3,1,2,3,1,1,1,1,1,1,1,1,1,3,1,1,2,1,2,3,2,1,1,1,1,3,1,4,2,1,1,1,1,1,1,1,3,1,1,1,1,1,3,3,1,1,1,2,1,1,1,4,1,1,1,2,2,1,1,1,2,2,2,1,1,1,1,2,1,1,3,1,1,1,2,2,3,1,1,1,1,6,1,1,3,2,3,1,1,1,1,1,1,5,5,10,2,1,4,3,1,3,1,1,1,6,1,3,4,2,1,1,3,1,1,1,2,2,1,2,1,1,2,1,1,1,2,3,1,1,2,1,2,1,1,1,1,1,3,1,1,1,4,2,2,4,3,1,1,5,4
665215;639;163;17494428437;61;14.682712543990519;61;88;88;9;97;36;18;12;0.5950920245398773;0.22085889570552147;0.11042944785276074;0.0736196319018405;1.705521472392638;1,1,1,1,1,1,2,1,1,2,1,1,2,1,2,1,1,3,1,2,1,3,1,1,1,1,1,2,1,2;1,1,1,1,1,1,2,1,1,2,1,1,2,1,2,1,1,3,1,2,1,3,1,1,1,1,1,2,1,2,1,2,1,1,1,3,2,1,1,3,1,1,1,1,1,1,3,1,1,1,1,1,1,2,1,1,2,1,1,1,1;1,1,1,1,1,1,2,1,1,2,1,1,2,1,2,1,1,3,1,2,1,3,1,1,1,1,1,2,1,2,1,2,1,1,1,3,2,1,1,3,1,1,1,1,1,1,3,1,1,1,1,1,1,2,1,1,2,1,1,1,1;1,1,1,1,1,1,2,1,1,2,1,1,2,1,2,1,1,3,1,2,1,3,1,1,1,1,1,2,1,2,1,2,1,1,1,3,2,1,1,3,1,1,1,1,1,1,3,1,1,1,1,1,1,2,1,1,2,1,1,1,1,6,4,2,1,1,2,1,2,2,4,2,1,4,1,2,2,1,4,1,1,1,3,1,3,1,1,6;1,1,1,1,1,1,2,1,1,2,1,1,2,1,2,1,1,3,1,2,1,3,1,1,1,1,1,2,1,2,1,2,1,1,1,3,2,1,1,3,1,1,1,1,1,1,3,1,1,1,1,1,1,2,1,1,2,1,1,1,1,6,4,2,1,1,2,1,2,2,4,2,1,4,1,2,2,1,4,1,1,1,3,1,3,1,1,6,1,1,1,1,1,1,1,1,1,4,1,3,1,2,2,2,3,1,1,2,1,1,2,1,1,3,5,1,1,3,2,1,1,1,1,1,1,1,1,3,1,1,1,1,3,1,2,1,5,1,1,3,2,2,2,5,2,1,2,1,2,3,2,2,1,3,3,2,2,4,1,1,2,3,4
1988859;251;157;52304792741;61;14.682712543990519;61;85;85;12;95;33;14;15;0.6050955414012739;0.21019108280254778;0.08917197452229299;0.09554140127388536;1.7197452229299364;1,2,1,2,1,1,1,1,2,1,1,1,1,1,3,1,4,1,3,1,1,1,2,1,1,1,2,1,1,1;1,2,1,2,1,1,1,1,2,1,1,1,1,1,3,1,4,1,3,1,1,1,2,1,1,1,2,1,1,1,1,1,2,2,1,1,2,1,1,2,1,1,4,1,1,1,1,1,1,1,1,1,1,1,1,2,2,1,1,1,1;1,2,1,2,1,1,1,1,2,1,1,1,1,1,3,1,4,1,3,1,1,1,2,1,1,1,2,1,1,1,1,1,2,2,1,1,2,1,1,2,1,1,4,1,1,1,1,1,1,1,1,1,1,1,1,2,2,1,1,1,1;1,2,1,2,1,1,1,1,2,1,1,1,1,1,3,1,4,1,3,1,1,1,2,1,1,1,2,1,1,1,1,1,2,2,1,1,2,1,1,2,1,1,4,1,1,1,1,1,1,1,1,1,1,1,1,2,2,1,1,1,1,4,1,1,1,1,4,3,1,2,1,2,1,2,3,3,1,4,3,1,1,2,3,4,6;1,2,1,2,1,1,1,1,2,1,1,1,1,1,3,1,4,1,3,1,1,1,2,1,1,1,2,1,1,1,1,1,2,2,1,1,2,1,1,2,1,1,4,1,1,1,1,1,1,1,1,1,1,1,1,2,2,1,1,1,1,4,1,1,1,1,4,3,1,2,1,2,1,2,3,3,1,4,3,1,1,2,3,4,6,2,2,1,2,2,1,1,2,1,4,1,1,2,2,3,1,2,1,5,1,1,5,1,1,3,1,3,1,1,3,1,2,6,1,1,1,1,2,2,1,2,1,1,2,1,1,1,2,3,1,1,2,1,2,1,1,1,1,1,3,1,1,1,4,2,2,4,3,1,1,5,4
3732423;967;222;98158530773;61;14.682712543990519;61;5;5;10;133;54;20;15;0.5990990990990991;0.24324324324324326;0.09009009009009009;0.06756756756756757;1.6846846846846846;1,1,2,2,2,1,1,2,1,1,1,1,1,1,1,1,2,1,2,1,1,1,1,1,1,1,1,1,1,3;1,1,2,2,2,1,1,2,1,1,1,1,1,1,1,1,2,1,2,1,1,1,1,1,1,1,1,1,1,3,1,4,1,1,2,1,1,1,2,1,1,1,1,2,1,1,1,1,1,3,1,2,1,2,2,1,2,1,1,2,1;1,1,2,2,2,1,1,2,1,1,1,1,1,1,1,1,2,1,2,1,1,1,1,1,1,1,1,1,1,3,1,4,1,1,2,1,1,1,2,1,1,1,1,2,1,1,1,1,1,3,1,2,1,2,2,1,2,1,1,2,1;1,1,2,2,2;1,1,2,2,2,1,1,2,1,1,1,1,1,1,1,1,2,1,2,1,1,1,1,1,1,1,1,1,1,3,1,4,1,1,2,1,1,1,2,1,1,1,1,2,1,1,1,1,1,3,1,2,1,2,2,1,2,1,1,2,1,7,4,1,2,1,1,3,1,1,1,3,6,1,1,1,2,1,2,1,1,2,1,2,4,1,1,2,3,1,3,1,1,2,3,1,1,1,1,2,1,2,2,2,1,1,3,1,1,1,2,1,2,2,2,2,2,7,2,1,1,2,1,2,2,1,1,1,1,1,1,2,1,1,1,3,1,2,1,2,2,4,1,1,1,5,1,1,5,1,1,3,1,1,4,2,1,1,3,2,1,1,1,1,1,1,4,1,2,2,1,1,1,1,1,2,2,4,2,1,1,2,2,1,1,3,3,1,3,1,1,1,1,1,3,1,3,2,1,1,1,3,3,1,1,1,1,1,1,1,2,2,7,3,2,2,4,1,1,2,3,4
4530343;167;143;117539270981;49;14.663162535336653;49;58;58;10;86;29;16;12;0.6013986013986014;0.20279720279720279;0.11188811188811189;0.08391608391608392;1.7412587412587412;1,1,2,1,2,1,1,1,1,1,1,1,1,1,2,1,3,1,1,1,1,1,2,1,1,1,1,1,1,3;1,1,2,1,2,1,1,1,1,1,1,1,1,1,2,1,3,1,1,1,1,1,2,1,1,1,1,1,1,3,1,4,1,2,1,2,1,1,1,1,1,1,1,1,1,1,2,1,1;1,1,2,1,2,1,1,1,1,1,1,1,1,1,2,1,3,1,1,1,1,1,2,1,1,1,1,1,1,3,1,4,1,2,1,2,1,1,1,1,1,1,1,1,1,1,2,1,1;1,1,2,1,2,1,1,1,1,1,1,1,1,1,2,1,3,1,1,1,1,1,2,1,1,1,1,1,1,3,1,4,1,2,1,2,1,1,1,1,1,1,1,1,1,1,2,1,1,4,3,1,1,3,2,4,2,9;1,1,2,1,2,1,1,1,1,1,1,1,1,1,2,1,3,1,1,1,1,1,2,1,1,1,1,1,1,3,1,4,1,2,1,2,1,1,1,1,1,1,1,1,1,1,2,1,1,4,3,1,1,3,2,4,2,9,3,1,2,2,1,2,1,1,1,1,3,1,3,3,5,1,3,2,1,1,2,1,1,2,1,4,1,4,2,2,1,1,2,3,3,1,2,1,1,3,1,1,3,1,2,6,1,1,1,1,2,2,1,2,1,1,2,1,1,1,2,3,1,1,2,1,2,1,1,1,1,1,3,1,1,1,4,2,2,4,3,1,1,5,4
1818623;1023;118;46548912269;37;14.643612526682773;37;65;65;13;75;16;15;12;0.635593220338983;0.13559322033898305;0.1271186440677966;0.1016949152542373;1.7627118644067796;1,1,1,1,1,1,1,1,1,1,1,1,1,2,1,2,1,3,1,1,1,1,1,1,1,1,1,1,3,1;1,1,1,1,1,1,1,1,1,1,1,1,1,2,1,2,1,3,1,1,1,1,1,1,1,1,1,1,3,1,1,1,1,1,1,2,1;1,1,1,1,1,1,1,1,1,1,1,1,1,2,1,2,1,3,1,1,1,1,1,1,1,1,1,1,3,1,1,1,1,1,1,2,1;1,1,1,1,1,1,1,1,1,1,1,1,1,2,1,2,1,3,1,1,1,1,1,1,1,1,1,1,3,1,1,1,1,1,1,2,1,3,5,3,3,1,2,2,4,2,1,1,1,3,3,1,1,1,2,1,1,1,3,2,3,1,1,5,3;1,1,1,1,1,1,1,1,1,1,1,1,1,2,1,2,1,3,1,1,1,1,1,1,1,1,1,1,3,1,1,1,1,1,1,2,1,3,5,3,3,1,2,2,4,2,1,1,1,3,3,1,1,1,2,1,1,1,3,2,3,1,1,5,3,3,1,1,1,1,1,1,1,4,3,1,1,1,2,1,6,1,2,5,1,4,6,1,1,2,1,1,1,2,3,1,1,2,1,2,1,1,1,1,1,3,1,1,1,4,2,2,4,3,1,1,5,4
4772705;865;148;117539270981;54;14.587975038942432;54;1;1;10;88;32;16;12;0.5945945945945946;0.21621621621621623;0.10810810810810811;0.08108108108108109;1.7364864864864864;2,2,1,1,2,1,1,2,1,2,1,1,1,1,1,1,1,1,1,2,1,3,1,1,1,1,1,2,1,1;2,2,1,1,2,1,1,2,1,2,1,1,1,1,1,1,1,1,1,2,1,3,1,1,1,1,1,2,1,1,1,1,1,1,3,1,4,1,2,1,2,1,1,1,1,1,1,1,1,1,1,2,1,1;2,2,1,1,2,1,1,2,1,2,1,1,1,1,1,1,1,1,1,2,1,3,1,1,1,1,1,2,1,1,1,1,1,1,3,1,4,1,2,1,2,1,1,1,1,1,1,1,1,1,1,2,1,1;2;2,2,1,1,2,1,1,2,1,2,1,1,1,1,1,1,1,1,1,2,1,3,1,1,1,1,1,2,1,1,1,1,1,1,3,1,4,1,2,1,2,1,1,1,1,1,1,1,1,1,1,2,1,1,4,3,1,1,3,2,4,2,9,3,1,2,2,1,2,1,1,1,1,3,1,3,3,5,1,3,2,1,1,2,1,1,2,1,4,1,4,2,2,1,1,2,3,3,1,2,1,1,3,1,1,3,1,2,6,1,1,1,1,2,2,1,2,1,1,2,1,1,1,2,3,1,1,2,1,2,1,1,1,1,1,3,1,1,1,4,2,2,4,3,1,1,5,4
2643183;239;158;63486606161;83;14.551887559855942;83;115;115;10;92;37;17;12;0.5822784810126582;0.23417721518987342;0.10759493670886076;0.0759493670886076;1.7215189873417722;1,1,1,2,1,1,1,1,1,1,1,2,1,2,1,3,2,1,1,2,1,1,1,1,2,3,1,3,1,1;1,1,1,2,1,1,1,1,1,1,1,2,1,2,1,3,2,1,1,2,1,1,1,1,2,3,1,3,1,1,1,1,1,1,1,1,1,1,2,1,4,1,1,1,3,1,1,1,4,1,2,1,2,2,1,2,1,1,1,1,2,1,1,1,1,3,2,1,1,1,1,5,1,1,1,1,1,1,1,1,1,2,1;1,1,1,2,1,1,1,1,1,1,1,2,1,2,1,3,2,1,1,2,1,1,1,1,2,3,1,3,1,1,1,1,1,1,1,1,1,1,2,1,4,1,1,1,3,1,1,1,4,1,2,1,2,2,1,2,1,1,1,1,2,1,1,1,1,3,2,1,1,1,1,5,1,1,1,1,1,1,1,1,1,2,1;1,1,1,2,1,1,1,1,1,1,1,2,1,2,1,3,2,1,1,2,1,1,1,1,2,3,1,3,1,1,1,1,1,1,1,1,1,1,2,1,4,1,1,1,3,1,1,1,4,1,2,1,2,2,1,2,1,1,1,1,2,1,1,1,1,3,2,1,1,1,1,5,1,1,1,1,1,1,1,1,1,2,1,2,3,1,1,1,2,3,1,4,1,6,2,1,2,1,1,2,4,1,2,1,1,2,1,2,3,1,1,2,3,3,6;1,1,1,2,1,1,1,1,1,1,1,2,1,2,1,3,2,1,1,2,1,1,1,1,2,3,1,3,1,1,1,1,1,1,1,1,1,1,2,1,4,1,1,1,3,1,1,1,4,1,2,1,2,2,1,2,1,1,1,1,2,1,1,1,1,3,2,1,1,1,1,5,1,1,1,1,1,1,1,1,1,2,1,2,3,1,1,1,2,3,1,4,1,6,2,1,2,1,1,2,4,1,2,1,1,2,1,2,3,1,1,2,3,3,6,5,1,1,1,2,1,1,3,2,2,2,1,2,3,2,1,2,1,5,1,2,2,3,1,2,2,4,2,1,1,1,1,1,1,2,4,3,3,3,1,2,3,4
239231;639;63;5734125917;30;14.548875021634686;30;44;44;12;38;10;8;7;0.6031746031746031;0.15873015873015872;0.12698412698412698;0.1111111111111111;1.873015873015873;1,1,1,1,1,1,2,1,1,2,1,1,1,1,1,1,1,1,1,1,1,1,2,1,1,1,1,1,1,1;1,1,1,1,1,1,2,1,1,2,1,1,1,1,1,1,1,1,1,1,1,1,2,1,1,1,1,1,1,1;1,1,1,1,1,1,2,1,1,2,1,1,1,1,1,1,1,1,1,1,1,1,2,1,1,1,1,1,1,1;1,1,1,1,1,1,2,1,1,2,1,1,1,1,1,1,1,1,1,1,1,1,2,1,1,1,1,1,1,1,3,1,4,6,4,1,2,2,3,2,1,3,3,9;1,1,1,1,1,1,2,1,1,2,1,1,1,1,1,1,1,1,1,1,1,1,2,1,1,1,1,1,1,1,3,1,4,6,4,1,2,2,3,2,1,3,3,9,1,1,5,2,1,1,3,2,3,1,2,1,4,1,3,1,2,3,4
2162111;447;133;50543191457;59;14.51278754254821;59;93;93;5;77;34;10;12;0.5789473684210527;0.2556390977443609;0.07518796992481203;0.09022556390977443;1.744360902255639;1,1,1,1,1,2,1,1,1,2,2,2,1,3,1,1,2,1,1,1,2,1,1,2,1,1,1,2,1,1;1,1,1,1,1,2,1,1,1,2,2,2,1,3,1,1,2,1,1,1,2,1,1,2,1,1,1,2,1,1,1,1,2,2,1,1,1,2,1,1,2,1,1,1,1,1,2,1,4,2,1,1,1,1,2,1,1,1,1;1,1,1,1,1,2,1,1,1,2,2,2,1,3,1,1,2,1,1,1,2,1,1,2,1,1,1,2,1,1,1,1,2,2,1,1,1,2,1,1,2,1,1,1,1,1,2,1,4,2,1,1,1,1,2,1,1,1,1;1,1,1,1,1,2,1,1,1,2,2,2,1,3,1,1,2,1,1,1,2,1,1,2,1,1,1,2,1,1,1,1,2,2,1,1,1,2,1,1,2,1,1,1,1,1,2,1,4,2,1,1,1,1,2,1,1,1,1,2,2,1,2,2,3,1,1,1,7,3,2,1,1,3,2,1,1,2,1,3,3,1,2,1,1,2,1,1,4,5,1,1,4;1,1,1,1,1,2,1,1,1,2,2,2,1,3,1,1,2,1,1,1,2,1,1,2,1,1,1,2,1,1,1,1,2,2,1,1,1,2,1,1,2,1,1,1,1,1,2,1,4,2,1,1,1,1,2,1,1,1,1,2,2,1,2,2,3,1,1,1,7,3,2,1,1,3,2,1,1,2,1,3,3,1,2,1,1,2,1,1,4,5,1,1,4,1,1,3,2,1,1,1,3,1,2,2,1,6,2,1,1,2,2,6,1,2,4,3,1,1,1,2,1,1,1,1,4,2,2,4,3,1,1,5,4
2237467;27;155;52304792741;59;14.51278754254821;59;83;83;12;94;32;14;15;0.6064516129032258;0.2064516129032258;0.09032258064516129;0.0967741935483871;1.7225806451612904;1,2,1,1,1,1,2,1,1,1,1,1,3,1,4,1,3,1,1,1,2,1,1,1,2,1,1,1,1,1;1,2,1,1,1,1,2,1,1,1,1,1,3,1,4,1,3,1,1,1,2,1,1,1,2,1,1,1,1,1,2,2,1,1,2,1,1,2,1,1,4,1,1,1,1,1,1,1,1,1,1,1,1,2,2,1,1,1,1;1,2,1,1,1,1,2,1,1,1,1,1,3,1,4,1,3,1,1,1,2,1,1,1,2,1,1,1,1,1,2,2,1,1,2,1,1,2,1,1,4,1,1,1,1,1,1,1,1,1,1,1,1,2,2,1,1,1,1;1,2,1,1,1,1,2,1,1,1,1,1,3,1,4,1,3,1,1,1,2,1,1,1,2,1,1,1,1,1,2,2,1,1,2,1,1,2,1,1,4,1,1,1,1,1,1,1,1,1,1,1,1,2,2,1,1,1,1,4,1,1,1,1,4,3,1,2,1,2,1,2,3,3,1,4,3,1,1,2,3,4,6;1,2,1,1,1,1,2,1,1,1,1,1,3,1,4,1,3,1,1,1,2,1,1,1,2,1,1,1,1,1,2,2,1,1,2,1,1,2,1,1,4,1,1,1,1,1,1,1,1,1,1,1,1,2,2,1,1,1,1,4,1,1,1,1,4,3,1,2,1,2,1,2,3,3,1,4,3,1,1,2,3,4,6,2,2,1,2,2,1,1,2,1,4,1,1,2,2,3,1,2,1,5,1,1,5,1,1,3,1,3,1,1,3,1,2,6,1,1,1,1,2,2,1,2,1,1,2,1,1,1,2,3,1,1,2,1,2,1,1,1,1,1,3,1,1,1,4,2,2,4,3,1,1,5,4
360361;937;151;8216025965;88;14.476700063461749;88;1;1;7;91;35;13;12;0.6026490066225165;0.23178807947019867;0.08609271523178808;0.07947019867549669;1.7086092715231789;2,1,1,1,1,1,2,1,3,1,1,3,1,1,1,1,1,2,1,1,1,1,1,1,1,3,1,1,2,1;2,1,1,1,1,1,2,1,3,1,1,3,1,1,1,1,1,2,1,1,1,1,1,1,1,3,1,1,2,1,2,1,1,1,2,1,1,1,1,4,1,1,2,1,1,1,2,3,1,1,1,1,2,1,3,2,2,1,2,2,1,1,2,1,1,1,2,1,2,1,1,1,2,5,2,1,1,1,1,1,1,2,1,1,2,1,1,1;2,1,1,1,1,1,2,1,3,1,1,3,1,1,1,1,1,2,1,1,1,1,1,1,1,3,1,1,2,1,2,1,1,1,2,1,1,1,1,4,1,1,2,1,1,1,2,3,1,1,1,1,2,1,3,2,2,1,2,2,1,1,2,1,1,1,2,1,2,1,1,1,2,5,2,1,1,1,1,1,1,2,1,1,2,1,1,1;2;2,1,1,1,1,1,2,1,3,1,1,3,1,1,1,1,1,2,1,1,1,1,1,1,1,3,1,1,2,1,2,1,1,1,2,1,1,1,1,4,1,1,2,1,1,1,2,3,1,1,1,1,2,1,3,2,2,1,2,2,1,1,2,1,1,1,2,1,2,1,1,1,2,5,2,1,1,1,1,1,1,2,1,1,2,1,1,1,3,2,1,1,3,1,6,2,2,2,1,3,4,2,5,9,2,3,1,4,1,1,2,2,3,1,1,1,1,4,1,2,1,1,2,1,1,1,2,3,1,1,2,1,2,1,1,1,1,1,3,1,1,1,4,2,2,4,3,1,1,5,4
4000767;1023;80;87580804661;52;14.418050037500109;52;66;66;9;47;18;8;7;0.5875;0.225;0.1;0.0875;1.8625;1,1,1,1,1,1,1,1,1,2,3,1,2,1,2,1,1,1,2,1,2,1,1,1,1,2,1,2,1,2;1,1,1,1,1,1,1,1,1,2,3,1,2,1,2,1,1,1,2,1,2,1,1,1,1,2,1,2,1,2,2,2,1,1,1,1,2,1,1,1,1,2,1,1,1,1,3,1,1,1,1,1;1,1,1,1,1,1,1,1,1,2,3,1,2,1,2,1,1,1,2,1,2,1,1,1,1,2,1,2,1,2,2,2,1,1,1,1,2,1,1,1,1,2,1,1,1,1,3,1,1,1,1,1;1,1,1,1,1,1,1,1,1,2,3,1,2,1,2,1,1,1,2,1,2,1,1,1,1,2,1,2,1,2,2,2,1,1,1,1,2,1,1,1,1,2,1,1,1,1,3,1,1,1,1,1,5,6,1,1,2,1,4,1,3,3,3,2,3,8;1,1,1,1,1,1,1,1,1,2,3,1,2,1,2,1,1,1,2,1,2,1,1,1,1,2,1,2,1,2,2,2,1,1,1,1,2,1,1,1,1,2,1,1,1,1,3,1,1,1,1,1,5,6,1,1,2,1,4,1,3,3,3,2,3,8,1,1,2,3,2,1,2,9,6,1,1,2,3,4
376831;1023;120;8138196845;40;14.398500028846243;40;97;97;13;71;26;14;9;0.5916666666666667;0.21666666666666667;0.11666666666666667;0.075;1.7416666666666667;1,1,1,1,1,1,1,1,1,1,1,1,1,2,1,1,1,2,1,1,3,1,1,1,2,1,4,1,1,1;1,1,1,1,1,1,1,1,1,1,1,1,1,2,1,1,1,2,1,1,3,1,1,1,2,1,4,1,1,1,1,1,1,1,2,1,1,1,1,1;1,1,1,1,1,1,1,1,1,1,1,1,1,2,1,1,1,2,1,1,3,1,1,1,2,1,4,1,1,1,1,1,1,1,2,1,1,1,1,1;1,1,1,1,1,1,1,1,1,1,1,1,1,2,1,1,1,2,1,1,3,1,1,1,2,1,4,1,1,1,1,1,1,1,2,1,1,1,1,1,3,2,1,1,5,2,2,2,3,2,4,1,1,1,1,1,2,1,1,1,1,1,1,2,1,2,2,3,1,1,2,2,1,1,3,1,3,1,2,1,2,1,8,1,3,1,1,2,1,1,1,1,1,1,6,3,3;1,1,1,1,1,1,1,1,1,1,1,1,1,2,1,1,1,2,1,1,3,1,1,1,2,1,4,1,1,1,1,1,1,1,2,1,1,1,1,1,3,2,1,1,5,2,2,2,3,2,4,1,1,1,1,1,2,1,1,1,1,1,1,2,1,2,2,3,1,1,2,2,1,1,3,1,3,1,2,1,2,1,8,1,3,1,1,2,1,1,1,1,1,1,6,3,3,5,3,2,2,1,2,2,4,3,2,1,2,3,1,2,1,4,1,3,1,2,3,4
2517151;159;153;52304792741;57;14.342862541105902;57;81;81;12;93;31;14;15;0.6078431372549019;0.20261437908496732;0.0915032679738562;0.09803921568627451;1.7254901960784315;1,1,1,1,2,1,1,1,1,1,3,1,4,1,3,1,1,1,2,1,1,1,2,1,1,1,1,1,2,2;1,1,1,1,2,1,1,1,1,1,3,1,4,1,3,1,1,1,2,1,1,1,2,1,1,1,1,1,2,2,1,1,2,1,1,2,1,1,4,1,1,1,1,1,1,1,1,1,1,1,1,2,2,1,1,1,1;1,1,1,1,2,1,1,1,1,1,3,1,4,1,3,1,1,1,2,1,1,1,2,1,1,1,1,1,2,2,1,1,2,1,1,2,1,1,4,1,1,1,1,1,1,1,1,1,1,1,1,2,2,1,1,1,1;1,1,1,1,2,1,1,1,1,1,3,1,4,1,3,1,1,1,2,1,1,1,2,1,1,1,1,1,2,2,1,1,2,1,1,2,1,1,4,1,1,1,1,1,1,1,1,1,1,1,1,2,2,1,1,1,1,4,1,1,1,1,4,3,1,2,1,2,1,2,3,3,1,4,3,1,1,2,3,4,6;1,1,1,1,2,1,1,1,1,1,3,1,4,1,3,1,1,1,2,1,1,1,2,1,1,1,1,1,2,2,1,1,2,1,1,2,1,1,4,1,1,1,1,1,1,1,1,1,1,1,1,2,2,1,1,1,1,4,1,1,1,1,4,3,1,2,1,2,1,2,3,3,1,4,3,1,1,2,3,4,6,2,2,1,2,2,1,1,2,1,4,1,1,2,2,3,1,2,1,5,1,1,5,1,1,3,1,3,1,1,3,1,2,6,1,1,1,1,2,2,1,2,1,1,2,1,1,1,2,3,1,1,2,1,2,1,1,1,1,1,3,1,1,1,4,2,2,4,3,1,1,5,4
4723849;137;218;98158530773;57;14.342862541105902;57;1;1;10;131;52;20;15;0.6009174311926605;0.23853211009174313;0.09174311926605505;0.06880733944954129;1.688073394495413;2,1,1,2,1,1,1,1,1,1,1,1,2,1,2,1,1,1,1,1,1,1,1,1,1,3,1,4,1,1;2,1,1,2,1,1,1,1,1,1,1,1,2,1,2,1,1,1,1,1,1,1,1,1,1,3,1,4,1,1,2,1,1,1,2,1,1,1,1,2,1,1,1,1,1,3,1,2,1,2,2,1,2,1,1,2,1;2,1,1,2,1,1,1,1,1,1,1,1,2,1,2,1,1,1,1,1,1,1,1,1,1,3,1,4,1,1,2,1,1,1,2,1,1,1,1,2,1,1,1,1,1,3,1,2,1,2,2,1,2,1,1,2,1;2;2,1,1,2,1,1,1,1,1,1,1,1,2,1,2,1,1,1,1,1,1,1,1,1,1,3,1,4,1,1,2,1,1,1,2,1,1,1,1,2,1,1,1,1,1,3,1,2,1,2,2,1,2,1,1,2,1,7,4,1,2,1,1,3,1,1,1,3,6,1,1,1,2,1,2,1,1,2,1,2,4,1,1,2,3,1,3,1,1,2,3,1,1,1,1,2,1,2,2,2,1,1,3,1,1,1,2,1,2,2,2,2,2,7,2,1,1,2,1,2,2,1,1,1,1,1,1,2,1,1,1,3,1,2,1,2,2,4,1,1,1,5,1,1,5,1,1,3,1,1,4,2,1,1,3,2,1,1,1,1,1,1,4,1,2,2,1,1,1,1,1,2,2,4,2,1,1,2,2,1,1,3,3,1,3,1,1,1,1,1,3,1,3,2,1,1,1,3,3,1,1,1,1,1,1,1,2,2,7,3,2,2,4,1,1,2,3,4
405407;927;149;8216025965;86;14.306775062019426;86;102;102;7;90;34;13;12;0.6040268456375839;0.22818791946308725;0.087248322147651;0.08053691275167785;1.7114093959731544;1,1,1,1,2,1,3,1,1,3,1,1,1,1,1,2,1,1,1,1,1,1,1,3,1,1,2,1,2,1;1,1,1,1,2,1,3,1,1,3,1,1,1,1,1,2,1,1,1,1,1,1,1,3,1,1,2,1,2,1,1,1,2,1,1,1,1,4,1,1,2,1,1,1,2,3,1,1,1,1,2,1,3,2,2,1,2,2,1,1,2,1,1,1,2,1,2,1,1,1,2,5,2,1,1,1,1,1,1,2,1,1,2,1,1,1;1,1,1,1,2,1,3,1,1,3,1,1,1,1,1,2,1,1,1,1,1,1,1,3,1,1,2,1,2,1,1,1,2,1,1,1,1,4,1,1,2,1,1,1,2,3,1,1,1,1,2,1,3,2,2,1,2,2,1,1,2,1,1,1,2,1,2,1,1,1,2,5,2,1,1,1,1,1,1,2,1,1,2,1,1,1;1,1,1,1,2,1,3,1,1,3,1,1,1,1,1,2,1,1,1,1,1,1,1,3,1,1,2,1,2,1,1,1,2,1,1,1,1,4,1,1,2,1,1,1,2,3,1,1,1,1,2,1,3,2,2,1,2,2,1,1,2,1,1,1,2,1,2,1,1,1,2,5,2,1,1,1,1,1,1,2,1,1,2,1,1,1,3,2,1,1,3,1,6,2,2,2,1,3,4,2,5,9;1,1,1,1,2,1,3,1,1,3,1,1,1,1,1,2,1,1,1,1,1,1,1,3,1,1,2,1,2,1,1,1,2,1,1,1,1,4,1,1,2,1,1,1,2,3,1,1,1,1,2,1,3,2,2,1,2,2,1,1,2,1,1,1,2,1,2,1,1,1,2,5,2,1,1,1,1,1,1,2,1,1,2,1,1,1,3,2,1,1,3,1,6,2,2,2,1,3,4,2,5,9,2,3,1,4,1,1,2,2,3,1,1,1,1,4,1,2,1,1,2,1,1,1,2,3,1,1,2,1,2,1,1,1,1,1,3,1,1,1,4,2,2,4,3,1,1,5,4
1501353;169;197;30079718549;127;14.290237591586816;127;1;1;10;127;33;22;15;0.6446700507614214;0.16751269035532995;0.1116751269035533;0.07614213197969544;1.6903553299492386;2,1,1,1,1,1,1,2,1,1,1,1,1,4,1,1,1,1,2,2,2,1,1,1,1,1,2,2,1,5;2,1,1,1,1,1,1,2,1,1,1,1,1,4,1,1,1,1,2,2,2,1,1,1,1,1,2,2,1,5,1,1,3,3,1,3,1,1,1,1,1,1,1,1,1,1,3,1,2,3,1,1,1,1,1,1,1,1,1,3,1,1,2,1,2,3,2,1,1,1,1,3,1,4,2,1,1,1,1,1,1,1,3,1,1,1,1,1,3,3,1,1,1,2,1,1,1,4,1,1,1,2,2,1,1,1,2,2,2,1,1,1,1,2,1,1,3,1,1,1,2,2,3,1,1,1,1;2,1,1,1,1,1,1,2,1,1,1,1,1,4,1,1,1,1,2,2,2,1,1,1,1,1,2,2,1,5,1,1,3,3,1,3,1,1,1,1,1,1,1,1,1,1,3,1,2,3,1,1,1,1,1,1,1,1,1,3,1,1,2,1,2,3,2,1,1,1,1,3,1,4,2,1,1,1,1,1,1,1,3,1,1,1,1,1,3,3,1,1,1,2,1,1,1,4,1,1,1,2,2,1,1,1,2,2,2,1,1,1,1,2,1,1,3,1,1,1,2,2,3,1,1,1,1;2;2,1,1,1,1,1,1,2,1,1,1,1,1,4,1,1,1,1,2,2,2,1,1,1,1,1,2,2,1,5,1,1,3,3,1,3,1,1,1,1,1,1,1,1,1,1,3,1,2,3,1,1,1,1,1,1,1,1,1,3,1,1,2,1,2,3,2,1,1,1,1,3,1,4,2,1,1,1,1,1,1,1,3,1,1,1,1,1,3,3,1,1,1,2,1,1,1,4,1,1,1,2,2,1,1,1,2,2,2,1,1,1,1,2,1,1,3,1,1,1,2,2,3,1,1,1,1,6,1,1,3,2,3,1,1,1,1,1,1,5,5,10,2,1,4,3,1,3,1,1,1,6,1,3,4,2,1,1,3,1,1,1,2,2,1,2,1,1,2,1,1,1,2,3,1,1,2,1,2,1,1,1,1,1,3,1,1,1,4,2,2,4,3,1,1,5,4
886953;169;164;17494428437;62;14.26767504471168;62;1;1;9;97;37;18;12;0.5914634146341463;0.22560975609756098;0.10975609756097561;0.07317073170731707;1.7073170731707317;2,1,1,1,1,1,1,2,1,1,2,1,1,2,1,2,1,1,3,1,2,1,3,1,1,1,1,1,2,1;2,1,1,1,1,1,1,2,1,1,2,1,1,2,1,2,1,1,3,1,2,1,3,1,1,1,1,1,2,1,2,1,2,1,1,1,3,2,1,1,3,1,1,1,1,1,1,3,1,1,1,1,1,1,2,1,1,2,1,1,1,1;2,1,1,1,1,1,1,2,1,1,2,1,1,2,1,2,1,1,3,1,2,1,3,1,1,1,1,1,2,1,2,1,2,1,1,1,3,2,1,1,3,1,1,1,1,1,1,3,1,1,1,1,1,1,2,1,1,2,1,1,1,1;2;2,1,1,1,1,1,1,2,1,1,2,1,1,2,1,2,1,1,3,1,2,1,3,1,1,1,1,1,2,1,2,1,2,1,1,1,3,2,1,1,3,1,1,1,1,1,1,3,1,1,1,1,1,1,2,1,1,2,1,1,1,1,6,4,2,1,1,2,1,2,2,4,2,1,4,1,2,2,1,4,1,1,1,3,1,3,1,1,6,1,1,1,1,1,1,1,1,1,4,1,3,1,2,2,2,3,1,1,2,1,1,2,1,1,3,5,1,1,3,2,1,1,1,1,1,1,1,1,3,1,1,1,1,3,1,2,1,5,1,1,3,2,2,2,5,2,1,2,1,2,3,2,2,1,3,3,2,2,4,1,1,2,3,4
2471679;767;165;48095597285;50;14.2481250360578;50;93;93;13;97;36;21;11;0.5878787878787879;0.21818181818181817;0.12727272727272726;0.06666666666666667;1.715151515151515;1,1,1,1,1,1,1,2,1,2,3,1,1,1,1,3,1,2,1,1,1,2,1,1,1,1,1,1,1,1;1,1,1,1,1,1,1,2,1,2,3,1,1,1,1,3,1,2,1,1,1,2,1,1,1,1,1,1,1,1,1,1,1,1,1,5,1,1,1,2,1,2,1,1,1,2,1,1,1,1;1,1,1,1,1,1,1,2,1,2,3,1,1,1,1,3,1,2,1,1,1,2,1,1,1,1,1,1,1,1,1,1,1,1,1,5,1,1,1,2,1,2,1,1,1,2,1,1,1,1;1,1,1,1,1,1,1,2,1,2,3,1,1,1,1,3,1,2,1,1,1,2,1,1,1,1,1,1,1,1,1,1,1,1,1,5,1,1,1,2,1,2,1,1,1,2,1,1,1,1,4,1,2,3,1,1,1,1,2,1,2,5,1,1,1,3,1,1,2,1,2,3,2,1,3,1,3,4,3,2,2,1,1,1,1,1,5,1,1,3,2,1,6;1,1,1,1,1,1,1,2,1,2,3,1,1,1,1,3,1,2,1,1,1,2,1,1,1,1,1,1,1,1,1,1,1,1,1,5,1,1,1,2,1,2,1,1,1,2,1,1,1,1,4,1,2,3,1,1,1,1,2,1,2,5,1,1,1,3,1,1,2,1,2,3,2,1,3,1,3,4,3,2,2,1,1,1,1,1,5,1,1,3,2,1,6,1,1,2,1,5,3,3,1,3,3,2,1,2,2,1,2,1,1,1,1,1,1,1,1,1,1,2,3,1,1,1,1,1,2,1,1,3,2,2,2,1,2,3,2,1,2,1,5,1,2,2,3,1,2,2,4,2,1,1,1,1,1,1,2,4,3,3,3,1,2,3,4
1563647;1023;161;30079718549;91;14.231587565625205;91;106;106;9;103;27;18;13;0.639751552795031;0.16770186335403728;0.11180124223602485;0.08074534161490683;1.7142857142857142;1,1,1,1,1,1,1,1,1,2,1,1,2,3,1,1,1,1,1,1,1,1,1,3,1,1,2,1,2,3;1,1,1,1,1,1,1,1,1,2,1,1,2,3,1,1,1,1,1,1,1,1,1,3,1,1,2,1,2,3,2,1,1,1,1,3,1,4,2,1,1,1,1,1,1,1,3,1,1,1,1,1,3,3,1,1,1,2,1,1,1,4,1,1,1,2,2,1,1,1,2,2,2,1,1,1,1,2,1,1,3,1,1,1,2,2,3,1,1,1,1;1,1,1,1,1,1,1,1,1,2,1,1,2,3,1,1,1,1,1,1,1,1,1,3,1,1,2,1,2,3,2,1,1,1,1,3,1,4,2,1,1,1,1,1,1,1,3,1,1,1,1,1,3,3,1,1,1,2,1,1,1,4,1,1,1,2,2,1,1,1,2,2,2,1,1,1,1,2,1,1,3,1,1,1,2,2,3,1,1,1,1;1,1,1,1,1,1,1,1,1,2,1,1,2,3,1,1,1,1,1,1,1,1,1,3,1,1,2,1,2,3,2,1,1,1,1,3,1,4,2,1,1,1,1,1,1,1,3,1,1,1,1,1,3,3,1,1,1,2,1,1,1,4,1,1,1,2,2,1,1,1,2,2,2,1,1,1,1,2,1,1,3,1,1,1,2,2,3,1,1,1,1,6,1,1,3,2,3,1,1,1,1,1,1,5,5,10;1,1,1,1,1,1,1,1,1,2,1,1,2,3,1,1,1,1,1,1,1,1,1,3,1,1,2,1,2,3,2,1,1,1,1,3,1,4,2,1,1,1,1,1,1,1,3,1,1,1,1,1,3,3,1,1,1,2,1,1,1,4,1,1,1,2,2,1,1,1,2,2,2,1,1,1,1,2,1,1,3,1,1,1,2,2,3,1,1,1,1,6,1,1,3,2,3,1,1,1,1,1,1,5,5,10,2,1,4,3,1,3,1,1,1,6,1,3,4,2,1,1,3,1,1,1,2,2,1,2,1,1,2,1,1,1,2,3,1,1,2,1,2,1,1,1,1,1,3,1,1,1,4,2,2,4,3,1,1,5,4
2022639;239;121;38828142341;38;14.228575027403934;38;87;87;16;72;23;17;9;0.5950413223140496;0.19008264462809918;0.14049586776859505;0.0743801652892562;1.7603305785123966;1,1,1,2,1,1,1,1,1,3,3,1,1,1,1,2,1,1,1,2,1,2,1,1,1,1,1,1,1,1;1,1,1,2,1,1,1,1,1,3,3,1,1,1,1,2,1,1,1,2,1,2,1,1,1,1,1,1,1,1,1,1,1,1,1,1,1,1;1,1,1,2,1,1,1,1,1,3,3,1,1,1,1,2,1,1,1,2,1,2,1,1,1,1,1,1,1,1,1,1,1,1,1,1,1,1;1,1,1,2,1,1,1,1,1,3,3,1,1,1,1,2,1,1,1,2,1,2,1,1,1,1,1,1,1,1,1,1,1,1,1,1,1,1,4,2,3,1,2,1,1,3,1,2,1,1,1,2,5,1,1,1,1,2,1,1,1,3,1,1,1,1,3,6,1,2,1,1,2,2,1,1,3,2,3,4,1,2,3,2,1,3,3;1,1,1,2,1,1,1,1,1,3,3,1,1,1,1,2,1,1,1,2,1,2,1,1,1,1,1,1,1,1,1,1,1,1,1,1,1,1,4,2,3,1,2,1,1,3,1,2,1,1,1,2,5,1,1,1,1,2,1,1,1,3,1,1,1,1,3,6,1,2,1,1,2,2,1,1,3,2,3,4,1,2,3,2,1,3,3,1,1,1,1,3,2,1,1,2,1,5,1,2,6,3,3,1,1,1,2,2,2,6,3,1,2,1,4,1,3,1,2,3,4
2424831;1023;119;46548912269;38;14.228575027403934;38;66;66;15;76;15;16;12;0.6386554621848739;0.12605042016806722;0.13445378151260504;0.10084033613445378;1.7647058823529411;1,1,1,1,1,1,1,1,1,1,1,1,1,1,1,3,2,1,3,1,1,1,1,1,1,1,1,1,1,3;1,1,1,1,1,1,1,1,1,1,1,1,1,1,1,3,2,1,3,1,1,1,1,1,1,1,1,1,1,3,1,1,1,1,1,1,2,1;1,1,1,1,1,1,1,1,1,1,1,1,1,1,1,3,2,1,3,1,1,1,1,1,1,1,1,1,1,3,1,1,1,1,1,1,2,1;1,1,1,1,1,1,1,1,1,1,1,1,1,1,1,3,2,1,3,1,1,1,1,1,1,1,1,1,1,3,1,1,1,1,1,1,2,1,3,5,3,3,1,2,2,4,2,1,1,1,3,3,1,1,1,2,1,1,1,3,2,3,1,1,5,3;1,1,1,1,1,1,1,1,1,1,1,1,1,1,1,3,2,1,3,1,1,1,1,1,1,1,1,1,1,3,1,1,1,1,1,1,2,1,3,5,3,3,1,2,2,4,2,1,1,1,3,3,1,1,1,2,1,1,1,3,2,3,1,1,5,3,3,1,1,1,1,1,1,1,4,3,1,1,1,2,1,6,1,2,5,1,4,6,1,1,2,1,1,1,2,3,1,1,2,1,2,1,1,1,1,1,3,1,1,1,4,2,2,4,3,1,1,5,4
432923;795;142;8216025965;79;14.212037556971325;79;94;94;7;85;34;11;12;0.5985915492957746;0.23943661971830985;0.07746478873239436;0.08450704225352113;1.7183098591549295;1,2,1,1,1,1,1,1,2,1,1,1,1,1,1,1,3,1,1,2,1,2,1,1,1,2,1,1,1,1;1,2,1,1,1,1,1,1,2,1,1,1,1,1,1,1,3,1,1,2,1,2,1,1,1,2,1,1,1,1,4,1,1,2,1,1,1,2,3,1,1,1,1,2,1,3,2,2,1,2,2,1,1,2,1,1,1,2,1,2,1,1,1,2,5,2,1,1,1,1,1,1,2,1,1,2,1,1,1;1,2,1,1,1,1,1,1,2,1,1,1,1,1,1,1,3,1,1,2,1,2,1,1,1,2,1,1,1,1,4,1,1,2,1,1,1,2,3,1,1,1,1,2,1,3,2,2,1,2,2,1,1,2,1,1,1,2,1,2,1,1,1,2,5,2,1,1,1,1,1,1,2,1,1,2,1,1,1;1,2,1,1,1,1,1,1,2,1,1,1,1,1,1,1,3,1,1,2,1,2,1,1,1,2,1,1,1,1,4,1,1,2,1,1,1,2,3,1,1,1,1,2,1,3,2,2,1,2,2,1,1,2,1,1,1,2,1,2,1,1,1,2,5,2,1,1,1,1,1,1,2,1,1,2,1,1,1,3,2,1,1,3,1,6,2,2,2,1,3,4,2,5;1,2,1,1,1,1,1,1,2,1,1,1,1,1,1,1,3,1,1,2,1,2,1,1,1,2,1,1,1,1,4,1,1,2,1,1,1,2,3,1,1,1,1,2,1,3,2,2,1,2,2,1,1,2,1,1,1,2,1,2,1,1,1,2,5,2,1,1,1,1,1,1,2,1,1,2,1,1,1,3,2,1,1,3,1,6,2,2,2,1,3,4,2,5,9,2,3,1,4,1,1,2,2,3,1,1,1,1,4,1,2,1,1,2,1,1,1,2,3,1,1,2,1,2,1,1,1,1,1,3,1,1,1,4,2,2,4,3,1,1,5,4
2813567;639;134;51968116565;55;14.172937539663579;55;60;60;12;84;26;11;13;0.6268656716417911;0.19402985074626866;0.08208955223880597;0.09701492537313433;1.7462686567164178;1,1,1,1,1,1,2,1,1,1,1,1,1,3,1,3,1,2,3,3,1,1,1,2,4,2,1,1,1,1;1,1,1,1,1,1,2,1,1,1,1,1,1,3,1,3,1,2,3,3,1,1,1,2,4,2,1,1,1,1,1,1,1,1,1,1,1,1,2,1,2,1,1,1,1,1,1,1,2,1,1,1,1,1,1;1,1,1,1,1,1,2,1,1,1,1,1,1,3,1,3,1,2,3,3,1,1,1,2,4,2,1,1,1,1,1,1,1,1,1,1,1,1,2,1,2,1,1,1,1,1,1,1,2,1,1,1,1,1,1;1,1,1,1,1,1,2,1,1,1,1,1,1,3,1,3,1,2,3,3,1,1,1,2,4,2,1,1,1,1,1,1,1,1,1,1,1,1,2,1,2,1,1,1,1,1,1,1,2,1,1,1,1,1,1,9,1,2,4,7;1,1,1,1,1,1,2,1,1,1,1,1,1,3,1,3,1,2,3,3,1,1,1,2,4,2,1,1,1,1,1,1,1,1,1,1,1,1,2,1,2,1,1,1,1,1,1,1,2,1,1,1,1,1,1,9,1,2,4,7,3,1,1,1,2,2,2,1,1,1,3,1,3,1,1,2,2,1,1,2,3,1,1,1,1,1,5,2,2,2,1,1,1,2,4,2,4,1,7,1,4,1,2,1,1,2,1,1,1,2,3,1,1,2,1,2,1,1,1,1,1,3,1,1,1,4,2,2,4,3,1,1,5,4
3191911;103;144;58956314129;55;14.172937539663579;55;96;96;7;84;31;17;12;0.5833333333333334;0.2152777777777778;0.11805555555555555;0.08333333333333333;1.7361111111111112;1,1,2,1,1,1,2,1,2,1,1,1,2,1,1,3,1,1,1,1,1,1,1,3,1,1,1,1,1,2;1,1,2,1,1,1,2,1,2,1,1,1,2,1,1,3,1,1,1,1,1,1,1,3,1,1,1,1,1,2,3,1,1,1,1,2,1,1,1,1,1,1,1,2,1,2,2,1,2,2,2,1,1,1,1;1,1,2,1,1,1,2,1,2,1,1,1,2,1,1,3,1,1,1,1,1,1,1,3,1,1,1,1,1,2,3,1,1,1,1,2,1,1,1,1,1,1,1,2,1,2,2,1,2,2,2,1,1,1,1;1,1,2,1,1,1,2,1,2,1,1,1,2,1,1,3,1,1,1,1,1,1,1,3,1,1,1,1,1,2,3,1,1,1,1,2,1,1,1,1,1,1,1,2,1,2,2,1,2,2,2,1,1,1,1,2,3,5,3,1,1,3,3,1,3,3,1,1,1,1,1,3,2,1,1,1,1,1,1,2,2,1,1,1,5,4,1,2,1,1,2,3,3,2,1,5;1,1,2,1,1,1,2,1,2,1,1,1,2,1,1,3,1,1,1,1,1,1,1,3,1,1,1,1,1,2,3,1,1,1,1,2,1,1,1,1,1,1,1,2,1,2,2,1,2,2,2,1,1,1,1,2,3,5,3,1,1,3,3,1,3,3,1,1,1,1,1,3,2,1,1,1,1,1,1,2,2,1,1,1,5,4,1,2,1,1,2,3,3,2,1,5,4,2,2,1,1,2,1,1,1,3,3,5,1,4,3,1,1,2,1,1,2,1,1,2,2,1,2,1,2,4,3,1,1,1,2,1,1,1,1,4,2,2,4,3,1,1,5,4
2870431;159;139;52304792741;43;14.153387531009713;43;67;67;12;83;30;12;14;0.5971223021582733;0.2158273381294964;0.08633093525179857;0.10071942446043165;1.7410071942446044;1,1,1,1,2,1,1,1,2,1,1,1,1,1,2,2,1,1,2,1,1,2,1,1,4,1,1,1,1,1;1,1,1,1,2,1,1,1,2,1,1,1,1,1,2,2,1,1,2,1,1,2,1,1,4,1,1,1,1,1,1,1,1,1,1,1,1,2,2,1,1,1,1;1,1,1,1,2,1,1,1,2,1,1,1,1,1,2,2,1,1,2,1,1,2,1,1,4,1,1,1,1,1,1,1,1,1,1,1,1,2,2,1,1,1,1;1,1,1,1,2,1,1,1,2,1,1,1,1,1,2,2,1,1,2,1,1,2,1,1,4,1,1,1,1,1,1,1,1,1,1,1,1,2,2,1,1,1,1,4,1,1,1,1,4,3,1,2,1,2,1,2,3,3,1,4,3,1,1,2,3,4,6;1,1,1,1,2,1,1,1,2,1,1,1,1,1,2,2,1,1,2,1,1,2,1,1,4,1,1,1,1,1,1,1,1,1,1,1,1,2,2,1,1,1,1,4,1,1,1,1,4,3,1,2,1,2,1,2,3,3,1,4,3,1,1,2,3,4,6,2,2,1,2,2,1,1,2,1,4,1,1,2,2,3,1,2,1,5,1,1,5,1,1,3,1,3,1,1,3,1,2,6,1,1,1,1,2,2,1,2,1,1,2,1,1,1,2,3,1,1,2,1,2,1,1,1,1,1,3,1,1,1,4,2,2,4,3,1,1,5,4
318975;511;64;5734125917;31;14.13383752235584;31;44;44;12;39;9;9;7;0.609375;0.140625;0.140625;0.109375;1.875;1,1,1,1,1,1,1,1,3,1,2,1,1,1,1,1,1,1,1,1,1,1,1,2,1,1,1,1,1,1;1,1,1,1,1,1,1,1,3,1,2,1,1,1,1,1,1,1,1,1,1,1,1,2,1,1,1,1,1,1,1;1,1,1,1,1,1,1,1,3,1,2,1,1,1,1,1,1,1,1,1,1,1,1,2,1,1,1,1,1,1,1;1,1,1,1,1,1,1,1,3,1,2,1,1,1,1,1,1,1,1,1,1,1,1,2,1,1,1,1,1,1,1,3,1,4,6,4,1,2,2,3,2,1,3,3;1,1,1,1,1,1,1,1,3,1,2,1,1,1,1,1,1,1,1,1,1,1,1,2,1,1,1,1,1,1,1,3,1,4,6,4,1,2,2,3,2,1,3,3,9,1,1,5,2,1,1,3,2,3,1,2,1,4,1,3,1,2,3,4
1056767;1023;85;18997161173;31;14.13383752235584;31;45;45;12;49;19;9;8;0.5764705882352941;0.2235294117647059;0.10588235294117647;0.09411764705882353;1.8235294117647058;1,1,1,1,1,1,1,1,1,1,1,1,2,2,1,1,1,1,1,1,1,2,1,2,1,1,1,1,1,1;1,1,1,1,1,1,1,1,1,1,1,1,2,2,1,1,1,1,1,1,1,2,1,2,1,1,1,1,1,1,1;1,1,1,1,1,1,1,1,1,1,1,1,2,2,1,1,1,1,1,1,1,2,1,2,1,1,1,1,1,1,1;1,1,1,1,1,1,1,1,1,1,1,1,2,2,1,1,1,1,1,1,1,2,1,2,1,1,1,1,1,1,1,7,3,4,5,1,2,1,3,1,1,2,3,1,3;1,1,1,1,1,1,1,1,1,1,1,1,2,2,1,1,1,1,1,1,1,2,1,2,1,1,1,1,1,1,1,7,3,4,5,1,2,1,3,1,1,2,3,1,3,1,2,1,2,5,1,2,2,1,2,3,1,3,1,2,1,1,2,3,1,1,1,2,6,1,1,1,2,2,2,1,6,4,2,1,3,1,2,3,4
1689023;447;195;30079718549;125;14.120312590144522;125;140;140;10;126;32;22;15;0.6461538461538462;0.1641025641025641;0.11282051282051282;0.07692307692307693;1.6923076923076923;1,1,1,1,1,2,1,1,1,1,1,4,1,1,1,1,2,2,2,1,1,1,1,1,2,2,1,5,1,1;1,1,1,1,1,2,1,1,1,1,1,4,1,1,1,1,2,2,2,1,1,1,1,1,2,2,1,5,1,1,3,3,1,3,1,1,1,1,1,1,1,1,1,1,3,1,2,3,1,1,1,1,1,1,1,1,1,3,1,1,2,1,2,3,2,1,1,1,1,3,1,4,2,1,1,1,1,1,1,1,3,1,1,1,1,1,3,3,1,1,1,2,1,1,1,4,1,1,1,2,2,1,1,1,2,2,2,1,1,1,1,2,1,1,3,1,1,1,2,2,3,1,1,1,1;1,1,1,1,1,2,1,1,1,1,1,4,1,1,1,1,2,2,2,1,1,1,1,1,2,2,1,5,1,1,3,3,1,3,1,1,1,1,1,1,1,1,1,1,3,1,2,3,1,1,1,1,1,1,1,1,1,3,1,1,2,1,2,3,2,1,1,1,1,3,1,4,2,1,1,1,1,1,1,1,3,1,1,1,1,1,3,3,1,1,1,2,1,1,1,4,1,1,1,2,2,1,1,1,2,2,2,1,1,1,1,2,1,1,3,1,1,1,2,2,3,1,1,1,1;1,1,1,1,1,2,1,1,1,1,1,4,1,1,1,1,2,2,2,1,1,1,1,1,2,2,1,5,1,1,3,3,1,3,1,1,1,1,1,1,1,1,1,1,3,1,2,3,1,1,1,1,1,1,1,1,1,3,1,1,2,1,2,3,2,1,1,1,1,3,1,4,2,1,1,1,1,1,1,1,3,1,1,1,1,1,3,3,1,1,1,2,1,1,1,4,1,1,1,2,2,1,1,1,2,2,2,1,1,1,1,2,1,1,3,1,1,1,2,2,3,1,1,1,1,6,1,1,3,2,3,1,1,1,1,1,1,5,5,10;1,1,1,1,1,2,1,1,1,1,1,4,1,1,1,1,2,2,2,1,1,1,1,1,2,2,1,5,1,1,3,3,1,3,1,1,1,1,1,1,1,1,1,1,3,1,2,3,1,1,1,1,1,1,1,1,1,3,1,1,2,1,2,3,2,1,1,1,1,3,1,4,2,1,1,1,1,1,1,1,3,1,1,1,1,1,3,3,1,1,1,2,1,1,1,4,1,1,1,2,2,1,1,1,2,2,2,1,1,1,1,2,1,1,3,1,1,1,2,2,3,1,1,1,1,6,1,1,3,2,3,1,1,1,1,1,1,5,5,10,2,1,4,3,1,3,1,1,1,6,1,3,4,2,1,1,3,1,1,1,2,2,1,2,1,1,2,1,1,1,2,3,1,1,2,1,2,1,1,1,1,1,3,1,1,1,4,2,2,4,3,1,1,5,4
2375451;795;124;42216015293;72;14.117300051923237;72;89;89;10;71;31;11;11;0.5725806451612904;0.25;0.08870967741935484;0.08870967741935484;1.7580645161290323;1,2,1,1,1,1,1,1,1,2,1,3,1,2,2,2,1,1,2,1,1,1,2,3,1,1,2,2,1,2;1,2,1,1,1,1,1,1,1,2,1,3,1,2,2,2,1,1,2,1,1,1,2,3,1,1,2,2,1,2,1,1,1,1,2,1,1,2,1,1,1,1,1,1,1,1,1,1,2,3,1,2,1,5,1,2,2,1,1,1,1,2,1,1,2,1,1,1,1,1,1,1;1,2,1,1,1,1,1,1,1,2,1,3,1,2,2,2,1,1,2,1,1,1,2,3,1,1,2,2,1,2,1,1,1,1,2,1,1,2,1,1,1,1,1,1,1,1,1,1,2,3,1,2,1,5,1,2,2,1,1,1,1,2,1,1,2,1,1,1,1,1,1,1;1,2,1,1,1,1,1,1,1,2,1,3,1,2,2,2,1,1,2,1,1,1,2,3,1,1,2,2,1,2,1,1,1,1,2,1,1,2,1,1,1,1,1,1,1,1,1,1,2,3,1,2,1,5,1,2,2,1,1,1,1,2,1,1,2,1,1,1,1,1,1,1,3,1,1,2,1,5,3,1,2,4,3,1,1,2,4,2,9;1,2,1,1,1,1,1,1,1,2,1,3,1,2,2,2,1,1,2,1,1,1,2,3,1,1,2,2,1,2,1,1,1,1,2,1,1,2,1,1,1,1,1,1,1,1,1,1,2,3,1,2,1,5,1,2,2,1,1,1,1,2,1,1,2,1,1,1,1,1,1,1,3,1,1,2,1,5,3,1,2,4,3,1,1,2,4,2,9,4,3,1,1,1,4,1,1,1,2,1,1,1,2,2,1,3,2,3,1,2,1,2,3,2,1,2,5,4,4,1,1,2,3,4
2943135;159;168;52304792741;72;14.117300051923237;72;96;96;12;102;34;17;15;0.6071428571428571;0.20238095238095238;0.10119047619047619;0.08928571428571429;1.7142857142857142;1,1,1,1,2,1,1,1,1,1,3,2,2,3,1,3,1,1,1,2,1,1,1,1,1,3,1,4,1,3;1,1,1,1,2,1,1,1,1,1,3,2,2,3,1,3,1,1,1,2,1,1,1,1,1,3,1,4,1,3,1,1,1,2,1,1,1,2,1,1,1,1,1,2,2,1,1,2,1,1,2,1,1,4,1,1,1,1,1,1,1,1,1,1,1,1,2,2,1,1,1,1;1,1,1,1,2,1,1,1,1,1,3,2,2,3,1,3,1,1,1,2,1,1,1,1,1,3,1,4,1,3,1,1,1,2,1,1,1,2,1,1,1,1,1,2,2,1,1,2,1,1,2,1,1,4,1,1,1,1,1,1,1,1,1,1,1,1,2,2,1,1,1,1;1,1,1,1,2,1,1,1,1,1,3,2,2,3,1,3,1,1,1,2,1,1,1,1,1,3,1,4,1,3,1,1,1,2,1,1,1,2,1,1,1,1,1,2,2,1,1,2,1,1,2,1,1,4,1,1,1,1,1,1,1,1,1,1,1,1,2,2,1,1,1,1,4,1,1,1,1,4,3,1,2,1,2,1,2,3,3,1,4,3,1,1,2,3,4,6;1,1,1,1,2,1,1,1,1,1,3,2,2,3,1,3,1,1,1,2,1,1,1,1,1,3,1,4,1,3,1,1,1,2,1,1,1,2,1,1,1,1,1,2,2,1,1,2,1,1,2,1,1,4,1,1,1,1,1,1,1,1,1,1,1,1,2,2,1,1,1,1,4,1,1,1,1,4,3,1,2,1,2,1,2,3,3,1,4,3,1,1,2,3,4,6,2,2,1,2,2,1,1,2,1,4,1,1,2,2,3,1,2,1,5,1,1,5,1,1,3,1,3,1,1,3,1,2,6,1,1,1,1,2,2,1,2,1,1,2,1,1,1,2,3,1,1,2,1,2,1,1,1,1,1,3,1,1,1,4,2,2,4,3,1,1,5,4
4985343;511;150;88598411297;72;14.117300051923237;72;111;111;8;89;31;20;10;0.5933333333333334;0.20666666666666667;0.13333333333333333;0.06666666666666667;1.7333333333333334;1,1,1,1,1,1,1,1,2,3,1,1,1,1,2,3,1,2,1,1,2,1,1,1,1,1,1,1,1,4;1,1,1,1,1,1,1,1,2,3,1,1,1,1,2,3,1,2,1,1,2,1,1,1,1,1,1,1,1,4,1,2,1,2,3,1,1,1,1,1,1,1,3,3,1,2,1,1,1,1,1,2,1,2,1,3,1,1,2,1,1,3,1,1,1,1,1,1,1,2,1,1;1,1,1,1,1,1,1,1,2,3,1,1,1,1,2,3,1,2,1,1,2,1,1,1,1,1,1,1,1,4,1,2,1,2,3,1,1,1,1,1,1,1,3,3,1,2,1,1,1,1,1,2,1,2,1,3,1,1,2,1,1,3,1,1,1,1,1,1,1,2,1,1;1,1,1,1,1,1,1,1,2,3,1,1,1,1,2,3,1,2,1,1,2,1,1,1,1,1,1,1,1,4,1,2,1,2,3,1,1,1,1,1,1,1,3,3,1,2,1,1,1,1,1,2,1,2,1,3,1,1,2,1,1,3,1,1,1,1,1,1,1,2,1,1,2,2,1,3,1,4,2,4,3,1,2,2,3,1,3,1,1,3,2,1,1,1,1,1,1,3,2,1,1,4,2,1,1,1,1,2,3,4,3;1,1,1,1,1,1,1,1,2,3,1,1,1,1,2,3,1,2,1,1,2,1,1,1,1,1,1,1,1,4,1,2,1,2,3,1,1,1,1,1,1,1,3,3,1,2,1,1,1,1,1,2,1,2,1,3,1,1,2,1,1,3,1,1,1,1,1,1,1,2,1,1,2,2,1,3,1,4,2,4,3,1,2,2,3,1,3,1,1,3,2,1,1,1,1,1,1,3,2,1,1,4,2,1,1,1,1,2,3,4,3,1,3,2,2,1,1,2,2,1,1,1,1,5,1,3,2,1,2,1,1,2,1,1,1,4,3,4,2,1,2,6,2,1,2,1,3,3,1,10
997823;447;162;17494428437;60;14.097750043269372;60;87;87;9;96;36;18;12;0.5925925925925926;0.2222222222222222;0.1111111111111111;0.07407407407407407;1.7098765432098766;1,1,1,1,1,2,1,1,2,1,1,2,1,2,1,1,3,1,2,1,3,1,1,1,1,1,2,1,2,1;1,1,1,1,1,2,1,1,2,1,1,2,1,2,1,1,3,1,2,1,3,1,1,1,1,1,2,1,2,1,2,1,1,1,3,2,1,1,3,1,1,1,1,1,1,3,1,1,1,1,1,1,2,1,1,2,1,1,1,1;1,1,1,1,1,2,1,1,2,1,1,2,1,2,1,1,3,1,2,1,3,1,1,1,1,1,2,1,2,1,2,1,1,1,3,2,1,1,3,1,1,1,1,1,1,3,1,1,1,1,1,1,2,1,1,2,1,1,1,1;1,1,1,1,1,2,1,1,2,1,1,2,1,2,1,1,3,1,2,1,3,1,1,1,1,1,2,1,2,1,2,1,1,1,3,2,1,1,3,1,1,1,1,1,1,3,1,1,1,1,1,1,2,1,1,2,1,1,1,1,6,4,2,1,1,2,1,2,2,4,2,1,4,1,2,2,1,4,1,1,1,3,1,3,1,1,6;1,1,1,1,1,2,1,1,2,1,1,2,1,2,1,1,3,1,2,1,3,1,1,1,1,1,2,1,2,1,2,1,1,1,3,2,1,1,3,1,1,1,1,1,1,3,1,1,1,1,1,1,2,1,1,2,1,1,1,1,6,4,2,1,1,2,1,2,2,4,2,1,4,1,2,2,1,4,1,1,1,3,1,3,1,1,6,1,1,1,1,1,1,1,1,1,4,1,3,1,2,2,2,3,1,1,2,1,1,2,1,1,3,5,1,1,3,2,1,1,1,1,1,1,1,1,3,1,1,1,1,3,1,2,1,5,1,1,3,2,2,2,5,2,1,2,1,2,3,2,2,1,3,3,2,2,4,1,1,2,3,4
2882815;255;134;50543191457;60;14.097750043269372;60;94;94;7;78;33;11;12;0.582089552238806;0.2462686567164179;0.08208955223880597;0.08955223880597014;1.7462686567164178;1,1,1,1,1,1,1,3,1,1,2,2,2,1,3,1,1,2,1,1,1,2,1,1,2,1,1,1,2,1;1,1,1,1,1,1,1,3,1,1,2,2,2,1,3,1,1,2,1,1,1,2,1,1,2,1,1,1,2,1,1,1,1,2,2,1,1,1,2,1,1,2,1,1,1,1,1,2,1,4,2,1,1,1,1,2,1,1,1,1;1,1,1,1,1,1,1,3,1,1,2,2,2,1,3,1,1,2,1,1,1,2,1,1,2,1,1,1,2,1,1,1,1,2,2,1,1,1,2,1,1,2,1,1,1,1,1,2,1,4,2,1,1,1,1,2,1,1,1,1;1,1,1,1,1,1,1,3,1,1,2,2,2,1,3,1,1,2,1,1,1,2,1,1,2,1,1,1,2,1,1,1,1,2,2,1,1,1,2,1,1,2,1,1,1,1,1,2,1,4,2,1,1,1,1,2,1,1,1,1,2,2,1,2,2,3,1,1,1,7,3,2,1,1,3,2,1,1,2,1,3,3,1,2,1,1,2,1,1,4,5,1,1,4;1,1,1,1,1,1,1,3,1,1,2,2,2,1,3,1,1,2,1,1,1,2,1,1,2,1,1,1,2,1,1,1,1,2,2,1,1,1,2,1,1,2,1,1,1,1,1,2,1,4,2,1,1,1,1,2,1,1,1,1,2,2,1,2,2,3,1,1,1,7,3,2,1,1,3,2,1,1,2,1,3,3,1,2,1,1,2,1,1,4,5,1,1,4,1,1,3,2,1,1,1,3,1,2,2,1,6,2,1,1,2,2,6,1,2,4,3,1,1,1,2,1,1,1,1,4,2,2,4,3,1,1,5,4
2983289;377;156;52304792741;60;14.097750043269372;60;1;1;12;94;33;14;15;0.6025641025641025;0.21153846153846154;0.08974358974358974;0.09615384615384616;1.7243589743589745;2,1,2,1,1,1,1,2,1,1,1,1,1,3,1,4,1,3,1,1,1,2,1,1,1,2,1,1,1,1;2,1,2,1,1,1,1,2,1,1,1,1,1,3,1,4,1,3,1,1,1,2,1,1,1,2,1,1,1,1,1,2,2,1,1,2,1,1,2,1,1,4,1,1,1,1,1,1,1,1,1,1,1,1,2,2,1,1,1,1;2,1,2,1,1,1,1,2,1,1,1,1,1,3,1,4,1,3,1,1,1,2,1,1,1,2,1,1,1,1,1,2,2,1,1,2,1,1,2,1,1,4,1,1,1,1,1,1,1,1,1,1,1,1,2,2,1,1,1,1;2;2,1,2,1,1,1,1,2,1,1,1,1,1,3,1,4,1,3,1,1,1,2,1,1,1,2,1,1,1,1,1,2,2,1,1,2,1,1,2,1,1,4,1,1,1,1,1,1,1,1,1,1,1,1,2,2,1,1,1,1,4,1,1,1,1,4,3,1,2,1,2,1,2,3,3,1,4,3,1,1,2,3,4,6,2,2,1,2,2,1,1,2,1,4,1,1,2,2,3,1,2,1,5,1,1,5,1,1,3,1,3,1,1,3,1,2,6,1,1,1,1,2,2,1,2,1,1,2,1,1,1,2,3,1,1,2,1,2,1,1,1,1,1,3,1,1,1,4,2,2,4,3,1,1,5,4
3362671;879;149;58956314129;60;14.097750043269372;60;101;101;7;87;32;18;12;0.5838926174496645;0.21476510067114093;0.12080536912751678;0.08053691275167785;1.7315436241610738;1,1,1,2,1,3,1,2,1,1,1,2,1,2,1,1,1,2,1,1,3,1,1,1,1,1,1,1,3,1;1,1,1,2,1,3,1,2,1,1,1,2,1,2,1,1,1,2,1,1,3,1,1,1,1,1,1,1,3,1,1,1,1,1,2,3,1,1,1,1,2,1,1,1,1,1,1,1,2,1,2,2,1,2,2,2,1,1,1,1;1,1,1,2,1,3,1,2,1,1,1,2,1,2,1,1,1,2,1,1,3,1,1,1,1,1,1,1,3,1,1,1,1,1,2,3,1,1,1,1,2,1,1,1,1,1,1,1,2,1,2,2,1,2,2,2,1,1,1,1;1,1,1,2,1,3,1,2,1,1,1,2,1,2,1,1,1,2,1,1,3,1,1,1,1,1,1,1,3,1,1,1,1,1,2,3,1,1,1,1,2,1,1,1,1,1,1,1,2,1,2,2,1,2,2,2,1,1,1,1,2,3,5,3,1,1,3,3,1,3,3,1,1,1,1,1,3,2,1,1,1,1,1,1,2,2,1,1,1,5,4,1,2,1,1,2,3,3,2,1,5;1,1,1,2,1,3,1,2,1,1,1,2,1,2,1,1,1,2,1,1,3,1,1,1,1,1,1,1,3,1,1,1,1,1,2,3,1,1,1,1,2,1,1,1,1,1,1,1,2,1,2,2,1,2,2,2,1,1,1,1,2,3,5,3,1,1,3,3,1,3,3,1,1,1,1,1,3,2,1,1,1,1,1,1,2,2,1,1,1,5,4,1,2,1,1,2,3,3,2,1,5,4,2,2,1,1,2,1,1,1,3,3,5,1,4,3,1,1,2,1,1,2,1,1,2,2,1,2,1,2,4,3,1,1,1,2,1,1,1,1,4,2,2,4,3,1,1,5,4
480481;225;152;8216025965;89;14.061662564182882;89;1;1;7;91;36;13;12;0.5986842105263158;0.23684210526315788;0.08552631578947369;0.07894736842105263;1.7105263157894737;2,2,1,1,1,1,1,2,1,3,1,1,3,1,1,1,1,1,2,1,1,1,1,1,1,1,3,1,1,2;2,2,1,1,1,1,1,2,1,3,1,1,3,1,1,1,1,1,2,1,1,1,1,1,1,1,3,1,1,2,1,2,1,1,1,2,1,1,1,1,4,1,1,2,1,1,1,2,3,1,1,1,1,2,1,3,2,2,1,2,2,1,1,2,1,1,1,2,1,2,1,1,1,2,5,2,1,1,1,1,1,1,2,1,1,2,1,1,1;2,2,1,1,1,1,1,2,1,3,1,1,3,1,1,1,1,1,2,1,1,1,1,1,1,1,3,1,1,2,1,2,1,1,1,2,1,1,1,1,4,1,1,2,1,1,1,2,3,1,1,1,1,2,1,3,2,2,1,2,2,1,1,2,1,1,1,2,1,2,1,1,1,2,5,2,1,1,1,1,1,1,2,1,1,2,1,1,1;2;2,2,1,1,1,1,1,2,1,3,1,1,3,1,1,1,1,1,2,1,1,1,1,1,1,1,3,1,1,2,1,2,1,1,1,2,1,1,1,1,4,1,1,2,1,1,1,2,3,1,1,1,1,2,1,3,2,2,1,2,2,1,1,2,1,1,1,2,1,2,1,1,1,2,5,2,1,1,1,1,1,1,2,1,1,2,1,1,1,3,2,1,1,3,1,6,2,2,2,1,3,4,2,5,9,2,3,1,4,1,1,2,2,3,1,1,1,1,4,1,2,1,1,2,1,1,1,2,3,1,1,2,1,2,1,1,1,1,1,3,1,1,1,4,2,2,4,3,1,1,5,4
1469439;1023;115;25074208145;36;14.058650025961619;36;47;47;12;70;22;12;11;0.6086956521739131;0.19130434782608696;0.10434782608695652;0.09565217391304348;1.7652173913043478;1,1,1,1,1,1,1,1,1,2,2,1,1,1,1,1,1,1,1,1,2,1,1,2,1,2,2,1,1,1;1,1,1,1,1,1,1,1,1,2,2,1,1,1,1,1,1,1,1,1,2,1,1,2,1,2,2,1,1,1,1,1,1,1,2,1;1,1,1,1,1,1,1,1,1,2,2,1,1,1,1,1,1,1,1,1,2,1,1,2,1,2,2,1,1,1,1,1,1,1,2,1;1,1,1,1,1,1,1,1,1,2,2,1,1,1,1,1,1,1,1,1,2,1,1,2,1,2,2,1,1,1,1,1,1,1,2,1,2,3,2,3,1,3,1,4,4,2,11;1,1,1,1,1,1,1,1,1,2,2,1,1,1,1,1,1,1,1,1,2,1,1,2,1,2,2,1,1,1,1,1,1,1,2,1,2,3,2,3,1,3,1,4,4,2,11,3,1,1,1,2,3,2,2,1,1,1,4,1,1,1,1,1,1,1,1,1,1,1,1,2,2,1,1,1,2,1,3,1,4,1,2,1,5,5,1,1,1,1,3,1,1,4,3,1,2,2,4,2,1,1,1,1,1,1,2,4,3,3,3,1,2,3,4
2727935;1023;117;46548912269;36;14.058650025961619;36;63;63;12;74;16;15;12;0.6324786324786325;0.13675213675213677;0.1282051282051282;0.10256410256410256;1.7692307692307692;1,1,1,1,1,1,1,1,1,1,1,1,2,1,2,1,3,1,1,1,1,1,1,1,1,1,1,3,1,1;1,1,1,1,1,1,1,1,1,1,1,1,2,1,2,1,3,1,1,1,1,1,1,1,1,1,1,3,1,1,1,1,1,1,2,1;1,1,1,1,1,1,1,1,1,1,1,1,2,1,2,1,3,1,1,1,1,1,1,1,1,1,1,3,1,1,1,1,1,1,2,1;1,1,1,1,1,1,1,1,1,1,1,1,2,1,2,1,3,1,1,1,1,1,1,1,1,1,1,3,1,1,1,1,1,1,2,1,3,5,3,3,1,2,2,4,2,1,1,1,3,3,1,1,1,2,1,1,1,3,2,3,1,1,5;1,1,1,1,1,1,1,1,1,1,1,1,2,1,2,1,3,1,1,1,1,1,1,1,1,1,1,3,1,1,1,1,1,1,2,1,3,5,3,3,1,2,2,4,2,1,1,1,3,3,1,1,1,2,1,1,1,3,2,3,1,1,5,3,3,1,1,1,1,1,1,1,4,3,1,1,1,2,1,6,1,2,5,1,4,6,1,1,2,1,1,1,2,3,1,1,2,1,2,1,1,1,1,1,3,1,1,1,4,2,2,4,3,1,1,5,4
487039;639;140;8216025965;77;14.042112555529016;77;92;92;7;84;33;11;12;0.6;0.2357142857142857;0.07857142857142857;0.08571428571428572;1.7214285714285715;1,1,1,1,1,1,2,1,1,1,1,1,1,1,3,1,1,2,1,2,1,1,1,2,1,1,1,1,4,1;1,1,1,1,1,1,2,1,1,1,1,1,1,1,3,1,1,2,1,2,1,1,1,2,1,1,1,1,4,1,1,2,1,1,1,2,3,1,1,1,1,2,1,3,2,2,1,2,2,1,1,2,1,1,1,2,1,2,1,1,1,2,5,2,1,1,1,1,1,1,2,1,1,2,1,1,1;1,1,1,1,1,1,2,1,1,1,1,1,1,1,3,1,1,2,1,2,1,1,1,2,1,1,1,1,4,1,1,2,1,1,1,2,3,1,1,1,1,2,1,3,2,2,1,2,2,1,1,2,1,1,1,2,1,2,1,1,1,2,5,2,1,1,1,1,1,1,2,1,1,2,1,1,1;1,1,1,1,1,1,2,1,1,1,1,1,1,1,3,1,1,2,1,2,1,1,1,2,1,1,1,1,4,1,1,2,1,1,1,2,3,1,1,1,1,2,1,3,2,2,1,2,2,1,1,2,1,1,1,2,1,2,1,1,1,2,5,2,1,1,1,1,1,1,2,1,1,2,1,1,1,3,2,1,1,3,1,6,2,2,2,1,3,4,2,5;1,1,1,1,1,1,2,1,1,1,1,1,1,1,3,1,1,2,1,2,1,1,1,2,1,1,1,1,4,1,1,2,1,1,1,2,3,1,1,1,1,2,1,3,2,2,1,2,2,1,1,2,1,1,1,2,1,2,1,1,1,2,5,2,1,1,1,1,1,1,2,1,1,2,1,1,1,3,2,1,1,3,1,6,2,2,2,1,3,4,2,5,9,2,3,1,4,1,1,2,2,3,1,1,1,1,4,1,2,1,1,2,1,1,1,2,3,1,1,2,1,2,1,1,1,1,1,3,1,1,1,4,2,2,4,3,1,1,5,4
3037039;879;139;50543191457;65;14.02256254687515;65;99;99;6;81;34;12;12;0.5827338129496403;0.2446043165467626;0.08633093525179857;0.08633093525179857;1.7410071942446044;1,1,1,2,1,3,1,1,1,1,1,1,3,1,1,2,2,2,1,3,1,1,2,1,1,1,2,1,1,2;1,1,1,2,1,3,1,1,1,1,1,1,3,1,1,2,2,2,1,3,1,1,2,1,1,1,2,1,1,2,1,1,1,2,1,1,1,1,2,2,1,1,1,2,1,1,2,1,1,1,1,1,2,1,4,2,1,1,1,1,2,1,1,1,1;1,1,1,2,1,3,1,1,1,1,1,1,3,1,1,2,2,2,1,3,1,1,2,1,1,1,2,1,1,2,1,1,1,2,1,1,1,1,2,2,1,1,1,2,1,1,2,1,1,1,1,1,2,1,4,2,1,1,1,1,2,1,1,1,1;1,1,1,2,1,3,1,1,1,1,1,1,3,1,1,2,2,2,1,3,1,1,2,1,1,1,2,1,1,2,1,1,1,2,1,1,1,1,2,2,1,1,1,2,1,1,2,1,1,1,1,1,2,1,4,2,1,1,1,1,2,1,1,1,1,2,2,1,2,2,3,1,1,1,7,3,2,1,1,3,2,1,1,2,1,3,3,1,2,1,1,2,1,1,4,5,1,1,4;1,1,1,2,1,3,1,1,1,1,1,1,3,1,1,2,2,2,1,3,1,1,2,1,1,1,2,1,1,2,1,1,1,2,1,1,1,1,2,2,1,1,1,2,1,1,2,1,1,1,1,1,2,1,4,2,1,1,1,1,2,1,1,1,1,2,2,1,2,2,3,1,1,1,7,3,2,1,1,3,2,1,1,2,1,3,3,1,2,1,1,2,1,1,4,5,1,1,4,1,1,3,2,1,1,1,3,1,2,2,1,6,2,1,1,2,2,6,1,2,4,3,1,1,1,2,1,1,1,1,4,2,2,4,3,1,1,5,4
1853211;795;164;30079718549;94;13.98647506778866;94;109;109;11;105;27;19;13;0.6402439024390244;0.16463414634146342;0.11585365853658537;0.07926829268292683;1.7134146341463414;1,2,1,1,1,1,1,1,1,1,1,1,1,3,1,2,3,1,1,1,1,1,1,1,1,1,3,1,1,2;1,2,1,1,1,1,1,1,1,1,1,1,1,3,1,2,3,1,1,1,1,1,1,1,1,1,3,1,1,2,1,2,3,2,1,1,1,1,3,1,4,2,1,1,1,1,1,1,1,3,1,1,1,1,1,3,3,1,1,1,2,1,1,1,4,1,1,1,2,2,1,1,1,2,2,2,1,1,1,1,2,1,1,3,1,1,1,2,2,3,1,1,1,1;1,2,1,1,1,1,1,1,1,1,1,1,1,3,1,2,3,1,1,1,1,1,1,1,1,1,3,1,1,2,1,2,3,2,1,1,1,1,3,1,4,2,1,1,1,1,1,1,1,3,1,1,1,1,1,3,3,1,1,1,2,1,1,1,4,1,1,1,2,2,1,1,1,2,2,2,1,1,1,1,2,1,1,3,1,1,1,2,2,3,1,1,1,1;1,2,1,1,1,1,1,1,1,1,1,1,1,3,1,2,3,1,1,1,1,1,1,1,1,1,3,1,1,2,1,2,3,2,1,1,1,1,3,1,4,2,1,1,1,1,1,1,1,3,1,1,1,1,1,3,3,1,1,1,2,1,1,1,4,1,1,1,2,2,1,1,1,2,2,2,1,1,1,1,2,1,1,3,1,1,1,2,2,3,1,1,1,1,6,1,1,3,2,3,1,1,1,1,1,1,5,5,10;1,2,1,1,1,1,1,1,1,1,1,1,1,3,1,2,3,1,1,1,1,1,1,1,1,1,3,1,1,2,1,2,3,2,1,1,1,1,3,1,4,2,1,1,1,1,1,1,1,3,1,1,1,1,1,3,3,1,1,1,2,1,1,1,4,1,1,1,2,2,1,1,1,2,2,2,1,1,1,1,2,1,1,3,1,1,1,2,2,3,1,1,1,1,6,1,1,3,2,3,1,1,1,1,1,1,5,5,10,2,1,4,3,1,3,1,1,1,6,1,3,4,2,1,1,3,1,1,1,2,2,1,2,1,1,2,1,1,1,2,3,1,1,2,1,2,1,1,1,1,1,3,1,1,1,4,2,2,4,3,1,1,5,4
502441;681;121;8138196845;41;13.983462529567404;41;1;1;13;71;27;14;9;0.5867768595041323;0.2231404958677686;0.11570247933884298;0.0743801652892562;1.743801652892562;2,1,1,1,1,1,1,1,1,1,1,1,1,1,2,1,1,1,2,1,1,3,1,1,1,2,1,4,1,1;2,1,1,1,1,1,1,1,1,1,1,1,1,1,2,1,1,1,2,1,1,3,1,1,1,2,1,4,1,1,1,1,1,1,1,2,1,1,1,1,1;2,1,1,1,1,1,1,1,1,1,1,1,1,1,2,1,1,1,2,1,1,3,1,1,1,2,1,4,1,1,1,1,1,1,1,2,1,1,1,1,1;2;2,1,1,1,1,1,1,1,1,1,1,1,1,1,2,1,1,1,2,1,1,3,1,1,1,2,1,4,1,1,1,1,1,1,1,2,1,1,1,1,1,3,2,1,1,5,2,2,2,3,2,4,1,1,1,1,1,2,1,1,1,1,1,1,2,1,2,2,3,1,1,2,2,1,1,3,1,3,1,2,1,2,1,8,1,3,1,1,2,1,1,1,1,1,1,6,3,3,5,3,2,2,1,2,2,4,3,2,1,2,3,1,2,1,4,1,3,1,2,3,4
2431999;1023;102;39391746821;41;13.983462529567404;41;66;66;9;61;17;13;11;0.5980392156862745;0.16666666666666666;0.12745098039215685;0.10784313725490197;1.7941176470588236;1,1,1,1,1,1,1,1,1,2,1,1,1,2,1,1,1,1,1,1,1,1,1,3,1,1,3,1,1,1;1,1,1,1,1,1,1,1,1,2,1,1,1,2,1,1,1,1,1,1,1,1,1,3,1,1,3,1,1,1,1,1,2,1,4,1,1,1,1,1,1;1,1,1,1,1,1,1,1,1,2,1,1,1,2,1,1,1,1,1,1,1,1,1,3,1,1,3,1,1,1,1,1,2,1,4,1,1,1,1,1,1;1,1,1,1,1,1,1,1,1,2,1,1,1,2,1,1,1,1,1,1,1,1,1,3,1,1,3,1,1,1,1,1,2,1,4,1,1,1,1,1,1,4,2,3,3,3,2,2,2,1,1,1,1,1,3,6,1,2,3,2,1,1,3,2,1,3;1,1,1,1,1,1,1,1,1,2,1,1,1,2,1,1,1,1,1,1,1,1,1,3,1,1,3,1,1,1,1,1,2,1,4,1,1,1,1,1,1,4,2,3,3,3,2,2,2,1,1,1,1,1,3,6,1,2,3,2,1,1,3,2,1,3,1,1,1,3,2,1,2,4,2,1,3,1,1,4,2,1,1,1,2,1,5,1,2,1,1,3,3,1,4,4,1,2,5,1,5,4
3964775;871;157;63486606161;82;13.966925059134809;82;114;114;10;91;37;17;12;0.5796178343949044;0.2356687898089172;0.10828025477707007;0.07643312101910828;1.7261146496815287;1,1,2,1,1,1,1,1,1,1,2,1,2,1,3,2,1,1,2,1,1,1,1,2,3,1,3,1,1,1;1,1,2,1,1,1,1,1,1,1,2,1,2,1,3,2,1,1,2,1,1,1,1,2,3,1,3,1,1,1,1,1,1,1,1,1,1,2,1,4,1,1,1,3,1,1,1,4,1,2,1,2,2,1,2,1,1,1,1,2,1,1,1,1,3,2,1,1,1,1,5,1,1,1,1,1,1,1,1,1,2,1;1,1,2,1,1,1,1,1,1,1,2,1,2,1,3,2,1,1,2,1,1,1,1,2,3,1,3,1,1,1,1,1,1,1,1,1,1,2,1,4,1,1,1,3,1,1,1,4,1,2,1,2,2,1,2,1,1,1,1,2,1,1,1,1,3,2,1,1,1,1,5,1,1,1,1,1,1,1,1,1,2,1;1,1,2,1,1,1,1,1,1,1,2,1,2,1,3,2,1,1,2,1,1,1,1,2,3,1,3,1,1,1,1,1,1,1,1,1,1,2,1,4,1,1,1,3,1,1,1,4,1,2,1,2,2,1,2,1,1,1,1,2,1,1,1,1,3,2,1,1,1,1,5,1,1,1,1,1,1,1,1,1,2,1,2,3,1,1,1,2,3,1,4,1,6,2,1,2,1,1,2,4,1,2,1,1,2,1,2,3,1,1,2,3,3,6;1,1,2,1,1,1,1,1,1,1,2,1,2,1,3,2,1,1,2,1,1,1,1,2,3,1,3,1,1,1,1,1,1,1,1,1,1,2,1,4,1,1,1,3,1,1,1,4,1,2,1,2,2,1,2,1,1,1,1,2,1,1,1,1,3,2,1,1,1,1,5,1,1,1,1,1,1,1,1,1,2,1,2,3,1,1,1,2,3,1,4,1,6,2,1,2,1,1,2,4,1,2,1,1,2,1,2,3,1,1,2,3,3,6,5,1,1,1,2,1,1,3,2,2,2,1,2,3,2,1,2,1,5,1,2,2,3,1,2,2,4,2,1,1,1,1,1,1,2,4,3,3,3,1,2,3,4
358847;447;62;5734125917;29;13.963912520913524;29;42;42;12;37;10;8;7;0.5967741935483871;0.16129032258064516;0.12903225806451613;0.11290322580645161;1.8870967741935485;1,1,1,1,1,2,1,1,2,1,1,1,1,1,1,1,1,1,1,1,1,2,1,1,1,1,1,1,1,3;1,1,1,1,1,2,1,1,2,1,1,1,1,1,1,1,1,1,1,1,1,2,1,1,1,1,1,1,1;1,1,1,1,1,2,1,1,2,1,1,1,1,1,1,1,1,1,1,1,1,2,1,1,1,1,1,1,1;1,1,1,1,1,2,1,1,2,1,1,1,1,1,1,1,1,1,1,1,1,2,1,1,1,1,1,1,1,3,1,4,6,4,1,2,2,3,2,1,3,3;1,1,1,1,1,2,1,1,2,1,1,1,1,1,1,1,1,1,1,1,1,2,1,1,1,1,1,1,1,3,1,4,6,4,1,2,2,3,2,1,3,3,9,1,1,5,2,1,1,3,2,3,1,2,1,4,1,3,1,2,3,4
3252223;1023;108;51968116565;29;13.963912520913524;29;34;34;12;67;22;7;12;0.6203703703703703;0.2037037037037037;0.06481481481481481;0.1111111111111111;1.787037037037037;1,1,1,1,1,1,1,1,1,1,1,1,2,1,2,1,1,1,1,1,1,1,2,1,1,1,1,1,1,9;1,1,1,1,1,1,1,1,1,1,1,1,2,1,2,1,1,1,1,1,1,1,2,1,1,1,1,1,1;1,1,1,1,1,1,1,1,1,1,1,1,2,1,2,1,1,1,1,1,1,1,2,1,1,1,1,1,1;1,1,1,1,1,1,1,1,1,1,1,1,2,1,2,1,1,1,1,1,1,1,2,1,1,1,1,1,1,9,1,2,4,7;1,1,1,1,1,1,1,1,1,1,1,1,2,1,2,1,1,1,1,1,1,1,2,1,1,1,1,1,1,9,1,2,4,7,3,1,1,1,2,2,2,1,1,1,3,1,3,1,1,2,2,1,1,2,3,1,1,1,1,1,5,2,2,2,1,1,1,2,4,2,4,1,7,1,4,1,2,1,1,2,1,1,1,2,3,1,1,2,1,2,1,1,1,1,1,3,1,1,1,4,2,2,4,3,1,1,5,4
2672383;767;122;42216015293;70;13.947375050480929;70;87;87;10;70;30;11;11;0.5737704918032787;0.2459016393442623;0.09016393442622951;0.09016393442622951;1.7622950819672132;1,1,1,1,1,1,1,2,1,3,1,2,2,2,1,1,2,1,1,1,2,3,1,1,2,2,1,2,1,1;1,1,1,1,1,1,1,2,1,3,1,2,2,2,1,1,2,1,1,1,2,3,1,1,2,2,1,2,1,1,1,1,2,1,1,2,1,1,1,1,1,1,1,1,1,1,2,3,1,2,1,5,1,2,2,1,1,1,1,2,1,1,2,1,1,1,1,1,1,1;1,1,1,1,1,1,1,2,1,3,1,2,2,2,1,1,2,1,1,1,2,3,1,1,2,2,1,2,1,1,1,1,2,1,1,2,1,1,1,1,1,1,1,1,1,1,2,3,1,2,1,5,1,2,2,1,1,1,1,2,1,1,2,1,1,1,1,1,1,1;1,1,1,1,1,1,1,2,1,3,1,2,2,2,1,1,2,1,1,1,2,3,1,1,2,2,1,2,1,1,1,1,2,1,1,2,1,1,1,1,1,1,1,1,1,1,2,3,1,2,1,5,1,2,2,1,1,1,1,2,1,1,2,1,1,1,1,1,1,1,3,1,1,2,1,5,3,1,2,4,3,1,1,2,4,2,9;1,1,1,1,1,1,1,2,1,3,1,2,2,2,1,1,2,1,1,1,2,3,1,1,2,2,1,2,1,1,1,1,2,1,1,2,1,1,1,1,1,1,1,1,1,1,2,3,1,2,1,5,1,2,2,1,1,1,1,2,1,1,2,1,1,1,1,1,1,1,3,1,1,2,1,5,3,1,2,4,3,1,1,2,4,2,9,4,3,1,1,1,4,1,1,1,2,1,1,1,2,2,1,3,2,3,1,2,1,2,3,2,1,2,5,4,4,1,1,2,3,4
3243167;159;132;50543191457;58;13.927825041827049;58;92;92;5;76;34;10;12;0.5757575757575758;0.25757575757575757;0.07575757575757576;0.09090909090909091;1.75;1,1,1,1,2,1,1,1,2,2,2,1,3,1,1,2,1,1,1,2,1,1,2,1,1,1,2,1,1,1;1,1,1,1,2,1,1,1,2,2,2,1,3,1,1,2,1,1,1,2,1,1,2,1,1,1,2,1,1,1,1,2,2,1,1,1,2,1,1,2,1,1,1,1,1,2,1,4,2,1,1,1,1,2,1,1,1,1;1,1,1,1,2,1,1,1,2,2,2,1,3,1,1,2,1,1,1,2,1,1,2,1,1,1,2,1,1,1,1,2,2,1,1,1,2,1,1,2,1,1,1,1,1,2,1,4,2,1,1,1,1,2,1,1,1,1;1,1,1,1,2,1,1,1,2,2,2,1,3,1,1,2,1,1,1,2,1,1,2,1,1,1,2,1,1,1,1,2,2,1,1,1,2,1,1,2,1,1,1,1,1,2,1,4,2,1,1,1,1,2,1,1,1,1,2,2,1,2,2,3,1,1,1,7,3,2,1,1,3,2,1,1,2,1,3,3,1,2,1,1,2,1,1,4,5,1,1,4;1,1,1,1,2,1,1,1,2,2,2,1,3,1,1,2,1,1,1,2,1,1,2,1,1,1,2,1,1,1,1,2,2,1,1,1,2,1,1,2,1,1,1,1,1,2,1,4,2,1,1,1,1,2,1,1,1,1,2,2,1,2,2,3,1,1,1,7,3,2,1,1,3,2,1,1,2,1,3,3,1,2,1,1,2,1,1,4,5,1,1,4,1,1,3,2,1,1,1,3,1,2,2,1,6,2,1,1,2,2,6,1,2,4,3,1,1,1,2,1,1,1,1,4,2,2,4,3,1,1,5,4
3356201;553;154;52304792741;58;13.927825041827049;58;1;1;12;93;32;14;15;0.6038961038961039;0.2077922077922078;0.09090909090909091;0.09740259740259741;1.7272727272727273;2,1,1,1,1,2,1,1,1,1,1,3,1,4,1,3,1,1,1,2,1,1,1,2,1,1,1,1,1,2;2,1,1,1,1,2,1,1,1,1,1,3,1,4,1,3,1,1,1,2,1,1,1,2,1,1,1,1,1,2,2,1,1,2,1,1,2,1,1,4,1,1,1,1,1,1,1,1,1,1,1,1,2,2,1,1,1,1;2,1,1,1,1,2,1,1,1,1,1,3,1,4,1,3,1,1,1,2,1,1,1,2,1,1,1,1,1,2,2,1,1,2,1,1,2,1,1,4,1,1,1,1,1,1,1,1,1,1,1,1,2,2,1,1,1,1;2;2,1,1,1,1,2,1,1,1,1,1,3,1,4,1,3,1,1,1,2,1,1,1,2,1,1,1,1,1,2,2,1,1,2,1,1,2,1,1,4,1,1,1,1,1,1,1,1,1,1,1,1,2,2,1,1,1,1,4,1,1,1,1,4,3,1,2,1,2,1,2,3,3,1,4,3,1,1,2,3,4,6,2,2,1,2,2,1,1,2,1,4,1,1,2,2,3,1,2,1,5,1,1,5,1,1,3,1,3,1,1,3,1,2,6,1,1,1,1,2,2,1,2,1,1,2,1,1,1,2,3,1,1,2,1,2,1,1,1,1,1,3,1,1,1,4,2,2,4,3,1,1,5,4
540543;895;150;8216025965;87;13.891737562740587;87;102;102;7;91;33;14;12;0.6066666666666667;0.22;0.09333333333333334;0.08;1.7133333333333334;1,1,1,1,1,1,3,3,1,1,3,1,1,1,1,1,2,1,1,1,1,1,1,1,3,1,1,2,1,2;1,1,1,1,1,1,3,3,1,1,3,1,1,1,1,1,2,1,1,1,1,1,1,1,3,1,1,2,1,2,1,1,1,2,1,1,1,1,4,1,1,2,1,1,1,2,3,1,1,1,1,2,1,3,2,2,1,2,2,1,1,2,1,1,1,2,1,2,1,1,1,2,5,2,1,1,1,1,1,1,2,1,1,2,1,1,1;1,1,1,1,1,1,3,3,1,1,3,1,1,1,1,1,2,1,1,1,1,1,1,1,3,1,1,2,1,2,1,1,1,2,1,1,1,1,4,1,1,2,1,1,1,2,3,1,1,1,1,2,1,3,2,2,1,2,2,1,1,2,1,1,1,2,1,2,1,1,1,2,5,2,1,1,1,1,1,1,2,1,1,2,1,1,1;1,1,1,1,1,1,3,3,1,1,3,1,1,1,1,1,2,1,1,1,1,1,1,1,3,1,1,2,1,2,1,1,1,2,1,1,1,1,4,1,1,2,1,1,1,2,3,1,1,1,1,2,1,3,2,2,1,2,2,1,1,2,1,1,1,2,1,2,1,1,1,2,5,2,1,1,1,1,1,1,2,1,1,2,1,1,1,3,2,1,1,3,1,6,2,2,2,1,3,4,2,5;1,1,1,1,1,1,3,3,1,1,3,1,1,1,1,1,2,1,1,1,1,1,1,1,3,1,1,2,1,2,1,1,1,2,1,1,1,1,4,1,1,2,1,1,1,2,3,1,1,1,1,2,1,3,2,2,1,2,2,1,1,2,1,1,1,2,1,2,1,1,1,2,5,2,1,1,1,1,1,1,2,1,1,2,1,1,1,3,2,1,1,3,1,6,2,2,2,1,3,4,2,5,9,2,3,1,4,1,1,2,2,3,1,1,1,1,4,1,2,1,1,2,1,1,1,2,3,1,1,2,1,2,1,1,1,1,1,3,1,1,1,4,2,2,4,3,1,1,5,4
378043;187;67;5734125917;34;13.888725024519303;34;4;4;12;40;11;9;7;0.5970149253731343;0.16417910447761194;0.13432835820895522;0.1044776119402985;1.8656716417910448;1,2,1,3,1,1,1,1,1,1,2,1,1,2,1,1,1,1,1,1,1,1,1,1,1,1,2,1,1,1;1,2,1,3,1,1,1,1,1,1,2,1,1,2,1,1,1,1,1,1,1,1,1,1,1,1,2,1,1,1,1,1,1,1;1,2,1,3,1,1,1,1,1,1,2,1,1,2,1,1,1,1,1,1,1,1,1,1,1,1,2,1,1,1,1,1,1,1;1,2,1,3;1,2,1,3,1,1,1,1,1,1,2,1,1,2,1,1,1,1,1,1,1,1,1,1,1,1,2,1,1,1,1,1,1,1,3,1,4,6,4,1,2,2,3,2,1,3,3,9,1,1,5,2,1,1,3,2,3,1,2,1,4,1,3,1,2,3,4
2559903;927;117;38828142341;34;13.888725024519303;34;82;82;16;69;23;16;9;0.5897435897435898;0.19658119658119658;0.13675213675213677;0.07692307692307693;1.7692307692307692;1,1,1,1,2,1,3,1,1,1,1,2,1,1,1,2,1,2,1,1,1,1,1,1,1,1,1,1,1,1;1,1,1,1,2,1,3,1,1,1,1,2,1,1,1,2,1,2,1,1,1,1,1,1,1,1,1,1,1,1,1,1,1,1;1,1,1,1,2,1,3,1,1,1,1,2,1,1,1,2,1,2,1,1,1,1,1,1,1,1,1,1,1,1,1,1,1,1;1,1,1,1,2,1,3,1,1,1,1,2,1,1,1,2,1,2,1,1,1,1,1,1,1,1,1,1,1,1,1,1,1,1,4,2,3,1,2,1,1,3,1,2,1,1,1,2,5,1,1,1,1,2,1,1,1,3,1,1,1,1,3,6,1,2,1,1,2,2,1,1,3,2,3,4,1,2,3,2,1,3;1,1,1,1,2,1,3,1,1,1,1,2,1,1,1,2,1,2,1,1,1,1,1,1,1,1,1,1,1,1,1,1,1,1,4,2,3,1,2,1,1,3,1,2,1,1,1,2,5,1,1,1,1,2,1,1,1,3,1,1,1,1,3,6,1,2,1,1,2,2,1,1,3,2,3,4,1,2,3,2,1,3,3,1,1,1,1,3,2,1,1,2,1,5,1,2,6,3,3,1,1,1,2,2,2,6,3,1,2,1,4,1,3,1,2,3,4
3512991;671;142;51968116565;63;13.852637545432827;63;8;8;12;90;27;11;14;0.6338028169014085;0.19014084507042253;0.07746478873239436;0.09859154929577464;1.7394366197183098;1,1,1,1,2,1,1,5,1,1,1,1,1,1,2,1,1,1,1,1,1,3,1,3,1,2,3,3,1,1;1,1,1,1,2,1,1,5,1,1,1,1,1,1,2,1,1,1,1,1,1,3,1,3,1,2,3,3,1,1,1,2,4,2,1,1,1,1,1,1,1,1,1,1,1,1,2,1,2,1,1,1,1,1,1,1,2,1,1,1,1,1,1;1,1,1,1,2,1,1,5,1,1,1,1,1,1,2,1,1,1,1,1,1,3,1,3,1,2,3,3,1,1,1,2,4,2,1,1,1,1,1,1,1,1,1,1,1,1,2,1,2,1,1,1,1,1,1,1,2,1,1,1,1,1,1;1,1,1,1,2,1,1,5;1,1,1,1,2,1,1,5,1,1,1,1,1,1,2,1,1,1,1,1,1,3,1,3,1,2,3,3,1,1,1,2,4,2,1,1,1,1,1,1,1,1,1,1,1,1,2,1,2,1,1,1,1,1,1,1,2,1,1,1,1,1,1,9,1,2,4,7,3,1,1,1,2,2,2,1,1,1,3,1,3,1,1,2,2,1,1,2,3,1,1,1,1,1,5,2,2,2,1,1,1,2,4,2,4,1,7,1,4,1,2,1,1,2,1,1,1,2,3,1,1,2,1,2,1,1,1,1,1,3,1,1,1,4,2,2,4,3,1,1,5,4
3985387;1003;152;58956314129;63;13.852637545432827;63;3;3;7;88;34;18;12;0.5789473684210527;0.2236842105263158;0.11842105263157894;0.07894736842105263;1.730263157894737;1,2,2,1,1,1,2,1,3,1,2,1,1,1,2,1,2,1,1,1,2,1,1,3,1,1,1,1,1,1;1,2,2,1,1,1,2,1,3,1,2,1,1,1,2,1,2,1,1,1,2,1,1,3,1,1,1,1,1,1,1,3,1,1,1,1,1,2,3,1,1,1,1,2,1,1,1,1,1,1,1,2,1,2,2,1,2,2,2,1,1,1,1;1,2,2,1,1,1,2,1,3,1,2,1,1,1,2,1,2,1,1,1,2,1,1,3,1,1,1,1,1,1,1,3,1,1,1,1,1,2,3,1,1,1,1,2,1,1,1,1,1,1,1,2,1,2,2,1,2,2,2,1,1,1,1;1,2,2;1,2,2,1,1,1,2,1,3,1,2,1,1,1,2,1,2,1,1,1,2,1,1,3,1,1,1,1,1,1,1,3,1,1,1,1,1,2,3,1,1,1,1,2,1,1,1,1,1,1,1,2,1,2,2,1,2,2,2,1,1,1,1,2,3,5,3,1,1,3,3,1,3,3,1,1,1,1,1,3,2,1,1,1,1,1,1,2,2,1,1,1,5,4,1,2,1,1,2,3,3,2,1,5,4,2,2,1,1,2,1,1,1,3,3,5,1,4,3,1,1,2,1,1,2,1,1,2,2,1,2,1,2,4,3,1,1,1,2,1,1,1,1,4,2,2,4,3,1,1,5,4
2084863;1023;162;30079718549;92;13.816550066346366;92;107;107;11;104;26;19;13;0.6419753086419753;0.16049382716049382;0.11728395061728394;0.08024691358024691;1.7160493827160495;1,1,1,1,1,1,1,1,1,1,1,3,1,2,3,1,1,1,1,1,1,1,1,1,3,1,1,2,1,2;1,1,1,1,1,1,1,1,1,1,1,3,1,2,3,1,1,1,1,1,1,1,1,1,3,1,1,2,1,2,3,2,1,1,1,1,3,1,4,2,1,1,1,1,1,1,1,3,1,1,1,1,1,3,3,1,1,1,2,1,1,1,4,1,1,1,2,2,1,1,1,2,2,2,1,1,1,1,2,1,1,3,1,1,1,2,2,3,1,1,1,1;1,1,1,1,1,1,1,1,1,1,1,3,1,2,3,1,1,1,1,1,1,1,1,1,3,1,1,2,1,2,3,2,1,1,1,1,3,1,4,2,1,1,1,1,1,1,1,3,1,1,1,1,1,3,3,1,1,1,2,1,1,1,4,1,1,1,2,2,1,1,1,2,2,2,1,1,1,1,2,1,1,3,1,1,1,2,2,3,1,1,1,1;1,1,1,1,1,1,1,1,1,1,1,3,1,2,3,1,1,1,1,1,1,1,1,1,3,1,1,2,1,2,3,2,1,1,1,1,3,1,4,2,1,1,1,1,1,1,1,3,1,1,1,1,1,3,3,1,1,1,2,1,1,1,4,1,1,1,2,2,1,1,1,2,2,2,1,1,1,1,2,1,1,3,1,1,1,2,2,3,1,1,1,1,6,1,1,3,2,3,1,1,1,1,1,1,5,5,10;1,1,1,1,1,1,1,1,1,1,1,3,1,2,3,1,1,1,1,1,1,1,1,1,3,1,1,2,1,2,3,2,1,1,1,1,3,1,4,2,1,1,1,1,1,1,1,3,1,1,1,1,1,3,3,1,1,1,2,1,1,1,4,1,1,1,2,2,1,1,1,2,2,2,1,1,1,1,2,1,1,3,1,1,1,2,2,3,1,1,1,1,6,1,1,3,2,3,1,1,1,1,1,1,5,5,10,2,1,4,3,1,3,1,1,1,6,1,3,4,2,1,1,3,1,1,1,2,2,1,2,1,1,2,1,1,1,2,3,1,1,2,1,2,1,1,1,1,1,3,1,1,1,4,2,2,4,3,1,1,5,4
565247;1023;119;8138196845;39;13.813537528125089;39;95;95;12;70;26;14;9;0.5882352941176471;0.2184873949579832;0.11764705882352941;0.07563025210084033;1.7478991596638656;1,1,1,1,1,1,1,1,1,1,1,1,2,1,1,1,2,1,1,3,1,1,1,2,1,4,1,1,1,1;1,1,1,1,1,1,1,1,1,1,1,1,2,1,1,1,2,1,1,3,1,1,1,2,1,4,1,1,1,1,1,1,1,2,1,1,1,1,1;1,1,1,1,1,1,1,1,1,1,1,1,2,1,1,1,2,1,1,3,1,1,1,2,1,4,1,1,1,1,1,1,1,2,1,1,1,1,1;1,1,1,1,1,1,1,1,1,1,1,1,2,1,1,1,2,1,1,3,1,1,1,2,1,4,1,1,1,1,1,1,1,2,1,1,1,1,1,3,2,1,1,5,2,2,2,3,2,4,1,1,1,1,1,2,1,1,1,1,1,1,2,1,2,2,3,1,1,2,2,1,1,3,1,3,1,2,1,2,1,8,1,3,1,1,2,1,1,1,1,1,1,6,3;1,1,1,1,1,1,1,1,1,1,1,1,2,1,1,1,2,1,1,3,1,1,1,2,1,4,1,1,1,1,1,1,1,2,1,1,1,1,1,3,2,1,1,5,2,2,2,3,2,4,1,1,1,1,1,2,1,1,1,1,1,1,2,1,2,2,3,1,1,2,2,1,1,3,1,3,1,2,1,2,1,8,1,3,1,1,2,1,1,1,1,1,1,6,3,3,5,3,2,2,1,2,2,4,3,2,1,2,3,1,2,1,4,1,3,1,2,3,4
3233107;339;120;46548912269;39;13.813537528125089;39;2;2;13;76;16;16;12;0.6333333333333333;0.13333333333333333;0.13333333333333333;0.1;1.7666666666666666;1,3,1,1,1,1,1,1,1,1,1,1,1,1,1,2,1,2,1,3,1,1,1,1,1,1,1,1,1,1;1,3,1,1,1,1,1,1,1,1,1,1,1,1,1,2,1,2,1,3,1,1,1,1,1,1,1,1,1,1,3,1,1,1,1,1,1,2,1;1,3,1,1,1,1,1,1,1,1,1,1,1,1,1,2,1,2,1,3,1,1,1,1,1,1,1,1,1,1,3,1,1,1,1,1,1,2,1;1,3;1,3,1,1,1,1,1,1,1,1,1,1,1,1,1,2,1,2,1,3,1,1,1,1,1,1,1,1,1,1,3,1,1,1,1,1,1,2,1,3,5,3,3,1,2,2,4,2,1,1,1,3,3,1,1,1,2,1,1,1,3,2,3,1,1,5,3,3,1,1,1,1,1,1,1,4,3,1,1,1,2,1,6,1,2,5,1,4,6,1,1,2,1,1,1,2,3,1,1,2,1,2,1,1,1,1,1,3,1,1,1,4,2,2,4,3,1,1,5,4
577231;719;143;8216025965;80;13.797000057692486;80;95;95;7;86;33;12;12;0.6013986013986014;0.23076923076923078;0.08391608391608392;0.08391608391608392;1.7202797202797202;1,1,1,3,1,1,1,1,1,2,1,1,1,1,1,1,1,3,1,1,2,1,2,1,1,1,2,1,1,1;1,1,1,3,1,1,1,1,1,2,1,1,1,1,1,1,1,3,1,1,2,1,2,1,1,1,2,1,1,1,1,4,1,1,2,1,1,1,2,3,1,1,1,1,2,1,3,2,2,1,2,2,1,1,2,1,1,1,2,1,2,1,1,1,2,5,2,1,1,1,1,1,1,2,1,1,2,1,1,1;1,1,1,3,1,1,1,1,1,2,1,1,1,1,1,1,1,3,1,1,2,1,2,1,1,1,2,1,1,1,1,4,1,1,2,1,1,1,2,3,1,1,1,1,2,1,3,2,2,1,2,2,1,1,2,1,1,1,2,1,2,1,1,1,2,5,2,1,1,1,1,1,1,2,1,1,2,1,1,1;1,1,1,3,1,1,1,1,1,2,1,1,1,1,1,1,1,3,1,1,2,1,2,1,1,1,2,1,1,1,1,4,1,1,2,1,1,1,2,3,1,1,1,1,2,1,3,2,2,1,2,2,1,1,2,1,1,1,2,1,2,1,1,1,2,5,2,1,1,1,1,1,1,2,1,1,2,1,1,1,3,2,1,1,3,1,6,2,2,2,1,3,4,2,5;1,1,1,3,1,1,1,1,1,2,1,1,1,1,1,1,1,3,1,1,2,1,2,1,1,1,2,1,1,1,1,4,1,1,2,1,1,1,2,3,1,1,1,1,2,1,3,2,2,1,2,2,1,1,2,1,1,1,2,1,2,1,1,1,2,5,2,1,1,1,1,1,1,2,1,1,2,1,1,1,3,2,1,1,3,1,6,2,2,2,1,3,4,2,5,9,2,3,1,4,1,1,2,2,3,1,1,1,1,4,1,2,1,1,2,1,1,1,2,3,1,1,2,1,2,1,1,1,1,1,3,1,1,1,4,2,2,4,3,1,1,5,4
3751423;511;135;51968116565;56;13.75790004038474;56;27;27;12;85;25;12;13;0.6296296296296297;0.18518518518518517;0.08888888888888889;0.0962962962962963;1.7481481481481482;1,1,1,1,1,1,1,1,3,1,1,1,1,1,3,1,3,1,2,3,3,1,1,1,2,4,2,1,1,1;1,1,1,1,1,1,1,1,3,1,1,1,1,1,3,1,3,1,2,3,3,1,1,1,2,4,2,1,1,1,1,1,1,1,1,1,1,1,1,2,1,2,1,1,1,1,1,1,1,2,1,1,1,1,1,1;1,1,1,1,1,1,1,1,3,1,1,1,1,1,3,1,3,1,2,3,3,1,1,1,2,4,2,1,1,1,1,1,1,1,1,1,1,1,1,2,1,2,1,1,1,1,1,1,1,2,1,1,1,1,1,1;1,1,1,1,1,1,1,1,3,1,1,1,1,1,3,1,3,1,2,3,3,1,1,1,2,4,2;1,1,1,1,1,1,1,1,3,1,1,1,1,1,3,1,3,1,2,3,3,1,1,1,2,4,2,1,1,1,1,1,1,1,1,1,1,1,1,2,1,2,1,1,1,1,1,1,1,2,1,1,1,1,1,1,9,1,2,4,7,3,1,1,1,2,2,2,1,1,1,3,1,3,1,1,2,2,1,1,2,3,1,1,1,1,1,5,2,2,2,1,1,1,2,4,2,4,1,7,1,4,1,2,1,1,2,1,1,1,2,3,1,1,2,1,2,1,1,1,1,1,3,1,1,1,4,2,2,4,3,1,1,5,4
3775727;239;152;52304792741;56;13.75790004038474;56;80;80;12;92;31;14;15;0.6052631578947368;0.20394736842105263;0.09210526315789473;0.09868421052631579;1.730263157894737;1,1,1,2,1,1,1,1,1,3,1,4,1,3,1,1,1,2,1,1,1,2,1,1,1,1,1,2,2,1;1,1,1,2,1,1,1,1,1,3,1,4,1,3,1,1,1,2,1,1,1,2,1,1,1,1,1,2,2,1,1,2,1,1,2,1,1,4,1,1,1,1,1,1,1,1,1,1,1,1,2,2,1,1,1,1;1,1,1,2,1,1,1,1,1,3,1,4,1,3,1,1,1,2,1,1,1,2,1,1,1,1,1,2,2,1,1,2,1,1,2,1,1,4,1,1,1,1,1,1,1,1,1,1,1,1,2,2,1,1,1,1;1,1,1,2,1,1,1,1,1,3,1,4,1,3,1,1,1,2,1,1,1,2,1,1,1,1,1,2,2,1,1,2,1,1,2,1,1,4,1,1,1,1,1,1,1,1,1,1,1,1,2,2,1,1,1,1,4,1,1,1,1,4,3,1,2,1,2,1,2,3,3,1,4,3,1,1,2,3,4,6;1,1,1,2,1,1,1,1,1,3,1,4,1,3,1,1,1,2,1,1,1,2,1,1,1,1,1,2,2,1,1,2,1,1,2,1,1,4,1,1,1,1,1,1,1,1,1,1,1,1,2,2,1,1,1,1,4,1,1,1,1,4,3,1,2,1,2,1,2,3,3,1,4,3,1,1,2,3,4,6,2,2,1,2,2,1,1,2,1,4,1,1,2,2,3,1,2,1,5,1,1,5,1,1,3,1,3,1,1,3,1,2,6,1,1,1,1,2,2,1,2,1,1,2,1,1,1,2,3,1,1,2,1,2,1,1,1,1,1,3,1,1,1,4,2,2,4,3,1,1,5,4
3888063;959;106;53860955093;56;13.75790004038474;56;82;82;9;65;21;10;10;0.6132075471698113;0.19811320754716982;0.09433962264150944;0.09433962264150944;1.7924528301886793;1,1,1,1,1,2,1,2,1,2,1,1,2,2,1,1,2,1,2,1,2,1,1,2,3,1,1,1,1,1;1,1,1,1,1,2,1,2,1,2,1,1,2,2,1,1,2,1,2,1,2,1,1,2,3,1,1,1,1,1,1,1,1,1,2,1,2,1,1,1,3,1,1,1,2,1,1,1,1,1,2,2,1,2,1,1;1,1,1,1,1,2,1,2,1,2,1,1,2,2,1,1,2,1,2,1,2,1,1,2,3,1,1,1,1,1,1,1,1,1,2,1,2,1,1,1,3,1,1,1,2,1,1,1,1,1,2,2,1,2,1,1;1,1,1,1,1,2,1,2,1,2,1,1,2,2,1,1,2,1,2,1,2,1,1,2,3,1,1,1,1,1,1,1,1,1,2,1,2,1,1,1,3,1,1,1,2,1,1,1,1,1,2,2,1,2,1,1,7,1,1,3,1,3,1,3,4,2,1,1,3,1,3,1,1,2,1,1,1,3,1,3,2,5;1,1,1,1,1,2,1,2,1,2,1,1,2,2,1,1,2,1,2,1,2,1,1,2,3,1,1,1,1,1,1,1,1,1,2,1,2,1,1,1,3,1,1,1,2,1,1,1,1,1,2,2,1,2,1,1,7,1,1,3,1,3,1,3,4,2,1,1,3,1,3,1,1,2,1,1,1,3,1,3,2,5,1,4,1,1,1,1,9,1,2,2,1,1,1,1,1,4,4,1,3,2,1,7,5,4
4255881;137;145;58956314129;56;13.75790004038474;56;1;1;7;84;32;17;12;0.5793103448275863;0.2206896551724138;0.11724137931034483;0.08275862068965517;1.7379310344827585;2,1,1,2,1,1,1,2,1,2,1,1,1,2,1,1,3,1,1,1,1,1,1,1,3,1,1,1,1,1;2,1,1,2,1,1,1,2,1,2,1,1,1,2,1,1,3,1,1,1,1,1,1,1,3,1,1,1,1,1,2,3,1,1,1,1,2,1,1,1,1,1,1,1,2,1,2,2,1,2,2,2,1,1,1,1;2,1,1,2,1,1,1,2,1,2,1,1,1,2,1,1,3,1,1,1,1,1,1,1,3,1,1,1,1,1,2,3,1,1,1,1,2,1,1,1,1,1,1,1,2,1,2,2,1,2,2,2,1,1,1,1;2;2,1,1,2,1,1,1,2,1,2,1,1,1,2,1,1,3,1,1,1,1,1,1,1,3,1,1,1,1,1,2,3,1,1,1,1,2,1,1,1,1,1,1,1,2,1,2,2,1,2,2,2,1,1,1,1,2,3,5,3,1,1,3,3,1,3,3,1,1,1,1,1,3,2,1,1,1,1,1,1,2,2,1,1,1,5,4,1,2,1,1,2,3,3,2,1,5,4,2,2,1,1,2,1,1,1,3,3,5,1,4,3,1,1,2,1,1,2,1,1,2,2,1,2,1,2,4,3,1,1,1,2,1,1,1,1,4,2,2,4,3,1,1,5,4
3827241;553;140;52304792741;44;13.738350031730874;44;1;1;12;83;31;12;14;0.5928571428571429;0.22142857142857142;0.08571428571428572;0.1;1.7428571428571429;2,1,1,1,1,2,1,1,1,2,1,1,1,1,1,2,2,1,1,2,1,1,2,1,1,4,1,1,1,1;2,1,1,1,1,2,1,1,1,2,1,1,1,1,1,2,2,1,1,2,1,1,2,1,1,4,1,1,1,1,1,1,1,1,1,1,1,1,2,2,1,1,1,1;2,1,1,1,1,2,1,1,1,2,1,1,1,1,1,2,2,1,1,2,1,1,2,1,1,4,1,1,1,1,1,1,1,1,1,1,1,1,2,2,1,1,1,1;2;2,1,1,1,1,2,1,1,1,2,1,1,1,1,1,2,2,1,1,2,1,1,2,1,1,4,1,1,1,1,1,1,1,1,1,1,1,1,2,2,1,1,1,1,4,1,1,1,1,4,3,1,2,1,2,1,2,3,3,1,4,3,1,1,2,3,4,6,2,2,1,2,2,1,1,2,1,4,1,1,2,2,3,1,2,1,5,1,1,5,1,1,3,1,3,1,1,3,1,2,6,1,1,1,1,2,2,1,2,1,1,2,1,1,1,2,3,1,1,2,1,2,1,1,1,1,1,3,1,1,1,4,2,2,4,3,1,1,5,4
608111;879;148;8216025965;85;13.721812561298265;85;100;100;7;89;34;13;12;0.6013513513513513;0.22972972972972974;0.08783783783783784;0.08108108108108109;1.7162162162162162;1,1,1,2,1,3,1,1,3,1,1,1,1,1,2,1,1,1,1,1,1,1,3,1,1,2,1,2,1,1;1,1,1,2,1,3,1,1,3,1,1,1,1,1,2,1,1,1,1,1,1,1,3,1,1,2,1,2,1,1,1,2,1,1,1,1,4,1,1,2,1,1,1,2,3,1,1,1,1,2,1,3,2,2,1,2,2,1,1,2,1,1,1,2,1,2,1,1,1,2,5,2,1,1,1,1,1,1,2,1,1,2,1,1,1;1,1,1,2,1,3,1,1,3,1,1,1,1,1,2,1,1,1,1,1,1,1,3,1,1,2,1,2,1,1,1,2,1,1,1,1,4,1,1,2,1,1,1,2,3,1,1,1,1,2,1,3,2,2,1,2,2,1,1,2,1,1,1,2,1,2,1,1,1,2,5,2,1,1,1,1,1,1,2,1,1,2,1,1,1;1,1,1,2,1,3,1,1,3,1,1,1,1,1,2,1,1,1,1,1,1,1,3,1,1,2,1,2,1,1,1,2,1,1,1,1,4,1,1,2,1,1,1,2,3,1,1,1,1,2,1,3,2,2,1,2,2,1,1,2,1,1,1,2,1,2,1,1,1,2,5,2,1,1,1,1,1,1,2,1,1,2,1,1,1,3,2,1,1,3,1,6,2,2,2,1,3,4,2,5;1,1,1,2,1,3,1,1,3,1,1,1,1,1,2,1,1,1,1,1,1,1,3,1,1,2,1,2,1,1,1,2,1,1,1,1,4,1,1,2,1,1,1,2,3,1,1,1,1,2,1,3,2,2,1,2,2,1,1,2,1,1,1,2,1,2,1,1,1,2,5,2,1,1,1,1,1,1,2,1,1,2,1,1,1,3,2,1,1,3,1,6,2,2,2,1,3,4,2,5,9,2,3,1,4,1,1,2,2,3,1,1,1,1,4,1,2,1,1,2,1,1,1,2,3,1,1,2,1,2,1,1,1,1,1,3,1,1,1,4,2,2,4,3,1,1,5,4
425299;339;65;5734125917;32;13.718800023076994;32;2;2;12;39;10;9;7;0.6;0.15384615384615385;0.13846153846153847;0.1076923076923077;1.876923076923077;1,3,1,1,1,1,1,1,2,1,1,2,1,1,1,1,1,1,1,1,1,1,1,1,2,1,1,1,1,1;1,3,1,1,1,1,1,1,2,1,1,2,1,1,1,1,1,1,1,1,1,1,1,1,2,1,1,1,1,1,1,1;1,3,1,1,1,1,1,1,2,1,1,2,1,1,1,1,1,1,1,1,1,1,1,1,2,1,1,1,1,1,1,1;1,3;1,3,1,1,1,1,1,1,2,1,1,2,1,1,1,1,1,1,1,1,1,1,1,1,2,1,1,1,1,1,1,1,3,1,4,6,4,1,2,2,3,2,1,3,3,9,1,1,5,2,1,1,3,2,3,1,2,1,4,1,3,1,2,3,4
1409023;1023;86;18997161173;32;13.718800023076994;32;44;44;14;51;17;9;9;0.5930232558139535;0.19767441860465115;0.10465116279069768;0.10465116279069768;1.8255813953488371;1,1,1,1,1,1,1,1,1,1,1,1,1,1,4,1,1,1,1,1,1,1,2,1,2,1,1,1,1,1;1,1,1,1,1,1,1,1,1,1,1,1,1,1,4,1,1,1,1,1,1,1,2,1,2,1,1,1,1,1,1,1;1,1,1,1,1,1,1,1,1,1,1,1,1,1,4,1,1,1,1,1,1,1,2,1,2,1,1,1,1,1,1,1;1,1,1,1,1,1,1,1,1,1,1,1,1,1,4,1,1,1,1,1,1,1,2,1,2,1,1,1,1,1,1,1,7,3,4,5,1,2,1,3,1,1,2,3;1,1,1,1,1,1,1,1,1,1,1,1,1,1,4,1,1,1,1,1,1,1,2,1,2,1,1,1,1,1,1,1,7,3,4,5,1,2,1,3,1,1,2,3,1,3,1,2,1,2,5,1,2,2,1,2,3,1,3,1,2,1,1,2,3,1,1,1,2,6,1,1,1,2,2,2,1,6,4,2,1,3,1,2,3,4
3423871;639;84;46162343069;32;13.718800023076994;32;51;51;9;50;15;8;11;0.5952380952380952;0.17857142857142858;0.09523809523809523;0.13095238095238096;1.8452380952380953;1,1,1,1,1,1,2,1,1,1,2,1,1,2,1,1,1,1,1,1,1,2,2,1,1,1,1,1,1,1;1,1,1,1,1,1,2,1,1,1,2,1,1,2,1,1,1,1,1,1,1,2,2,1,1,1,1,1,1,1,1,1;1,1,1,1,1,1,2,1,1,1,2,1,1,2,1,1,1,1,1,1,1,2,2,1,1,1,1,1,1,1,1,1;1,1,1,1,1,1,2,1,1,1,2,1,1,2,1,1,1,1,1,1,1,2,2,1,1,1,1,1,1,1,1,1,3,1,2,1,3,3,2,1,1,2,6,2,4,2,1,1,1,6,4;1,1,1,1,1,1,2,1,1,1,2,1,1,2,1,1,1,1,1,1,1,2,2,1,1,1,1,1,1,1,1,1,3,1,2,1,3,3,2,1,1,2,6,2,4,2,1,1,1,6,4,1,3,1,1,1,3,2,3,1,1,4,6,1,2,4,3,1,1,1,2,1,1,1,1,4,2,2,4,3,1,1,5,4
2252031;255;196;30079718549;126;13.705275090865655;126;141;141;10;127;31;23;15;0.6479591836734694;0.15816326530612246;0.11734693877551021;0.07653061224489796;1.6938775510204083;1,1,1,1,1,1,1,3,1,1,1,1,4,1,1,1,1,2,2,2,1,1,1,1,1,2,2,1,5,1;1,1,1,1,1,1,1,3,1,1,1,1,4,1,1,1,1,2,2,2,1,1,1,1,1,2,2,1,5,1,1,3,3,1,3,1,1,1,1,1,1,1,1,1,1,3,1,2,3,1,1,1,1,1,1,1,1,1,3,1,1,2,1,2,3,2,1,1,1,1,3,1,4,2,1,1,1,1,1,1,1,3,1,1,1,1,1,3,3,1,1,1,2,1,1,1,4,1,1,1,2,2,1,1,1,2,2,2,1,1,1,1,2,1,1,3,1,1,1,2,2,3,1,1,1,1;1,1,1,1,1,1,1,3,1,1,1,1,4,1,1,1,1,2,2,2,1,1,1,1,1,2,2,1,5,1,1,3,3,1,3,1,1,1,1,1,1,1,1,1,1,3,1,2,3,1,1,1,1,1,1,1,1,1,3,1,1,2,1,2,3,2,1,1,1,1,3,1,4,2,1,1,1,1,1,1,1,3,1,1,1,1,1,3,3,1,1,1,2,1,1,1,4,1,1,1,2,2,1,1,1,2,2,2,1,1,1,1,2,1,1,3,1,1,1,2,2,3,1,1,1,1;1,1,1,1,1,1,1,3,1,1,1,1,4,1,1,1,1,2,2,2,1,1,1,1,1,2,2,1,5,1,1,3,3,1,3,1,1,1,1,1,1,1,1,1,1,3,1,2,3,1,1,1,1,1,1,1,1,1,3,1,1,2,1,2,3,2,1,1,1,1,3,1,4,2,1,1,1,1,1,1,1,3,1,1,1,1,1,3,3,1,1,1,2,1,1,1,4,1,1,1,2,2,1,1,1,2,2,2,1,1,1,1,2,1,1,3,1,1,1,2,2,3,1,1,1,1,6,1,1,3,2,3,1,1,1,1,1,1,5,5,10;1,1,1,1,1,1,1,3,1,1,1,1,4,1,1,1,1,2,2,2,1,1,1,1,1,2,2,1,5,1,1,3,3,1,3,1,1,1,1,1,1,1,1,1,1,3,1,2,3,1,1,1,1,1,1,1,1,1,3,1,1,2,1,2,3,2,1,1,1,1,3,1,4,2,1,1,1,1,1,1,1,3,1,1,1,1,1,3,3,1,1,1,2,1,1,1,4,1,1,1,2,2,1,1,1,2,2,2,1,1,1,1,2,1,1,3,1,1,1,2,2,3,1,1,1,1,6,1,1,3,2,3,1,1,1,1,1,1,5,5,10,2,1,4,3,1,3,1,1,1,6,1,3,4,2,1,1,3,1,1,1,2,2,1,2,1,1,2,1,1,1,2,3,1,1,2,1,2,1,1,1,1,1,3,1,1,1,4,2,2,4,3,1,1,5,4
1330431;255;163;17494428437;61;13.682712543990519;61;85;85;9;97;35;19;12;0.5950920245398773;0.2147239263803681;0.1165644171779141;0.0736196319018405;1.7116564417177915;1,1,1,1,1,1,1,3,1,2,1,1,2,1,2,1,1,3,1,2,1,3,1,1,1,1,1,2,1,2;1,1,1,1,1,1,1,3,1,2,1,1,2,1,2,1,1,3,1,2,1,3,1,1,1,1,1,2,1,2,1,2,1,1,1,3,2,1,1,3,1,1,1,1,1,1,3,1,1,1,1,1,1,2,1,1,2,1,1,1,1;1,1,1,1,1,1,1,3,1,2,1,1,2,1,2,1,1,3,1,2,1,3,1,1,1,1,1,2,1,2,1,2,1,1,1,3,2,1,1,3,1,1,1,1,1,1,3,1,1,1,1,1,1,2,1,1,2,1,1,1,1;1,1,1,1,1,1,1,3,1,2,1,1,2,1,2,1,1,3,1,2,1,3,1,1,1,1,1,2,1,2,1,2,1,1,1,3,2,1,1,3,1,1,1,1,1,1,3,1,1,1,1,1,1,2,1,1,2,1,1,1,1,6,4,2,1,1,2,1,2,2,4,2,1,4,1,2,2,1,4,1,1,1,3,1,3;1,1,1,1,1,1,1,3,1,2,1,1,2,1,2,1,1,3,1,2,1,3,1,1,1,1,1,2,1,2,1,2,1,1,1,3,2,1,1,3,1,1,1,1,1,1,3,1,1,1,1,1,1,2,1,1,2,1,1,1,1,6,4,2,1,1,2,1,2,2,4,2,1,4,1,2,2,1,4,1,1,1,3,1,3,1,1,6,1,1,1,1,1,1,1,1,1,4,1,3,1,2,2,2,3,1,1,2,1,1,2,1,1,3,5,1,1,3,2,1,1,1,1,1,1,1,1,3,1,1,1,1,3,1,2,1,5,1,1,3,2,2,2,5,2,1,2,1,2,3,2,2,1,3,3,2,2,4,1,1,2,3,4
3843753;681;135;50543191457;61;13.682712543990519;61;1;1;7;78;34;11;12;0.5777777777777777;0.2518518518518518;0.08148148148148149;0.08888888888888889;1.7481481481481482;2,1,1,1,1,1,1,1,3,1,1,2,2,2,1,3,1,1,2,1,1,1,2,1,1,2,1,1,1,2;2,1,1,1,1,1,1,1,3,1,1,2,2,2,1,3,1,1,2,1,1,1,2,1,1,2,1,1,1,2,1,1,1,1,2,2,1,1,1,2,1,1,2,1,1,1,1,1,2,1,4,2,1,1,1,1,2,1,1,1,1;2,1,1,1,1,1,1,1,3,1,1,2,2,2,1,3,1,1,2,1,1,1,2,1,1,2,1,1,1,2,1,1,1,1,2,2,1,1,1,2,1,1,2,1,1,1,1,1,2,1,4,2,1,1,1,1,2,1,1,1,1;2;2,1,1,1,1,1,1,1,3,1,1,2,2,2,1,3,1,1,2,1,1,1,2,1,1,2,1,1,1,2,1,1,1,1,2,2,1,1,1,2,1,1,2,1,1,1,1,1,2,1,4,2,1,1,1,1,2,1,1,1,1,2,2,1,2,2,3,1,1,1,7,3,2,1,1,3,2,1,1,2,1,3,3,1,2,1,1,2,1,1,4,5,1,1,4,1,1,3,2,1,1,1,3,1,2,2,1,6,2,1,1,2,2,6,1,2,4,3,1,1,1,2,1,1,1,1,4,2,2,4,3,1,1,5,4
3977719;503;157;52304792741;61;13.682712543990519;61;3;3;12;95;32;15;15;0.6050955414012739;0.20382165605095542;0.09554140127388536;0.09554140127388536;1.7261146496815287;1,1,3,2,1,1,1,1,2,1,1,1,1,1,3,1,4,1,3,1,1,1,2,1,1,1,2,1,1,1;1,1,3,2,1,1,1,1,2,1,1,1,1,1,3,1,4,1,3,1,1,1,2,1,1,1,2,1,1,1,1,1,2,2,1,1,2,1,1,2,1,1,4,1,1,1,1,1,1,1,1,1,1,1,1,2,2,1,1,1,1;1,1,3,2,1,1,1,1,2,1,1,1,1,1,3,1,4,1,3,1,1,1,2,1,1,1,2,1,1,1,1,1,2,2,1,1,2,1,1,2,1,1,4,1,1,1,1,1,1,1,1,1,1,1,1,2,2,1,1,1,1;1,1,3;1,1,3,2,1,1,1,1,2,1,1,1,1,1,3,1,4,1,3,1,1,1,2,1,1,1,2,1,1,1,1,1,2,2,1,1,2,1,1,2,1,1,4,1,1,1,1,1,1,1,1,1,1,1,1,2,2,1,1,1,1,4,1,1,1,1,4,3,1,2,1,2,1,2,3,3,1,4,3,1,1,2,3,4,6,2,2,1,2,2,1,1,2,1,4,1,1,2,2,3,1,2,1,5,1,1,5,1,1,3,1,3,1,1,3,1,2,6,1,1,1,1,2,2,1,2,1,1,2,1,1,1,2,3,1,1,2,1,2,1,1,1,1,1,3,1,1,1,4,2,2,4,3,1,1,5,4
