start;entry_step;max_value;max_value_step;max_ratio;max_debt;max_debt_step;total_v2_pre_trunk;avg_v2_pre_trunk;final_surplus_at_trunk;final_debt_at_trunk;count_1;count_2;count_3;count_4_plus;ratio_1;ratio_2;ratio_3;ratio_4_plus;max_run_1;first_positive_surplus_step;first_descent_step;mod_1024;mod_4096;mod_65536;prefix_80_v2;is_top_member
270271;87;8216025965;87;30399.21399262222;14.891737562740587;87;123;1.4137931034482758;-14.891737562740587;14.891737562740587;61;19;5;2;0.7011494252873564;0.21839080459770116;0.05747126436781609;0.022988505747126436;7;;;959;4031;8127;1,1,1,1,1,2,1,3,1,1,3,1,1,1,1,1,2,1,1,1,1,1,1,1,3,1,1,2,1,2,1,1,1,2,1,1,1,1,4,1,1,2,1,1,1,2,3,1,1,1,1,2,1,3,2,2,1,2,2,1,1,2,1,1,1,2,1,2,1,1,1,2,5,2,1,1,1,1,1,1;True
288615;80;8216025965;80;28467.078859380144;14.797000057692486;80;112;1.4;-14.797000057692486;14.797000057692486;56;19;3;2;0.7;0.2375;0.0375;0.025;7;;;871;1895;26471;1,1,2,1,1,1,1,1,1,2,1,1,1,1,1,1,1,3,1,1,2,1,2,1,1,1,2,1,1,1,1,4,1,1,2,1,1,1,2,3,1,1,1,1,2,1,3,2,2,1,2,2,1,1,2,1,1,1,2,1,2,1,1,1,2,5,2,1,1,1,1,1,1,2,1,1,2,1,1,1;True
360361;88;8216025965;88;22799.43158388394;14.476700063461749;88;125;1.4204545454545454;-14.476700063461749;14.476700063461749;61;20;5;2;0.6931818181818182;0.22727272727272727;0.056818181818181816;0.022727272727272728;7;1;1;937;4009;32681;2,1,1,1,1,1,2,1,3,1,1,3,1,1,1,1,1,2,1,1,1,1,1,1,1,3,1,1,2,1,2,1,1,1,2,1,1,1,1,4,1,1,2,1,1,1,2,3,1,1,1,1,2,1,3,2,2,1,2,2,1,1,2,1,1,1,2,1,2,1,1,1,2,5,2,1,1,1,1,1;True
405407;86;8216025965;86;20266.117666937178;14.306775062019426;86;122;1.4186046511627908;-14.306775062019426;14.306775062019426;60;19;5;2;0.6976744186046512;0.22093023255813954;0.05813953488372093;0.023255813953488372;7;;;927;3999;12191;1,1,1,1,2,1,3,1,1,3,1,1,1,1,1,2,1,1,1,1,1,1,1,3,1,1,2,1,2,1,1,1,2,1,1,1,1,4,1,1,2,1,1,1,2,3,1,1,1,1,2,1,3,2,2,1,2,2,1,1,2,1,1,1,2,1,2,1,1,1,2,5,2,1,1,1,1,1,1,2;True
432923;79;8216025965;79;18978.030654411985;14.212037556971325;79;111;1.4050632911392404;-14.212037556971325;14.212037556971325;55;19;3;2;0.6962025316455697;0.24050632911392406;0.0379746835443038;0.02531645569620253;7;;;795;2843;39707;1,2,1,1,1,1,1,1,2,1,1,1,1,1,1,1,3,1,1,2,1,2,1,1,1,2,1,1,1,1,4,1,1,2,1,1,1,2,3,1,1,1,1,2,1,3,2,2,1,2,2,1,1,2,1,1,1,2,1,2,1,1,1,2,5,2,1,1,1,1,1,1,2,1,1,2,1,1,1;True
480481;89;8216025965;89;17099.585550729375;14.061662564182882;89;127;1.4269662921348314;-14.061662564182882;14.061662564182882;61;21;5;2;0.6853932584269663;0.23595505617977527;0.056179775280898875;0.02247191011235955;7;1;1;225;1249;21729;2,2,1,1,1,1,1,2,1,3,1,1,3,1,1,1,1,1,2,1,1,1,1,1,1,1,3,1,1,2,1,2,1,1,1,2,1,1,1,1,4,1,1,2,1,1,1,2,3,1,1,1,1,2,1,3,2,2,1,2,2,1,1,2,1,1,1,2,1,2,1,1,1,2,5,2,1,1,1,1;True
487039;77;8216025965;77;16869.33893384308;14.042112555529016;77;108;1.4025974025974026;-14.042112555529016;14.042112555529016;54;18;3;2;0.7012987012987013;0.23376623376623376;0.03896103896103896;0.025974025974025976;7;;;639;3711;28287;1,1,1,1,1,1,2,1,1,1,1,1,1,1,3,1,1,2,1,2,1,1,1,2,1,1,1,1,4,1,1,2,1,1,1,2,3,1,1,1,1,2,1,3,2,2,1,2,2,1,1,2,1,1,1,2,1,2,1,1,1,2,5,2,1,1,1,1,1,1,2,1,1,2,1,1,1;True
540543;87;8216025965;87;15199.578877166108;13.891737562740587;87;124;1.4252873563218391;-13.891737562740587;13.891737562740587;61;18;6;2;0.7011494252873564;0.20689655172413793;0.06896551724137931;0.022988505747126436;7;;;895;3967;16255;1,1,1,1,1,1,3,3,1,1,3,1,1,1,1,1,2,1,1,1,1,1,1,1,3,1,1,2,1,2,1,1,1,2,1,1,1,1,4,1,1,2,1,1,1,2,3,1,1,1,1,2,1,3,2,2,1,2,2,1,1,2,1,1,1,2,1,2,1,1,1,2,5,2,1,1,1,1,1,1;True
577231;80;8216025965;80;14233.514771382688;13.797000057692486;80;113;1.4125;-13.797000057692486;13.797000057692486;56;18;4;2;0.7;0.225;0.05;0.025;7;;;719;3791;52943;1,1,1,3,1,1,1,1,1,2,1,1,1,1,1,1,1,3,1,1,2,1,2,1,1,1,2,1,1,1,1,4,1,1,2,1,1,1,2,3,1,1,1,1,2,1,3,2,2,1,2,2,1,1,2,1,1,1,2,1,2,1,1,1,2,5,2,1,1,1,1,1,1,2,1,1,2,1,1,1;True
608111;85;8216025965;85;13510.73400250941;13.721812561298265;85;121;1.423529411764706;-13.721812561298265;13.721812561298265;59;19;5;2;0.6941176470588235;0.2235294117647059;0.058823529411764705;0.023529411764705882;7;;;879;1903;18287;1,1,1,2,1,3,1,1,3,1,1,1,1,1,2,1,1,1,1,1,1,1,3,1,1,2,1,2,1,1,1,2,1,1,1,1,4,1,1,2,1,1,1,2,3,1,1,1,1,2,1,3,2,2,1,2,2,1,1,2,1,1,1,2,1,2,1,1,1,2,5,2,1,1,1,1,1,1,2,1;True
640641;90;8216025965;90;12824.695835889366;13.646625064904043;90;129;1.4333333333333333;-13.646625064904043;13.646625064904043;61;22;5;2;0.6777777777777778;0.24444444444444444;0.05555555555555555;0.022222222222222223;7;1;1;641;1665;50817;2,2,2,1,1,1,1,1,2,1,3,1,1,3,1,1,1,1,1,2,1,1,1,1,1,1,1,3,1,1,2,1,2,1,1,1,2,1,1,1,1,4,1,1,2,1,1,1,2,3,1,1,1,1,2,1,3,2,2,1,2,2,1,1,2,1,1,1,2,1,2,1,1,1,2,5,2,1,1,1;True
649385;78;8216025965;78;12652.010694734248;13.627075056250177;78;110;1.4102564102564104;-13.627075056250177;13.627075056250177;54;19;3;2;0.6923076923076923;0.24358974358974358;0.038461538461538464;0.02564102564102564;7;1;1;169;2217;59561;2,1,1,1,1,1,1,2,1,1,1,1,1,1,1,3,1,1,2,1,2,1,1,1,2,1,1,1,1,4,1,1,2,1,1,1,2,3,1,1,1,1,2,1,3,2,2,1,2,2,1,1,2,1,1,1,2,1,2,1,1,1,2,5,2,1,1,1,1,1,1,2,1,1,2,1,1,1;True
720723;88;8216025965;88;11399.699974886329;13.476700063461749;88;126;1.4318181818181819;-13.476700063461749;13.476700063461749;61;19;6;2;0.6931818181818182;0.2159090909090909;0.06818181818181818;0.022727272727272728;7;2;2;851;3923;65363;1,3,1,1,1,1,2,1,3,1,1,3,1,1,1,1,1,2,1,1,1,1,1,1,1,3,1,1,2,1,2,1,1,1,2,1,1,1,1,4,1,1,2,1,1,1,2,3,1,1,1,1,2,1,3,2,2,1,2,2,1,1,2,1,1,1,2,1,2,1,1,1,2,5,2,1,1,1,1,1;True
730559;76;8216025965;76;11246.218258894902;13.457150054807869;76;107;1.4078947368421053;-13.457150054807869;13.457150054807869;53;18;3;2;0.6973684210526315;0.23684210526315788;0.039473684210526314;0.02631578947368421;7;;;447;1471;9663;1,1,1,1,1,2,1,1,1,1,1,1,1,3,1,1,2,1,2,1,1,1,2,1,1,1,1,4,1,1,2,1,1,1,2,3,1,1,1,1,2,1,3,2,2,1,2,2,1,1,2,1,1,1,2,1,2,1,1,1,2,5,2,1,1,1,1,1,1,2,1,1,2,1,1,1;True
769641;81;8216025965;81;10675.140701963643;13.381962558413647;81;115;1.4197530864197532;-13.381962558413647;13.381962558413647;56;19;4;2;0.691358024691358;0.2345679012345679;0.04938271604938271;0.024691358024691357;7;1;1;617;3689;48745;2,1,1,1,3,1,1,1,1,1,2,1,1,1,1,1,1,1,3,1,1,2,1,2,1,1,1,2,1,1,1,1,4,1,1,2,1,1,1,2,3,1,1,1,1,2,1,3,2,2,1,2,2,1,1,2,1,1,1,2,1,2,1,1,1,2,5,2,1,1,1,1,1,1,2,1,1,2,1,1;True
810815;86;8216025965;86;10133.04633609393;13.306775062019426;86;123;1.430232558139535;-13.306775062019426;13.306775062019426;60;18;6;2;0.6976744186046512;0.20930232558139536;0.06976744186046512;0.023255813953488372;7;10;10;831;3903;24383;1,1,1,1,1,3,3,1,1,3,1,1,1,1,1,2,1,1,1,1,1,1,1,3,1,1,2,1,2,1,1,1,2,1,1,1,1,4,1,1,2,1,1,1,2,3,1,1,1,1,2,1,3,2,2,1,2,2,1,1,2,1,1,1,2,1,2,1,1,1,2,5,2,1,1,1,1,1,1,2;True
854191;91;8216025965;91;9618.48809575376;13.231587565625205;91;131;1.4395604395604396;-13.231587565625205;13.231587565625205;63;19;7;2;0.6923076923076923;0.2087912087912088;0.07692307692307693;0.02197802197802198;7;5;5;175;2223;2223;1,1,1,2,3,1,1,1,1,1,3,3,1,1,3,1,1,1,1,1,2,1,1,1,1,1,1,1,3,1,1,2,1,2,1,1,1,2,1,1,1,1,4,1,1,2,1,1,1,2,3,1,1,1,1,2,1,3,2,2,1,2,2,1,1,2,1,1,1,2,1,2,1,1,1,2,5,2,1,1;True
865847;79;8216025965;79;9489.004367977252;13.212037556971325;79;112;1.4177215189873418;-13.212037556971325;13.212037556971325;55;18;4;2;0.6962025316455697;0.22784810126582278;0.05063291139240506;0.02531645569620253;7;3;3;567;1591;13879;1,1,3,1,1,1,1,1,2,1,1,1,1,1,1,1,3,1,1,2,1,2,1,1,1,2,1,1,1,1,4,1,1,2,1,1,1,2,3,1,1,1,1,2,1,3,2,2,1,2,2,1,1,2,1,1,1,2,1,2,1,1,1,2,5,2,1,1,1,1,1,1,2,1,1,2,1,1,1;True
912167;84;8216025965;84;9007.151064443244;13.136850060577103;84;120;1.4285714285714286;-13.136850060577103;13.136850060577103;58;19;5;2;0.6904761904761905;0.2261904761904762;0.05952380952380952;0.023809523809523808;7;5;5;807;2855;60199;1,1,2,1,3,1,1,3,1,1,1,1,1,2,1,1,1,1,1,1,1,3,1,1,2,1,2,1,1,1,2,1,1,1,1,4,1,1,2,1,1,1,2,3,1,1,1,1,2,1,3,2,2,1,2,2,1,1,2,1,1,1,2,1,2,1,1,1,2,5,2,1,1,1,1,1,1,2,1,1;True
960963;89;8216025965;89;8549.783878255459;13.061662564182882;89;128;1.4382022471910112;-13.061662564182882;13.061662564182882;62;19;5;3;0.6966292134831461;0.21348314606741572;0.056179775280898875;0.033707865168539325;7;2;2;451;2499;43459;1,4,1,1,1,1,1,2,1,3,1,1,3,1,1,1,1,1,2,1,1,1,1,1,1,1,3,1,1,2,1,2,1,1,1,2,1,1,1,1,4,1,1,2,1,1,1,2,3,1,1,1,1,2,1,3,2,2,1,2,2,1,1,2,1,1,1,2,1,2,1,1,1,2,5,2,1,1,1,1;True
974079;77;8216025965;77;8434.660807798957;13.042112555529016;77;109;1.4155844155844155;-13.042112555529016;13.042112555529016;54;17;4;2;0.7012987012987013;0.22077922077922077;0.05194805194805195;0.025974025974025976;7;;;255;3327;56575;1,1,1,1,1,1,1,3,1,1,1,1,1,1,3,1,1,2,1,2,1,1,1,2,1,1,1,1,4,1,1,2,1,1,1,2,3,1,1,1,1,2,1,3,2,2,1,2,2,1,1,2,1,1,1,2,1,2,1,1,1,2,5,2,1,1,1,1,1,1,2,1,1,2,1,1,1;True
1026187;82;8216025965;82;8006.363328516148;12.966925059134809;82;117;1.4268292682926829;-12.966925059134809;12.966925059134809;56;20;4;2;0.6829268292682927;0.24390243902439024;0.04878048780487805;0.024390243902439025;7;3;3;139;2187;43147;1,2,3,1,2,1,1,1,1,1,1,2,1,1,1,1,1,1,1,3,1,1,2,1,2,1,1,1,2,1,1,1,1,4,1,1,2,1,1,1,2,3,1,1,1,1,2,1,3,2,2,1,2,2,1,1,2,1,1,1,2,1,2,1,1,1,2,5,2,1,1,1,1,1,1,2,1,1,2,1;True
1081085;87;8216025965;87;7599.796468362802;12.891737562740587;87;125;1.4367816091954022;-12.891737562740587;12.891737562740587;60;19;6;2;0.6896551724137931;0.21839080459770116;0.06896551724137931;0.022988505747126436;7;1;1;765;3837;32509;3,1,1,1,1,2,1,3,1,1,3,1,1,1,1,1,2,1,1,1,1,1,1,1,3,1,1,2,1,2,1,1,1,2,1,1,1,1,4,1,1,2,1,1,1,2,3,1,1,1,1,2,1,3,2,2,1,2,2,1,1,2,1,1,1,2,1,2,1,1,1,2,5,2,1,1,1,1,1,1;True
1095839;75;8216025965;75;7497.475418378065;12.872187554086707;75;106;1.4133333333333333;-12.872187554086707;12.872187554086707;52;18;3;2;0.6933333333333334;0.24;0.04;0.02666666666666667;7;;;159;2207;47263;1,1,1,1,2,1,1,1,1,1,1,1,3,1,1,2,1,2,1,1,1,2,1,1,1,1,4,1,1,2,1,1,1,2,3,1,1,1,1,2,1,3,2,2,1,2,2,1,1,2,1,1,1,2,1,2,1,1,1,2,5,2,1,1,1,1,1,1,2,1,1,2,1,1,1;True
1138921;92;8216025965;92;7213.868183131227;12.816550066346366;92;133;1.4456521739130435;-12.816550066346366;12.816550066346366;63;20;7;2;0.6847826086956522;0.21739130434782608;0.07608695652173914;0.021739130434782608;7;1;1;233;233;24809;2,1,1,1,2,3,1,1,1,1,1,3,3,1,1,3,1,1,1,1,1,2,1,1,1,1,1,1,1,3,1,1,2,1,2,1,1,1,2,1,1,1,1,4,1,1,2,1,1,1,2,3,1,1,1,1,2,1,3,2,2,1,2,2,1,1,2,1,1,1,2,1,2,1,1,1,2,5,2,1;True
1154461;80;8216025965;80;7116.76355026285;12.797000057692486;80;114;1.425;-12.797000057692486;12.797000057692486;55;19;4;2;0.6875;0.2375;0.05;0.025;7;1;1;413;3485;40349;3,1,2,1,1,1,1,1,1,2,1,1,1,1,1,1,1,3,1,1,2,1,2,1,1,1,2,1,1,1,1,4,1,1,2,1,1,1,2,3,1,1,1,1,2,1,3,2,2,1,2,2,1,1,2,1,1,1,2,1,2,1,1,1,2,5,2,1,1,1,1,1,1,2,1,1,2,1,1,1;True
1199847;97;8216025965;97;6847.561368241118;12.741362569952145;97;141;1.4536082474226804;-12.741362569952145;12.741362569952145;66;22;6;3;0.6804123711340206;0.2268041237113402;0.061855670103092786;0.030927835051546393;7;9;9;743;3815;20199;1,1,2,1,1,2,1,3,4,2,1,1,1,1,1,2,1,3,1,1,3,1,1,1,1,1,2,1,1,1,1,1,1,1,3,1,1,2,1,2,1,1,1,2,1,1,1,1,4,1,1,2,1,1,1,2,3,1,1,1,1,2,1,3,2,2,1,2,2,1,1,2,1,1,1,2,1,2,1,1;True
1216223;85;8216025965;85;6755.361446872818;12.721812561298265;85;122;1.4352941176470588;-12.721812561298265;12.721812561298265;59;18;6;2;0.6941176470588235;0.21176470588235294;0.07058823529411765;0.023529411764705882;7;6;6;735;3807;36575;1,1,1,1,3,3,1,1,3,1,1,1,1,1,2,1,1,1,1,1,1,1,3,1,1,2,1,2,1,1,1,2,1,1,1,1,4,1,1,2,1,1,1,2,3,1,1,1,1,2,1,3,2,2,1,2,2,1,1,2,1,1,1,2,1,2,1,1,1,2,5,2,1,1,1,1,1,1,2,1;True
1281283;90;8216025965;90;6412.342913314233;12.646625064904043;90;130;1.4444444444444444;-12.646625064904043;12.646625064904043;62;20;5;3;0.6888888888888889;0.2222222222222222;0.05555555555555555;0.03333333333333333;7;2;2;259;3331;36099;1,4,2,1,1,1,1,1,2,1,3,1,1,3,1,1,1,1,1,2,1,1,1,1,1,1,1,3,1,1,2,1,2,1,1,1,2,1,1,1,1,4,1,1,2,1,1,1,2,3,1,1,1,1,2,1,3,2,2,1,2,2,1,1,2,1,1,1,2,1,2,1,1,1,2,5,2,1,1,1;True
1281287;90;8216025965;90;6412.322894870548;12.646625064904043;90;130;1.4444444444444444;-12.646625064904043;12.646625064904043;62;19;7;2;0.6888888888888889;0.2111111111111111;0.07777777777777778;0.022222222222222223;7;4;4;263;3335;36103;1,1,2,3,1,1,1,1,1,3,3,1,1,3,1,1,1,1,1,2,1,1,1,1,1,1,1,3,1,1,2,1,2,1,1,1,2,1,1,1,1,4,1,1,2,1,1,1,2,3,1,1,1,1,2,1,3,2,2,1,2,2,1,1,2,1,1,1,2,1,2,1,1,1,2,5,2,1,1,1;True
1298771;78;8216025965;78;6326.00047660442;12.627075056250177;78;111;1.4230769230769231;-12.627075056250177;12.627075056250177;54;18;4;2;0.6923076923076923;0.23076923076923078;0.05128205128205128;0.02564102564102564;7;2;2;339;339;53587;1,3,1,1,1,1,1,2,1,1,1,1,1,1,1,3,1,1,2,1,2,1,1,1,2,1,1,1,1,4,1,1,2,1,1,1,2,3,1,1,1,1,2,1,3,2,2,1,2,2,1,1,2,1,1,1,2,1,2,1,1,1,2,5,2,1,1,1,1,1,1,2,1,1,2,1,1,1;True
1368249;83;8216025965;83;6004.773959272033;12.551887559855942;83;119;1.4337349397590362;-12.551887559855942;12.551887559855942;56;21;4;2;0.6746987951807228;0.25301204819277107;0.04819277108433735;0.024096385542168676;7;1;1;185;185;57529;2,1,2,3,1,2,1,1,1,1,1,1,2,1,1,1,1,1,1,1,3,1,1,2,1,2,1,1,1,2,1,1,1,1,4,1,1,2,1,1,1,2,3,1,1,1,1,2,1,3,2,2,1,2,2,1,1,2,1,1,1,2,1,2,1,1,1,2,5,2,1,1,1,1,1,1,2,1,1,2;True
1368251;83;8216025965;83;6004.765181973191;12.551887559855942;83;119;1.4337349397590362;-12.551887559855942;12.551887559855942;57;19;5;2;0.6867469879518072;0.2289156626506024;0.060240963855421686;0.024096385542168676;7;4;4;187;187;57531;1,2,1,3,1,1,3,1,1,1,1,1,2,1,1,1,1,1,1,1,3,1,1,2,1,2,1,1,1,2,1,1,1,1,4,1,1,2,1,1,1,2,3,1,1,1,1,2,1,3,2,2,1,2,2,1,1,2,1,1,1,2,1,2,1,1,1,2,5,2,1,1,1,1,1,1,2,1,1,2;True
1441445;88;8216025965;88;5699.853941704331;12.476700063461749;88;127;1.4431818181818181;-12.476700063461749;12.476700063461749;61;19;5;3;0.6931818181818182;0.2159090909090909;0.056818181818181816;0.03409090909090909;7;1;1;677;3749;65189;4,1,1,1,1,1,2,1,3,1,1,3,1,1,1,1,1,2,1,1,1,1,1,1,1,3,1,1,2,1,2,1,1,1,2,1,1,1,1,4,1,1,2,1,1,1,2,3,1,1,1,1,2,1,3,2,2,1,2,2,1,1,2,1,1,1,2,1,2,1,1,1,2,5,2,1,1,1,1,1;True
1441447;88;8216025965;88;5699.846033187485;12.476700063461749;88;127;1.4431818181818181;-12.476700063461749;12.476700063461749;59;22;5;2;0.6704545454545454;0.25;0.056818181818181816;0.022727272727272728;7;8;8;679;3751;65191;1,1,2,1,2,1,3,2,3,1,2,1,1,1,1,1,1,2,1,1,1,1,1,1,1,3,1,1,2,1,2,1,1,1,2,1,1,1,1,4,1,1,2,1,1,1,2,3,1,1,1,1,2,1,3,2,2,1,2,2,1,1,2,1,1,1,2,1,2,1,1,1,2,5,2,1,1,1,1,1;True
1461119;76;8216025965;76;5623.105280952475;12.457150054807869;76;108;1.4210526315789473;-12.457150054807869;12.457150054807869;53;17;4;2;0.6973684210526315;0.2236842105263158;0.05263157894736842;0.02631578947368421;6;;;895;2943;19327;1,1,1,1,1,1,3,1,1,1,1,1,1,3,1,1,2,1,2,1,1,1,2,1,1,1,1,4,1,1,2,1,1,1,2,3,1,1,1,1,2,1,3,2,2,1,2,2,1,1,2,1,1,1,2,1,2,1,1,1,2,5,2,1,1,1,1,1,1,2,1,1,2,1,1,1;True
1518561;93;8216025965;93;5410.402324964226;12.401512567067527;93;135;1.4516129032258065;-12.401512567067527;12.401512567067527;63;21;7;2;0.6774193548387096;0.22580645161290322;0.07526881720430108;0.021505376344086023;7;1;1;993;3041;11233;2,2,1,1,1,2,3,1,1,1,1,1,3,3,1,1,3,1,1,1,1,1,2,1,1,1,1,1,1,1,3,1,1,2,1,2,1,1,1,2,1,1,1,1,4,1,1,2,1,1,1,2,3,1,1,1,1,2,1,3,2,2,1,2,2,1,1,2,1,1,1,2,1,2,1,1,1,2,5,2;True
1539281;81;8216025965;81;5337.5738185555465;12.381962558413647;81;116;1.4320987654320987;-12.381962558413647;12.381962558413647;55;20;4;2;0.6790123456790124;0.24691358024691357;0.04938271604938271;0.024691358024691357;7;1;1;209;3281;31953;2,3,1,2,1,1,1,1,1,1,2,1,1,1,1,1,1,1,3,1,1,2,1,2,1,1,1,2,1,1,1,1,4,1,1,2,1,1,1,2,3,1,1,1,1,2,1,3,2,2,1,2,2,1,1,2,1,1,1,2,1,2,1,1,1,2,5,2,1,1,1,1,1,1,2,1,1,2,1,1;True
1539283;81;8216025965;81;5337.566883412602;12.381962558413647;81;116;1.4320987654320987;-12.381962558413647;12.381962558413647;56;18;5;2;0.691358024691358;0.2222222222222222;0.06172839506172839;0.024691358024691357;7;2;2;211;3283;31955;1,3,1,1,3,1,1,1,1,1,2,1,1,1,1,1,1,1,3,1,1,2,1,2,1,1,1,2,1,1,1,1,4,1,1,2,1,1,1,2,3,1,1,1,1,2,1,3,2,2,1,2,2,1,1,2,1,1,1,2,1,2,1,1,1,2,5,2,1,1,1,1,1,1,2,1,1,2,1,1;True
1621629;86;8216025965;86;5066.526292388703;12.306775062019426;86;124;1.441860465116279;-12.306775062019426;12.306775062019426;59;19;6;2;0.686046511627907;0.22093023255813954;0.06976744186046512;0.023255813953488372;7;1;1;637;3709;48765;3,1,1,1,2,1,3,1,1,3,1,1,1,1,1,2,1,1,1,1,1,1,1,3,1,1,2,1,2,1,1,1,2,1,1,1,1,4,1,1,2,1,1,1,2,3,1,1,1,1,2,1,3,2,2,1,2,2,1,1,2,1,1,1,2,1,2,1,1,1,2,5,2,1,1,1,1,1,1,2;True
1643759;74;8216025965;74;4998.315425193109;12.287225053365546;74;105;1.4189189189189189;-12.287225053365546;12.287225053365546;51;18;3;2;0.6891891891891891;0.24324324324324326;0.04054054054054054;0.02702702702702703;7;;;239;1263;5359;1,1,1,2,1,1,1,1,1,1,1,3,1,1,2,1,2,1,1,1,2,1,1,1,1,4,1,1,2,1,1,1,2,3,1,1,1,1,2,1,3,2,2,1,2,2,1,1,2,1,1,1,2,1,2,1,1,1,2,5,2,1,1,1,1,1,1,2,1,1,2,1,1,1;True
1708377;91;8216025965;91;4809.258123353335;12.231587565625205;91;132;1.4505494505494505;-12.231587565625205;12.231587565625205;62;21;5;3;0.6813186813186813;0.23076923076923078;0.054945054945054944;0.03296703296703297;7;1;1;345;345;4441;2,1,4,2,1,1,1,1,1,2,1,3,1,1,3,1,1,1,1,1,2,1,1,1,1,1,1,1,3,1,1,2,1,2,1,1,1,2,1,1,1,1,4,1,1,2,1,1,1,2,3,1,1,1,1,2,1,3,2,2,1,2,2,1,1,2,1,1,1,2,1,2,1,1,1,2,5,2,1,1;True
1708383;91;8216025965;91;4809.241232791476;12.231587565625205;91;132;1.4505494505494505;-12.231587565625205;12.231587565625205;64;18;6;3;0.7032967032967034;0.1978021978021978;0.06593406593406594;0.03296703296703297;7;5;5;351;351;4447;1,1,1,1,5,1,1,1,1,1,3,3,1,1,3,1,1,1,1,1,2,1,1,1,1,1,1,1,3,1,1,2,1,2,1,1,1,2,1,1,1,1,4,1,1,2,1,1,1,2,3,1,1,1,1,2,1,3,2,2,1,2,2,1,1,2,1,1,1,2,1,2,1,1,1,2,5,2,1,1;True
1731693;79;8216025965;79;4744.504923794229;12.212037556971325;79;113;1.4303797468354431;-12.212037556971325;12.212037556971325;54;19;4;2;0.6835443037974683;0.24050632911392406;0.05063291139240506;0.02531645569620253;7;1;1;109;3181;27757;3,2,1,1,1,1,1,1,2,1,1,1,1,1,1,1,3,1,1,2,1,2,1,1,1,2,1,1,1,1,4,1,1,2,1,1,1,2,3,1,1,1,1,2,1,3,2,2,1,2,2,1,1,2,1,1,1,2,1,2,1,1,1,2,5,2,1,1,1,1,1,1,2,1,1,2,1,1,1;True
1799771;96;8216025965;96;4565.039643932478;12.156400069230983;96;140;1.4583333333333333;-12.156400069230983;12.156400069230983;65;22;6;3;0.6770833333333334;0.22916666666666666;0.0625;0.03125;7;8;8;603;1627;30299;1,2,1,1,2,1,3,4,2,1,1,1,1,1,2,1,3,1,1,3,1,1,1,1,1,2,1,1,1,1,1,1,1,3,1,1,2,1,2,1,1,1,2,1,1,1,1,4,1,1,2,1,1,1,2,3,1,1,1,1,2,1,3,2,2,1,2,2,1,1,2,1,1,1,2,1,2,1,1,1;True
1824335;84;8216025965;84;4503.5730636094795;12.136850060577103;84;121;1.4404761904761905;-12.136850060577103;12.136850060577103;58;18;6;2;0.6904761904761905;0.21428571428571427;0.07142857142857142;0.023809523809523808;7;5;5;591;1615;54863;1,1,1,3,3,1,1,3,1,1,1,1,1,2,1,1,1,1,1,1,1,3,1,1,2,1,2,1,1,1,2,1,1,1,1,4,1,1,2,1,1,1,2,3,1,1,1,1,2,1,3,2,2,1,2,2,1,1,2,1,1,1,2,1,2,1,1,1,2,5,2,1,1,1,1,1,1,2,1,1;True
1896063;101;8216025965;101;4333.203044941018;12.081212572836762;101;148;1.4653465346534653;-12.081212572836762;12.081212572836762;71;20;6;4;0.7029702970297029;0.19801980198019803;0.0594059405940594;0.039603960396039604;7;16;16;639;3711;61055;1,1,1,1,1,1,2,1,1,1,1,1,1,5,2,5,1,1,1,1,3,3,1,1,3,1,1,1,1,1,2,1,1,1,1,1,1,1,3,1,1,2,1,2,1,1,1,2,1,1,1,1,4,1,1,2,1,1,1,2,3,1,1,1,1,2,1,3,2,2,1,2,2,1,1,2,1,1,1,2;True
1921925;89;8216025965;89;4274.894163403879;12.061662564182882;89;129;1.449438202247191;-12.061662564182882;12.061662564182882;61;20;5;3;0.6853932584269663;0.2247191011235955;0.056179775280898875;0.033707865168539325;7;1;1;901;901;21381;4,2,1,1,1,1,1,2,1,3,1,1,3,1,1,1,1,1,2,1,1,1,1,1,1,1,3,1,1,2,1,2,1,1,1,2,1,1,1,1,4,1,1,2,1,1,1,2,3,1,1,1,1,2,1,3,2,2,1,2,2,1,1,2,1,1,1,2,1,2,1,1,1,2,5,2,1,1,1,1;True
1921929;89;8216025965;89;4274.885266313167;12.061662564182882;89;129;1.449438202247191;-12.061662564182882;12.061662564182882;59;23;5;2;0.6629213483146067;0.25842696629213485;0.056179775280898875;0.02247191011235955;7;1;1;905;905;21385;2,1,1,2,1,2,1,3,2,3,1,2,1,1,1,1,1,1,2,1,1,1,1,1,1,1,3,1,1,2,1,2,1,1,1,2,1,1,1,1,4,1,1,2,1,1,1,2,3,1,1,1,1,2,1,3,2,2,1,2,2,1,1,2,1,1,1,2,1,2,1,1,1,2,5,2,1,1,1,1;True
1921931;89;8216025965;89;4274.8808177817;12.061662564182882;89;129;1.449438202247191;-12.061662564182882;12.061662564182882;61;19;7;2;0.6853932584269663;0.21348314606741572;0.07865168539325842;0.02247191011235955;7;3;3;907;907;21387;1,2,3,1,1,1,1,1,3,3,1,1,3,1,1,1,1,1,2,1,1,1,1,1,1,1,3,1,1,2,1,2,1,1,1,2,1,1,1,1,4,1,1,2,1,1,1,2,3,1,1,1,1,2,1,3,2,2,1,2,2,1,1,2,1,1,1,2,1,2,1,1,1,2,5,2,1,1,1,1;True
1948157;77;8216025965;77;4217.332568679013;12.042112555529016;77;110;1.4285714285714286;-12.042112555529016;12.042112555529016;53;18;4;2;0.6883116883116883;0.23376623376623376;0.05194805194805195;0.025974025974025976;7;1;1;509;2557;47613;3,1,1,1,1,1,2,1,1,1,1,1,1,1,3,1,1,2,1,2,1,1,1,2,1,1,1,1,4,1,1,2,1,1,1,2,3,1,1,1,1,2,1,3,2,2,1,2,2,1,1,2,1,1,1,2,1,2,1,1,1,2,5,2,1,1,1,1,1,1,2,1,1,2,1,1,1;True
2024743;94;8216025965;94;4057.811764258476;11.98647506778866;94;137;1.4574468085106382;-11.98647506778866;11.98647506778866;64;21;6;3;0.6808510638297872;0.22340425531914893;0.06382978723404255;0.031914893617021274;7;5;5;295;1319;58663;1,1,2,1,3,4,2,1,1,1,1,1,2,1,3,1,1,3,1,1,1,1,1,2,1,1,1,1,1,1,1,3,1,1,2,1,2,1,1,1,2,1,1,1,1,4,1,1,2,1,1,1,2,3,1,1,1,1,2,1,3,2,2,1,2,2,1,1,2,1,1,1,2,1,2,1,1,1,2,5;True
2052375;82;8216025965;82;4003.1797137462695;11.966925059134809;82;118;1.4390243902439024;-11.966925059134809;11.966925059134809;57;19;3;3;0.6951219512195121;0.23170731707317074;0.036585365853658534;0.036585365853658534;7;3;3;279;279;20759;1,1,5,1,2,1,1,1,1,1,1,2,1,1,1,1,1,1,1,3,1,1,2,1,2,1,1,1,2,1,1,1,1,4,1,1,2,1,1,1,2,3,1,1,1,1,2,1,3,2,2,1,2,2,1,1,2,1,1,1,2,1,2,1,1,1,2,5,2,1,1,1,1,1,1,2,1,1,2,1;True
2052377;82;8216025965;82;4003.1758127283633;11.966925059134809;82;118;1.4390243902439024;-11.966925059134809;11.966925059134809;56;19;5;2;0.6829268292682927;0.23170731707317074;0.06097560975609756;0.024390243902439025;7;1;1;281;281;20761;2,1,3,1,1,3,1,1,1,1,1,2,1,1,1,1,1,1,1,3,1,1,2,1,2,1,1,1,2,1,1,1,1,4,1,1,2,1,1,1,2,3,1,1,1,1,2,1,3,2,2,1,2,2,1,1,2,1,1,1,2,1,2,1,1,1,2,5,2,1,1,1,1,1,1,2,1,1,2,1;True
2080383;70;8216025965;70;3949.285283046439;11.947375050480929;70;99;1.4142857142857144;-11.947375050480929;11.947375050480929;48;18;2;2;0.6857142857142857;0.2571428571428571;0.02857142857142857;0.02857142857142857;6;;;639;3711;48767;1,1,1,1,1,1,2,1,1,1,2,1,2,1,1,1,2,1,1,1,1,4,1,1,2,1,1,1,2,3,1,1,1,1,2,1,3,2,2,1,2,2,1,1,2,1,1,1,2,1,2,1,1,1,2,5,2,1,1,1,1,1,1,2,1,1,2,1,1,1;True
2162171;87;8216025965;87;3799.8964767356515;11.891737562740587;87;126;1.4482758620689655;-11.891737562740587;11.891737562740587;58;22;5;2;0.6666666666666666;0.25287356321839083;0.05747126436781609;0.022988505747126436;7;6;6;507;3579;65019;1,2,1,2,1,3,2,3,1,2,1,1,1,1,1,1,2,1,1,1,1,1,1,1,3,1,1,2,1,2,1,1,1,2,1,1,1,1,4,1,1,2,1,1,1,2,3,1,1,1,1,2,1,3,2,2,1,2,2,1,1,2,1,1,1,2,1,2,1,1,1,2,5,2,1,1,1,1,1,1;True
2162173;87;8216025965;87;3799.892961849029;11.891737562740587;87;126;1.4482758620689655;-11.891737562740587;11.891737562740587;60;18;7;2;0.6896551724137931;0.20689655172413793;0.08045977011494253;0.022988505747126436;7;1;1;509;3581;65021;3,1,1,1,1,1,3,3,1,1,3,1,1,1,1,1,2,1,1,1,1,1,1,1,3,1,1,2,1,2,1,1,1,2,1,1,1,1,4,1,1,2,1,1,1,2,3,1,1,1,1,2,1,3,2,2,1,2,2,1,1,2,1,1,1,2,1,2,1,1,1,2,5,2,1,1,1,1,1,1;True
2191679;75;8216025965;75;3748.7359987479917;11.872187554086707;75;107;1.4266666666666667;-11.872187554086707;11.872187554086707;52;17;4;2;0.6933333333333334;0.22666666666666666;0.05333333333333334;0.02666666666666667;6;;;319;319;28991;1,1,1,1,1,3,1,1,1,1,1,1,3,1,1,2,1,2,1,1,1,2,1,1,1,1,4,1,1,2,1,1,1,2,3,1,1,1,1,2,1,3,2,2,1,2,2,1,1,2,1,1,1,2,1,2,1,1,1,2,5,2,1,1,1,1,1,1,2,1,1,2,1,1,1;True
2277835;92;8216025965;92;3606.945176011432;11.816550066346366;92;134;1.4565217391304348;-11.816550066346366;11.816550066346366;62;22;5;3;0.6739130434782609;0.2391304347826087;0.05434782608695652;0.03260869565217391;7;3;3;459;459;49611;1,2,4,2,2,1,1,1,1,1,2,1,3,1,1,3,1,1,1,1,1,2,1,1,1,1,1,1,1,3,1,1,2,1,2,1,1,1,2,1,1,1,1,4,1,1,2,1,1,1,2,3,1,1,1,1,2,1,3,2,2,1,2,2,1,1,2,1,1,1,2,1,2,1,1,1,2,5,2,1;True
2277843;92;8216025965;92;3606.932508078915;11.816550066346366;92;134;1.4565217391304348;-11.816550066346366;11.816550066346366;63;19;8;2;0.6847826086956522;0.20652173913043478;0.08695652173913043;0.021739130434782608;7;2;2;467;467;49619;1,3,1,1,2,3,1,1,1,1,1,3,3,1,1,3,1,1,1,1,1,2,1,1,1,1,1,1,1,3,1,1,2,1,2,1,1,1,2,1,1,1,1,4,1,1,2,1,1,1,2,3,1,1,1,1,2,1,3,2,2,1,2,2,1,1,2,1,1,1,2,1,2,1,1,1,2,5,2,1;True
2308925;80;8216025965;80;3558.3771517047976;11.797000057692486;80;115;1.4375;-11.797000057692486;11.797000057692486;55;18;5;2;0.6875;0.225;0.0625;0.025;7;1;1;829;2877;15165;3,1,1,3,1,1,1,1,1,2,1,1,1,1,1,1,1,3,1,1,2,1,2,1,1,1,2,1,1,1,1,4,1,1,2,1,1,1,2,3,1,1,1,1,2,1,3,2,2,1,2,2,1,1,2,1,1,1,2,1,2,1,1,1,2,5,2,1,1,1,1,1,1,2,1,1,2,1,1,1;True
2399695;97;8216025965;97;3423.7792573639567;11.741362569952145;97;142;1.4639175257731958;-11.741362569952145;11.741362569952145;66;21;7;3;0.6804123711340206;0.21649484536082475;0.07216494845360824;0.030927835051546393;7;8;8;463;3535;40399;1,1,1,3,1,2,1,3,4,2,1,1,1,1,1,2,1,3,1,1,3,1,1,1,1,1,2,1,1,1,1,1,1,1,3,1,1,2,1,2,1,1,1,2,1,1,1,1,4,1,1,2,1,1,1,2,3,1,1,1,1,2,1,3,2,2,1,2,2,1,1,2,1,1,1,2,1,2,1,1;True
2432443;85;8216025965;85;3377.6848892245366;11.721812561298265;85;123;1.4470588235294117;-11.721812561298265;11.721812561298265;57;21;5;2;0.6705882352941176;0.24705882352941178;0.058823529411764705;0.023529411764705882;7;4;4;443;3515;7611;1,2,1,3,2,3,1,2,1,1,1,1,1,1,2,1,1,1,1,1,1,1,3,1,1,2,1,2,1,1,1,2,1,1,1,1,4,1,1,2,1,1,1,2,3,1,1,1,1,2,1,3,2,2,1,2,2,1,1,2,1,1,1,2,1,2,1,1,1,2,5,2,1,1,1,1,1,1,2,1;False
2432445;85;8216025965;85;3377.68211203131;11.721812561298265;85;123;1.4470588235294117;-11.721812561298265;11.721812561298265;58;19;6;2;0.6823529411764706;0.2235294117647059;0.07058823529411765;0.023529411764705882;7;1;1;445;3517;7613;3,1,1,2,1,3,1,1,3,1,1,1,1,1,2,1,1,1,1,1,1,1,3,1,1,2,1,2,1,1,1,2,1,1,1,1,4,1,1,2,1,1,1,2,3,1,1,1,1,2,1,3,2,2,1,2,2,1,1,2,1,1,1,2,1,2,1,1,1,2,5,2,1,1,1,1,1,1,2,1;False
2465639;73;8216025965;73;3332.2096077325186;11.702262552644399;73;104;1.4246575342465753;-11.702262552644399;11.702262552644399;50;18;3;2;0.684931506849315;0.2465753424657534;0.0410958904109589;0.0273972602739726;7;;;871;3943;40807;1,1,2,1,1,1,1,1,1,1,3,1,1,2,1,2,1,1,1,2,1,1,1,1,4,1,1,2,1,1,1,2,3,1,1,1,1,2,1,3,2,2,1,2,2,1,1,2,1,1,1,2,1,2,1,1,1,2,5,2,1,1,1,1,1,1,2,1,1,2,1,1,1;False
2562565;90;8216025965;90;3206.1727078142408;11.646625064904043;90;131;1.4555555555555555;-11.646625064904043;11.646625064904043;61;21;5;3;0.6777777777777778;0.23333333333333334;0.05555555555555555;0.03333333333333333;7;1;1;517;2565;6661;4,2,2,1,1,1,1,1,2,1,3,1,1,3,1,1,1,1,1,2,1,1,1,1,1,1,1,3,1,1,2,1,2,1,1,1,2,1,1,1,1,4,1,1,2,1,1,1,2,3,1,1,1,1,2,1,3,2,2,1,2,2,1,1,2,1,1,1,2,1,2,1,1,1,2,5,2,1,1,1;False
2562571;90;8216025965;90;3206.1652008861415;11.646625064904043;90;131;1.4555555555555555;-11.646625064904043;11.646625064904043;61;20;7;2;0.6777777777777778;0.2222222222222222;0.07777777777777778;0.022222222222222223;7;3;3;523;2571;6667;1,2,3,3,1,1,1,1,2,1,3,1,1,3,1,1,1,1,1,2,1,1,1,1,1,1,1,3,1,1,2,1,2,1,1,1,2,1,1,1,1,4,1,1,2,1,1,1,2,3,1,1,1,1,2,1,3,2,2,1,2,2,1,1,2,1,1,1,2,1,2,1,1,1,2,5,2,1,1,1;False
2562575;90;8216025965;90;3206.160196286938;11.646625064904043;90;131;1.4555555555555555;-11.646625064904043;11.646625064904043;63;18;6;3;0.7;0.2;0.06666666666666667;0.03333333333333333;7;4;4;527;2575;6671;1,1,1,5,1,1,1,1,1,3,3,1,1,3,1,1,1,1,1,2,1,1,1,1,1,1,1,3,1,1,2,1,2,1,1,1,2,1,1,1,1,4,1,1,2,1,1,1,2,3,1,1,1,1,2,1,3,2,2,1,2,2,1,1,2,1,1,1,2,1,2,1,1,1,2,5,2,1,1,1;False
2597541;78;8216025965;78;3163.0014559924175;11.627075056250177;78;112;1.435897435897436;-11.627075056250177;11.627075056250177;54;18;3;3;0.6923076923076923;0.23076923076923078;0.038461538461538464;0.038461538461538464;7;1;1;677;677;41637;4,1,1,1,1,1,1,2,1,1,1,1,1,1,1,3,1,1,2,1,2,1,1,1,2,1,1,1,1,4,1,1,2,1,1,1,2,3,1,1,1,1,2,1,3,2,2,1,2,2,1,1,2,1,1,1,2,1,2,1,1,1,2,5,2,1,1,1,1,1,1,2,1,1,2,1,1,1;False
2699657;95;8216025965;95;3043.3591989649053;11.571437568509822;95;139;1.4631578947368422;-11.571437568509822;11.571437568509822;64;22;6;3;0.6736842105263158;0.23157894736842105;0.06315789473684211;0.031578947368421054;7;1;1;393;393;12681;2,1,1,2,1,3,4,2,1,1,1,1,1,2,1,3,1,1,3,1,1,1,1,1,2,1,1,1,1,1,1,1,3,1,1,2,1,2,1,1,1,2,1,1,1,1,4,1,1,2,1,1,1,2,3,1,1,1,1,2,1,3,2,2,1,2,2,1,1,2,1,1,1,2,1,2,1,1,1,2;False
2736499;83;8216025965;83;3002.3858824724584;11.551887559855942;83;120;1.4457831325301205;-11.551887559855942;11.551887559855942;56;20;5;2;0.6746987951807228;0.24096385542168675;0.060240963855421686;0.024096385542168676;7;2;2;371;371;49523;1,3,2,3,1,2,1,1,1,1,1,1,2,1,1,1,1,1,1,1,3,1,1,2,1,2,1,1,1,2,1,1,1,1,4,1,1,2,1,1,1,2,3,1,1,1,1,2,1,3,2,2,1,2,2,1,1,2,1,1,1,2,1,2,1,1,1,2,5,2,1,1,1,1,1,1,2,1,1,2;False
2736503;83;8216025965;83;3002.381493826245;11.551887559855942;83;120;1.4457831325301205;-11.551887559855942;11.551887559855942;57;18;6;2;0.6867469879518072;0.21686746987951808;0.07228915662650602;0.024096385542168676;7;3;3;375;375;49527;1,1,3,3,1,1,3,1,1,1,1,1,2,1,1,1,1,1,1,1,3,1,1,2,1,2,1,1,1,2,1,1,1,1,4,1,1,2,1,1,1,2,3,1,1,1,1,2,1,3,2,2,1,2,2,1,1,2,1,1,1,2,1,2,1,1,1,2,5,2,1,1,1,1,1,1,2,1,1,2;False
2844095;100;8216025965;100;2888.801522101055;11.4962500721156;100;147;1.47;-11.4962500721156;11.4962500721156;70;20;6;4;0.7;0.2;0.06;0.04;7;15;15;447;1471;26047;1,1,1,1,1,2,1,1,1,1,1,1,5,2,5,1,1,1,1,3,3,1,1,3,1,1,1,1,1,2,1,1,1,1,1,1,1,3,1,1,2,1,2,1,1,1,2,1,1,1,1,4,1,1,2,1,1,1,2,3,1,1,1,1,2,1,3,2,2,1,2,2,1,1,2,1,1,1,2,1;False
2882893;88;8216025965;88;2849.9240051573192;11.476700063461749;88;128;1.4545454545454546;-11.476700063461749;11.476700063461749;60;19;7;2;0.6818181818181818;0.2159090909090909;0.07954545454545454;0.022727272727272728;7;1;1;333;3405;64845;3,3,1,1,1,1,2,1,3,1,1,3,1,1,1,1,1,2,1,1,1,1,1,1,1,3,1,1,2,1,2,1,1,1,2,1,1,1,1,4,1,1,2,1,1,1,2,3,1,1,1,1,2,1,3,2,2,1,2,2,1,1,2,1,1,1,2,1,2,1,1,1,2,5,2,1,1,1,1,1;False
2882895;88;8216025965;88;2849.922028030851;11.476700063461749;88;128;1.4545454545454546;-11.476700063461749;11.476700063461749;59;21;6;2;0.6704545454545454;0.23863636363636365;0.06818181818181818;0.022727272727272728;7;5;5;335;3407;64847;1,1,1,3,2,1,3,2,3,1,2,1,1,1,1,1,1,2,1,1,1,1,1,1,1,3,1,1,2,1,2,1,1,1,2,1,1,1,1,4,1,1,2,1,1,1,2,3,1,1,1,1,2,1,3,2,2,1,2,2,1,1,2,1,1,1,2,1,2,1,1,1,2,5,2,1,1,1,1,1;False
2882897;88;8216025965;88;2849.9200509071256;11.476700063461749;88;128;1.4545454545454546;-11.476700063461749;11.476700063461749;60;19;7;2;0.6818181818181818;0.2159090909090909;0.07954545454545454;0.022727272727272728;7;1;1;337;3409;64849;2,3,1,1,1,1,1,3,3,1,1,3,1,1,1,1,1,2,1,1,1,1,1,1,1,3,1,1,2,1,2,1,1,1,2,1,1,1,1,4,1,1,2,1,1,1,2,3,1,1,1,1,2,1,3,2,2,1,2,2,1,1,2,1,1,1,2,1,2,1,1,1,2,5,2,1,1,1,1,1;False
2922237;76;8216025965;76;2811.553602599652;11.457150054807869;76;109;1.4342105263157894;-11.457150054807869;11.457150054807869;52;18;4;2;0.6842105263157895;0.23684210526315788;0.05263157894736842;0.02631578947368421;7;1;1;765;1789;38653;3,1,1,1,1,2,1,1,1,1,1,1,1,3,1,1,2,1,2,1,1,1,2,1,1,1,1,4,1,1,2,1,1,1,2,3,1,1,1,1,2,1,3,2,2,1,2,2,1,1,2,1,1,1,2,1,2,1,1,1,2,5,2,1,1,1,1,1,1,2,1,1,2,1,1,1;False
3037113;93;8216025965;93;2705.209178914318;11.401512567067527;93;136;1.4623655913978495;-11.401512567067527;11.401512567067527;62;23;5;3;0.6666666666666666;0.24731182795698925;0.053763440860215055;0.03225806451612903;7;1;1;953;1977;22457;2,1,2,4,2,2,1,1,1,1,1,2,1,3,1,1,3,1,1,1,1,1,2,1,1,1,1,1,1,1,3,1,1,2,1,2,1,1,1,2,1,1,1,1,4,1,1,2,1,1,1,2,3,1,1,1,1,2,1,3,2,2,1,2,2,1,1,2,1,1,1,2,1,2,1,1,1,2,5,2;False
3037115;93;8216025965;93;2705.207397480833;11.401512567067527;93;136;1.4623655913978495;-11.401512567067527;11.401512567067527;63;21;6;3;0.6774193548387096;0.22580645161290322;0.06451612903225806;0.03225806451612903;7;4;4;955;1979;22459;1,2,1,3,4,2,1,1,1,1,1,2,1,3,1,1,3,1,1,1,1,1,2,1,1,1,1,1,1,1,3,1,1,2,1,2,1,1,1,2,1,1,1,1,4,1,1,2,1,1,1,2,3,1,1,1,1,2,1,3,2,2,1,2,2,1,1,2,1,1,1,2,1,2,1,1,1,2,5,2;False
3037123;93;8216025965;93;2705.2002717703563;11.401512567067527;93;136;1.4623655913978495;-11.401512567067527;11.401512567067527;64;19;7;3;0.6881720430107527;0.20430107526881722;0.07526881720430108;0.03225806451612903;7;2;2;963;1987;22467;1,4,1,1,1,2,3,1,1,1,1,1,3,3,1,1,3,1,1,1,1,1,2,1,1,1,1,1,1,1,3,1,1,2,1,2,1,1,1,2,1,1,1,1,4,1,1,2,1,1,1,2,3,1,1,1,1,2,1,3,2,2,1,2,2,1,1,2,1,1,1,2,1,2,1,1,1,2,5,2;False
3078563;81;8216025965;81;2668.7860423840602;11.381962558413647;81;117;1.4444444444444444;-11.381962558413647;11.381962558413647;56;19;3;3;0.691358024691358;0.2345679012345679;0.037037037037037035;0.037037037037037035;7;2;2;419;2467;63907;1,5,1,2,1,1,1,1,1,1,2,1,1,1,1,1,1,1,3,1,1,2,1,2,1,1,1,2,1,1,1,1,4,1,1,2,1,1,1,2,3,1,1,1,1,2,1,3,2,2,1,2,2,1,1,2,1,1,1,2,1,2,1,1,1,2,5,2,1,1,1,1,1,1,2,1,1,2,1,1;False
3078565;81;8216025965;81;2668.784308598324;11.381962558413647;81;117;1.4444444444444444;-11.381962558413647;11.381962558413647;56;18;4;3;0.691358024691358;0.2222222222222222;0.04938271604938271;0.037037037037037035;7;1;1;421;2469;63909;4,1,1,1,3,1,1,1,1,1,2,1,1,1,1,1,1,1,3,1,1,2,1,2,1,1,1,2,1,1,1,1,4,1,1,2,1,1,1,2,3,1,1,1,1,2,1,3,2,2,1,2,2,1,1,2,1,1,1,2,1,2,1,1,1,2,5,2,1,1,1,1,1,1,2,1,1,2,1,1;False
3120575;69;8216025965;69;2632.85643350985;11.362412549759767;69;98;1.4202898550724639;-11.362412549759767;11.362412549759767;47;18;2;2;0.6811594202898551;0.2608695652173913;0.028985507246376812;0.028985507246376812;6;;;447;3519;40383;1,1,1,1,1,2,1,1,1,2,1,2,1,1,1,2,1,1,1,1,4,1,1,2,1,1,1,2,3,1,1,1,1,2,1,3,2,2,1,2,2,1,1,2,1,1,1,2,1,2,1,1,1,2,5,2,1,1,1,1,1,1,2,1,1,2,1,1,1;False
3199593;98;8216025965;98;2567.834710539747;11.326325070673306;98;144;1.469387755102041;-11.326325070673306;11.326325070673306;66;22;7;3;0.673469387755102;0.22448979591836735;0.07142857142857142;0.030612244897959183;7;1;1;617;617;53865;2,1,1,1,3,1,2,1,3,4,2,1,1,1,1,1,2,1,3,1,1,3,1,1,1,1,1,2,1,1,1,1,1,1,1,3,1,1,2,1,2,1,1,1,2,1,1,1,1,4,1,1,2,1,1,1,2,3,1,1,1,1,2,1,3,2,2,1,2,2,1,1,2,1,1,1,2,1,2,1;False
3243257;86;8216025965;86;2533.2639272805086;11.306775062019426;86;125;1.4534883720930232;-11.306775062019426;11.306775062019426;57;22;5;2;0.6627906976744186;0.2558139534883721;0.05813953488372093;0.023255813953488372;7;1;1;249;3321;31993;2,1,2,1,3,2,3,1,2,1,1,1,1,1,1,2,1,1,1,1,1,1,1,3,1,1,2,1,2,1,1,1,2,1,1,1,1,4,1,1,2,1,1,1,2,3,1,1,1,1,2,1,3,2,2,1,2,2,1,1,2,1,1,1,2,1,2,1,1,1,2,5,2,1,1,1,1,1,1,2;False
3243261;86;8216025965;86;2533.2608029387707;11.306775062019426;86;125;1.4534883720930232;-11.306775062019426;11.306775062019426;59;18;7;2;0.686046511627907;0.20930232558139536;0.08139534883720931;0.023255813953488372;7;1;1;253;3325;31997;3,1,1,1,1,3,3,1,1,3,1,1,1,1,1,2,1,1,1,1,1,1,1,3,1,1,2,1,2,1,1,1,2,1,1,1,1,4,1,1,2,1,1,1,2,3,1,1,1,1,2,1,3,2,2,1,2,2,1,1,2,1,1,1,2,1,2,1,1,1,2,5,2,1,1,1,1,1,1,2;False
3287519;74;8216025965;74;2499.1569524008833;11.287225053365546;74;106;1.4324324324324325;-11.287225053365546;11.287225053365546;51;17;4;2;0.6891891891891891;0.22972972972972974;0.05405405405405406;0.02702702702702703;6;;;479;2527;10719;1,1,1,1,3,1,1,1,1,1,1,3,1,1,2,1,2,1,1,1,2,1,1,1,1,4,1,1,2,1,1,1,2,3,1,1,1,1,2,1,3,2,2,1,2,2,1,1,2,1,1,1,2,1,2,1,1,1,2,5,2,1,1,1,1,1,1,2,1,1,2,1,1,1;False
3370779;103;8216025965;103;2437.4264717443652;11.251137574279085;103;152;1.4757281553398058;-11.251137574279085;11.251137574279085;72;20;7;4;0.6990291262135923;0.1941747572815534;0.06796116504854369;0.038834951456310676;7;18;18;795;3867;28443;1,2,1,1,1,1,1,1,1,3,1,1,1,1,1,5,2,5,1,1,1,1,3,3,1,1,3,1,1,1,1,1,2,1,1,1,1,1,1,1,3,1,1,2,1,2,1,1,1,2,1,1,1,1,4,1,1,2,1,1,1,2,3,1,1,1,1,2,1,3,2,2,1,2,2,1,1,2,1,1;False
3416753;91;8216025965;91;2404.6297654527557;11.231587565625205;91;133;1.4615384615384615;-11.231587565625205;11.231587565625205;61;22;5;3;0.6703296703296703;0.24175824175824176;0.054945054945054944;0.03296703296703297;7;1;1;689;689;8881;2,4,2,2,1,1,1,1,1,2,1,3,1,1,3,1,1,1,1,1,2,1,1,1,1,1,1,1,3,1,1,2,1,2,1,1,1,2,1,1,1,1,4,1,1,2,1,1,1,2,3,1,1,1,1,2,1,3,2,2,1,2,2,1,1,2,1,1,1,2,1,2,1,1,1,2,5,2,1,1;False
3416755;91;8216025965;91;2404.628357900991;11.231587565625205;91;133;1.4615384615384615;-11.231587565625205;11.231587565625205;62;20;6;3;0.6813186813186813;0.21978021978021978;0.06593406593406594;0.03296703296703297;7;2;2;691;691;8883;1,3,4,2,1,1,1,1,1,2,1,3,1,1,3,1,1,1,1,1,2,1,1,1,1,1,1,1,3,1,1,2,1,2,1,1,1,2,1,1,1,1,4,1,1,2,1,1,1,2,3,1,1,1,1,2,1,3,2,2,1,2,2,1,1,2,1,1,1,2,1,2,1,1,1,2,5,2,1,1;False
3416761;91;8216025965;91;2404.6241352555826;11.231587565625205;91;133;1.4615384615384615;-11.231587565625205;11.231587565625205;61;21;7;2;0.6703296703296703;0.23076923076923078;0.07692307692307693;0.02197802197802198;7;1;1;697;697;8889;2,1,2,3,3,1,1,1,1,2,1,3,1,1,3,1,1,1,1,1,2,1,1,1,1,1,1,1,3,1,1,2,1,2,1,1,1,2,1,1,1,1,4,1,1,2,1,1,1,2,3,1,1,1,1,2,1,3,2,2,1,2,2,1,1,2,1,1,1,2,1,2,1,1,1,2,5,2,1,1;False
3416763;91;8216025965;91;2404.622727710409;11.231587565625205;91;133;1.4615384615384615;-11.231587565625205;11.231587565625205;60;23;6;2;0.6593406593406593;0.25274725274725274;0.06593406593406594;0.02197802197802198;7;4;4;699;699;8891;1,2,1,3,1,2,1,2,1,3,2,3,1,2,1,1,1,1,1,1,2,1,1,1,1,1,1,1,3,1,1,2,1,2,1,1,1,2,1,1,1,1,4,1,1,2,1,1,1,2,3,1,1,1,1,2,1,3,2,2,1,2,2,1,1,2,1,1,1,2,1,2,1,1,1,2,5,2,1,1;False
3416765;91;8216025965;91;2404.621320166883;11.231587565625205;91;133;1.4615384615384615;-11.231587565625205;11.231587565625205;62;19;8;2;0.6813186813186813;0.2087912087912088;0.08791208791208792;0.02197802197802198;7;1;1;701;701;8893;3,1,1,2,3,1,1,1,1,1,3,3,1,1,3,1,1,1,1,1,2,1,1,1,1,1,1,1,3,1,1,2,1,2,1,1,1,2,1,1,1,1,4,1,1,2,1,1,1,2,3,1,1,1,1,2,1,3,2,2,1,2,2,1,1,2,1,1,1,2,1,2,1,1,1,2,5,2,1,1;False
3463389;79;8216025965;79;2372.2504070435057;11.212037556971325;79;114;1.4430379746835442;-11.212037556971325;11.212037556971325;54;18;5;2;0.6835443037974683;0.22784810126582278;0.06329113924050633;0.02531645569620253;7;1;1;221;2269;55517;3,1,3,1,1,1,1,1,2,1,1,1,1,1,1,1,3,1,1,2,1,2,1,1,1,2,1,1,1,1,4,1,1,2,1,1,1,2,3,1,1,1,1,2,1,3,2,2,1,2,2,1,1,2,1,1,1,2,1,2,1,1,1,2,5,2,1,1,1,1,1,1,2,1,1,2,1,1,1;False
3599543;96;8216025965;96;2282.519187852458;11.156400069230983;96;141;1.46875;-11.156400069230983;11.156400069230983;65;21;7;3;0.6770833333333334;0.21875;0.07291666666666667;0.03125;7;3;3;183;3255;60599;1,1,3,1,2,1,3,4,2,1,1,1,1,1,2,1,3,1,1,3,1,1,1,1,1,2,1,1,1,1,1,1,1,3,1,1,2,1,2,1,1,1,2,1,1,1,1,4,1,1,2,1,1,1,2,3,1,1,1,1,2,1,3,2,2,1,2,2,1,1,2,1,1,1,2,1,2,1,1,1;False
3599551;96;8216025965;96;2282.514114954893;11.156400069230983;96;141;1.46875;-11.156400069230983;11.156400069230983;66;20;7;3;0.6875;0.20833333333333334;0.07291666666666667;0.03125;7;9;9;191;3263;60607;1,1,1,1,1,2,3,1,5,3,1,1,1,1,2,1,3,1,1,3,1,1,1,1,1,2,1,1,1,1,1,1,1,3,1,1,2,1,2,1,1,1,2,1,1,1,1,4,1,1,2,1,1,1,2,3,1,1,1,1,2,1,3,2,2,1,2,2,1,1,2,1,1,1,2,1,2,1,1,1;False
3648665;84;8216025965;84;2251.7896175724545;11.136850060577103;84;122;1.4523809523809523;-11.136850060577103;11.136850060577103;56;21;5;2;0.6666666666666666;0.25;0.05952380952380952;0.023809523809523808;7;1;1;153;3225;44185;2,1,3,2,3,1,2,1,1,1,1,1,1,2,1,1,1,1,1,1,1,3,1,1,2,1,2,1,1,1,2,1,1,1,1,4,1,1,2,1,1,1,2,3,1,1,1,1,2,1,3,2,2,1,2,2,1,1,2,1,1,1,2,1,2,1,1,1,2,5,2,1,1,1,1,1,1,2,1,1;False
3648669;84;8216025965;84;2251.7871489576064;11.136850060577103;84;122;1.4523809523809523;-11.136850060577103;11.136850060577103;57;19;6;2;0.6785714285714286;0.2261904761904762;0.07142857142857142;0.023809523809523808;7;1;1;157;3229;44189;3,1,2,1,3,1,1,3,1,1,1,1,1,2,1,1,1,1,1,1,1,3,1,1,2,1,2,1,1,1,2,1,1,1,1,4,1,1,2,1,1,1,2,3,1,1,1,1,2,1,3,2,2,1,2,2,1,1,2,1,1,1,2,1,2,1,1,1,2,5,2,1,1,1,1,1,1,2,1,1;False
3698459;72;8216025965;72;2221.4727714975347;11.117300051923237;72;103;1.4305555555555556;-11.117300051923237;11.117300051923237;49;18;3;2;0.6805555555555556;0.25;0.041666666666666664;0.027777777777777776;7;;;795;3867;28443;1,2,1,1,1,1,1,1,1,3,1,1,2,1,2,1,1,1,2,1,1,1,1,4,1,1,2,1,1,1,2,3,1,1,1,1,2,1,3,2,2,1,2,2,1,1,2,1,1,1,2,1,2,1,1,1,2,5,2,1,1,1,1,1,1,2,1,1,2,1,1,1;False
3792111;101;8216025965;101;2166.6100926370564;11.081212572836762;101;149;1.4752475247524752;-11.081212572836762;11.081212572836762;70;21;6;4;0.693069306930693;0.2079207920792079;0.0594059405940594;0.039603960396039604;7;11;11;239;3311;56559;1,1,1,2,1,1,1,1,1,3,6,1,4,2,1,1,1,1,1,2,1,3,1,1,3,1,1,1,1,1,2,1,1,1,1,1,1,1,3,1,1,2,1,2,1,1,1,2,1,1,1,1,4,1,1,2,1,1,1,2,3,1,1,1,1,2,1,3,2,2,1,2,2,1,1,2,1,1,1,2;False
3792127;101;8216025965;101;2166.600951128483;11.081212572836762;101;149;1.4752475247524752;-11.081212572836762;11.081212572836762;71;19;7;4;0.7029702970297029;0.18811881188118812;0.06930693069306931;0.039603960396039604;7;16;16;255;3327;56575;1,1,1,1,1,1,1,3,1,1,1,1,1,5,2,5,1,1,1,1,3,3,1,1,3,1,1,1,1,1,2,1,1,1,1,1,1,1,3,1,1,2,1,2,1,1,1,2,1,1,1,1,4,1,1,2,1,1,1,2,3,1,1,1,1,2,1,3,2,2,1,2,2,1,1,2,1,1,1,2;False
3843853;89;8216025965;89;2137.445413495261;11.061662564182882;89;130;1.4606741573033708;-11.061662564182882;11.061662564182882;61;19;6;3;0.6853932584269663;0.21348314606741572;0.06741573033707865;0.033707865168539325;7;1;1;781;1805;42765;3,4,1,1,1,1,1,2,1,3,1,1,3,1,1,1,1,1,2,1,1,1,1,1,1,1,3,1,1,2,1,2,1,1,1,2,1,1,1,1,4,1,1,2,1,1,1,2,3,1,1,1,1,2,1,3,2,2,1,2,2,1,1,2,1,1,1,2,1,2,1,1,1,2,5,2,1,1,1,1;False
3843857;89;8216025965;89;2137.443189223741;11.061662564182882;89;130;1.4606741573033708;-11.061662564182882;11.061662564182882;60;20;7;2;0.6741573033707865;0.2247191011235955;0.07865168539325842;0.02247191011235955;7;1;1;785;1809;42769;2,3,3,1,1,1,1,2,1,3,1,1,3,1,1,1,1,1,2,1,1,1,1,1,1,1,3,1,1,2,1,2,1,1,1,2,1,1,1,1,4,1,1,2,1,1,1,2,3,1,1,1,1,2,1,3,2,2,1,2,2,1,1,2,1,1,1,2,1,2,1,1,1,2,5,2,1,1,1,1;False
3843859;89;8216025965;89;2137.4420770897163;11.061662564182882;89;130;1.4606741573033708;-11.061662564182882;11.061662564182882;59;22;6;2;0.6629213483146067;0.24719101123595505;0.06741573033707865;0.02247191011235955;7;2;2;787;1811;42771;1,3,1,2,1,2,1,3,2,3,1,2,1,1,1,1,1,1,2,1,1,1,1,1,1,1,3,1,1,2,1,2,1,1,1,2,1,1,1,1,4,1,1,2,1,1,1,2,3,1,1,1,1,2,1,3,2,2,1,2,2,1,1,2,1,1,1,2,1,2,1,1,1,2,5,2,1,1,1,1;False
3843863;89;8216025965;89;2137.4398528251395;11.061662564182882;89;130;1.4606741573033708;-11.061662564182882;11.061662564182882;62;18;6;3;0.6966292134831461;0.20224719101123595;0.06741573033707865;0.033707865168539325;7;3;3;791;1815;42775;1,1,5,1,1,1,1,1,3,3,1,1,3,1,1,1,1,1,2,1,1,1,1,1,1,1,3,1,1,2,1,2,1,1,1,2,1,1,1,1,4,1,1,2,1,1,1,2,3,1,1,1,1,2,1,3,2,2,1,2,2,1,1,2,1,1,1,2,1,2,1,1,1,2,5,2,1,1,1,1;False
3896317;77;8216025965;77;2108.664660755272;11.042112555529016;77;111;1.4415584415584415;-11.042112555529016;11.042112555529016;53;17;5;2;0.6883116883116883;0.22077922077922077;0.06493506493506493;0.025974025974025976;6;1;1;1021;1021;29693;3,1,1,1,1,1,1,3,1,1,1,1,1,1,3,1,1,2,1,2,1,1,1,2,1,1,1,1,4,1,1,2,1,1,1,2,3,1,1,1,1,2,1,3,2,2,1,2,2,1,1,2,1,1,1,2,1,2,1,1,1,2,5,2,1,1,1,1,1,1,2,1,1,2,1,1,1;False
4049487;94;8216025965;94;2028.9053811013594;10.98647506778866;94;138;1.4680851063829787;-10.98647506778866;10.98647506778866;64;20;7;3;0.6808510638297872;0.2127659574468085;0.07446808510638298;0.031914893617021274;7;5;5;591;2639;51791;1,1,1,3,3,4,2,1,1,1,1,1,2,1,3,1,1,3,1,1,1,1,1,2,1,1,1,1,1,1,1,3,1,1,2,1,2,1,1,1,2,1,1,1,1,4,1,1,2,1,1,1,2,3,1,1,1,1,2,1,3,2,2,1,2,2,1,1,2,1,1,1,2,1,2,1,1,1,2,5;False
4049497;94;8216025965;94;2028.9003708361804;10.98647506778866;94;138;1.4680851063829787;-10.98647506778866;10.98647506778866;64;20;7;3;0.6808510638297872;0.2127659574468085;0.07446808510638298;0.031914893617021274;7;1;1;601;2649;51801;2,1,4,1,1,1,2,3,1,1,1,1,1,3,3,1,1,3,1,1,1,1,1,2,1,1,1,1,1,1,1,3,1,1,2,1,2,1,1,1,2,1,1,1,1,4,1,1,2,1,1,1,2,3,1,1,1,1,2,1,3,2,2,1,2,2,1,1,2,1,1,1,2,1,2,1,1,1,2,5;False
4049499;94;8216025965;94;2028.899368786114;10.98647506778866;94;138;1.4680851063829787;-10.98647506778866;10.98647506778866;63;23;5;3;0.6702127659574468;0.24468085106382978;0.05319148936170213;0.031914893617021274;7;9;9;603;2651;51803;1,2,1,1,2,1,2,2,5,1,1,1,2,1,3,1,1,3,1,1,1,1,1,2,1,1,1,1,1,1,1,3,1,1,2,1,2,1,1,1,2,1,1,1,1,4,1,1,2,1,1,1,2,3,1,1,1,1,2,1,3,2,2,1,2,2,1,1,2,1,1,1,2,1,2,1,1,1,2,5;False
4104749;82;8216025965;82;2001.5903445009671;10.966925059134809;82;119;1.451219512195122;-10.966925059134809;10.966925059134809;55;20;5;2;0.6707317073170732;0.24390243902439024;0.06097560975609756;0.024390243902439025;7;1;1;557;557;41517;3,2,3,1,2,1,1,1,1,1,1,2,1,1,1,1,1,1,1,3,1,1,2,1,2,1,1,1,2,1,1,1,1,4,1,1,2,1,1,1,2,3,1,1,1,1,2,1,3,2,2,1,2,2,1,1,2,1,1,1,2,1,2,1,1,1,2,5,2,1,1,1,1,1,1,2,1,1,2,1;False
4104753;82;8216025965;82;2001.5883939910636;10.966925059134809;82;119;1.451219512195122;-10.966925059134809;10.966925059134809;56;19;4;3;0.6829268292682927;0.23170731707317074;0.04878048780487805;0.036585365853658534;7;1;1;561;561;41521;2,4,1,1,1,3,1,1,1,1,1,2,1,1,1,1,1,1,1,3,1,1,2,1,2,1,1,1,2,1,1,1,1,4,1,1,2,1,1,1,2,3,1,1,1,1,2,1,3,2,2,1,2,2,1,1,2,1,1,1,2,1,2,1,1,1,2,5,2,1,1,1,1,1,1,2,1,1,2,1;False
4104755;82;8216025965;82;2001.5874187375373;10.966925059134809;82;119;1.451219512195122;-10.966925059134809;10.966925059134809;56;18;6;2;0.6829268292682927;0.21951219512195122;0.07317073170731707;0.024390243902439025;7;2;2;563;563;41523;1,3,3,1,1,3,1,1,1,1,1,2,1,1,1,1,1,1,1,3,1,1,2,1,2,1,1,1,2,1,1,1,1,4,1,1,2,1,1,1,2,3,1,1,1,1,2,1,3,2,2,1,2,2,1,1,2,1,1,1,2,1,2,1,1,1,2,5,2,1,1,1,1,1,1,2,1,1,2,1;False
4160767;70;8216025965;70;1974.6421669370095;10.947375050480929;70;100;1.4285714285714286;-10.947375050480929;10.947375050480929;48;17;3;2;0.6857142857142857;0.24285714285714285;0.04285714285714286;0.02857142857142857;7;;;255;3327;31999;1,1,1,1,1,1,1,3,1,1,2,1,2,1,1,1,2,1,1,1,1,4,1,1,2,1,1,1,2,3,1,1,1,1,2,1,3,2,2,1,2,2,1,1,2,1,1,1,2,1,2,1,1,1,2,5,2,1,1,1,1,1,1,2,1,1,2,1,1,1;False
4266123;99;8216025965;99;1925.876484339528;10.911287571394439;99;146;1.4747474747474747;-10.911287571394439;10.911287571394439;66;23;7;3;0.6666666666666666;0.23232323232323232;0.0707070707070707;0.030303030303030304;7;3;3;139;2187;6283;1,2,3,1,2,1,1,2,1,3,4,2,1,1,1,1,1,2,1,3,1,1,3,1,1,1,1,1,2,1,1,1,1,1,1,1,3,1,1,2,1,2,1,1,1,2,1,1,1,1,4,1,1,2,1,1,1,2,3,1,1,1,1,2,1,3,2,2,1,2,2,1,1,2,1,1,1,2,1,2;False
4266143;99;8216025965;99;1925.8674556853814;10.911287571394439;99;146;1.4747474747474747;-10.911287571394439;10.911287571394439;69;20;6;4;0.696969696969697;0.20202020202020202;0.06060606060606061;0.04040404040404041;7;14;14;159;2207;6303;1,1,1,1,2,1,1,1,1,1,1,5,2,5,1,1,1,1,3,3,1,1,3,1,1,1,1,1,2,1,1,1,1,1,1,1,3,1,1,2,1,2,1,1,1,2,1,1,1,1,4,1,1,2,1,1,1,2,3,1,1,1,1,2,1,3,2,2,1,2,2,1,1,2,1,1,1,2,1,2;False
4324341;87;8216025965;87;1899.9486777291615;10.891737562740587;87;127;1.4597701149425288;-10.891737562740587;10.891737562740587;60;19;5;3;0.6896551724137931;0.21839080459770116;0.05747126436781609;0.034482758620689655;7;1;1;1013;3061;64501;5,1,1,1,1,2,1,3,1,1,3,1,1,1,1,1,2,1,1,1,1,1,1,1,3,1,1,2,1,2,1,1,1,2,1,1,1,1,4,1,1,2,1,1,1,2,3,1,1,1,1,2,1,3,2,2,1,2,2,1,1,2,1,1,1,2,1,2,1,1,1,2,5,2,1,1,1,1,1,1;False
4324343;87;8216025965;87;1899.947799006693;10.891737562740587;87;127;1.4597701149425288;-10.891737562740587;10.891737562740587;58;21;6;2;0.6666666666666666;0.2413793103448276;0.06896551724137931;0.022988505747126436;7;3;3;1015;3063;64503;1,1,3,2,1,3,2,3,1,2,1,1,1,1,1,1,2,1,1,1,1,1,1,1,3,1,1,2,1,2,1,1,1,2,1,1,1,1,4,1,1,2,1,1,1,2,3,1,1,1,1,2,1,3,2,2,1,2,2,1,1,2,1,1,1,2,1,2,1,1,1,2,5,2,1,1,1,1,1,1;False
4383357;75;8216025965;75;1874.3684269841585;10.872187554086707;75;108;1.44;-10.872187554086707;10.872187554086707;51;18;4;2;0.68;0.24;0.05333333333333334;0.02666666666666667;7;1;1;637;637;57981;3,1,1,1,2,1,1,1,1,1,1,1,3,1,1,2,1,2,1,1,1,2,1,1,1,1,4,1,1,2,1,1,1,2,3,1,1,1,1,2,1,3,2,2,1,2,2,1,1,2,1,1,1,2,1,2,1,1,1,2,5,2,1,1,1,1,1,1,2,1,1,2,1,1,1;False
4555671;92;8216025965;92;1803.4721921315213;10.816550066346366;92;135;1.4673913043478262;-10.816550066346366;10.816550066346366;63;21;5;3;0.6847826086956522;0.22826086956521738;0.05434782608695652;0.03260869565217391;7;3;3;919;919;33687;1,1,6,2,2,1,1,1,1,1,2,1,3,1,1,3,1,1,1,1,1,2,1,1,1,1,1,1,1,3,1,1,2,1,2,1,1,1,2,1,1,1,1,4,1,1,2,1,1,1,2,3,1,1,1,1,2,1,3,2,2,1,2,2,1,1,2,1,1,1,2,1,2,1,1,1,2,5,2,1;False
4555673;92;8216025965;92;1803.4714003836534;10.816550066346366;92;135;1.4673913043478262;-10.816550066346366;10.816550066346366;62;21;6;3;0.6739130434782609;0.22826086956521738;0.06521739130434782;0.03260869565217391;7;1;1;921;921;33689;2,1,3,4,2,1,1,1,1,1,2,1,3,1,1,3,1,1,1,1,1,2,1,1,1,1,1,1,1,3,1,1,2,1,2,1,1,1,2,1,1,1,1,4,1,1,2,1,1,1,2,3,1,1,1,1,2,1,3,2,2,1,2,2,1,1,2,1,1,1,2,1,2,1,1,1,2,5,2,1;False
4555681;92;8216025965;92;1803.4682333991339;10.816550066346366;92;135;1.4673913043478262;-10.816550066346366;10.816550066346366;61;22;7;2;0.6630434782608695;0.2391304347826087;0.07608695652173914;0.021739130434782608;7;1;1;929;929;33697;2,2,1,2,3,3,1,1,1,1,2,1,3,1,1,3,1,1,1,1,1,2,1,1,1,1,1,1,1,3,1,1,2,1,2,1,1,1,2,1,1,1,1,4,1,1,2,1,1,1,2,3,1,1,1,1,2,1,3,2,2,1,2,2,1,1,2,1,1,1,2,1,2,1,1,1,2,5,2,1;False
4555685;92;8216025965;92;1803.4666499110451;10.816550066346366;92;135;1.4673913043478262;-10.816550066346366;10.816550066346366;63;19;7;3;0.6847826086956522;0.20652173913043478;0.07608695652173914;0.03260869565217391;7;1;1;933;933;33701;4,1,1,1,2,3,1,1,1,1,1,3,3,1,1,3,1,1,1,1,1,2,1,1,1,1,1,1,1,3,1,1,2,1,2,1,1,1,2,1,1,1,1,4,1,1,2,1,1,1,2,3,1,1,1,1,2,1,3,2,2,1,2,2,1,1,2,1,1,1,2,1,2,1,1,1,2,5,2,1;False
4555687;92;8216025965;92;1803.4658581680435;10.816550066346366;92;135;1.4673913043478262;-10.816550066346366;10.816550066346366;62;22;5;3;0.6739130434782609;0.2391304347826087;0.05434782608695652;0.03260869565217391;7;7;7;935;935;33703;1,1,2,1,2,2,5,1,1,1,2,1,3,1,1,3,1,1,1,1,1,2,1,1,1,1,1,1,1,3,1,1,2,1,2,1,1,1,2,1,1,1,1,4,1,1,2,1,1,1,2,3,1,1,1,1,2,1,3,2,2,1,2,2,1,1,2,1,1,1,2,1,2,1,1,1,2,5,2,1;False
4617845;80;8216025965;80;1779.190502279743;10.797000057692486;80;116;1.45;-10.797000057692486;10.797000057692486;55;19;3;3;0.6875;0.2375;0.0375;0.0375;7;1;1;629;1653;30325;5,1,2,1,1,1,1,1,1,2,1,1,1,1,1,1,1,3,1,1,2,1,2,1,1,1,2,1,1,1,1,4,1,1,2,1,1,1,2,3,1,1,1,1,2,1,3,2,2,1,2,2,1,1,2,1,1,1,2,1,2,1,1,1,2,5,2,1,1,1,1,1,1,2,1,1,2,1,1,1;False
4680863;68;8216025965;68;1755.2374348490866;10.777450049038606;68;97;1.4264705882352942;-10.777450049038606;10.777450049038606;46;18;2;2;0.6764705882352942;0.2647058823529412;0.029411764705882353;0.029411764705882353;6;;;159;3231;27807;1,1,1,1,2,1,1,1,2,1,2,1,1,1,2,1,1,1,1,4,1,1,2,1,1,1,2,3,1,1,1,1,2,1,3,2,2,1,2,2,1,1,2,1,1,1,2,1,2,1,1,1,2,5,2,1,1,1,1,1,1,2,1,1,2,1,1,1;False
4734811;109;8216025965;109;1735.2384213435341;10.760912578606025;109;162;1.4862385321100917;-10.760912578606025;10.760912578606025;75;22;8;4;0.6880733944954128;0.2018348623853211;0.07339449541284404;0.03669724770642202;7;24;24;859;3931;16219;1,2,1,1,2,2,1,1,3,1,1,1,1,1,1,3,1,1,1,1,1,5,2,5,1,1,1,1,3,3,1,1,3,1,1,1,1,1,2,1,1,1,1,1,1,1,3,1,1,2,1,2,1,1,1,2,1,1,1,1,4,1,1,2,1,1,1,2,3,1,1,1,1,2,1,3,2,2,1,2;False
4799389;97;8216025965;97;1711.8899853710545;10.741362569952145;97;143;1.4742268041237114;-10.741362569952145;10.741362569952145;65;22;7;3;0.6701030927835051;0.2268041237113402;0.07216494845360824;0.030927835051546393;7;1;1;925;2973;15261;3,1,2,1,1,2,1,3,4,2,1,1,1,1,1,2,1,3,1,1,3,1,1,1,1,1,2,1,1,1,1,1,1,1,3,1,1,2,1,2,1,1,1,2,1,1,1,1,4,1,1,2,1,1,1,2,3,1,1,1,1,2,1,3,2,2,1,2,2,1,1,2,1,1,1,2,1,2,1,1;False
4799391;97;8216025965;97;1711.889271993051;10.741362569952145;97;143;1.4742268041237114;-10.741362569952145;10.741362569952145;67;21;5;4;0.6907216494845361;0.21649484536082475;0.05154639175257732;0.041237113402061855;7;7;7;927;2975;15263;1,1,1,1,2,1,6,1,4,2,1,1,1,1,1,2,1,3,1,1,3,1,1,1,1,1,2,1,1,1,1,1,1,1,3,1,1,2,1,2,1,1,1,2,1,1,1,1,4,1,1,2,1,1,1,2,3,1,1,1,1,2,1,3,2,2,1,2,2,1,1,2,1,1,1,2,1,2,1,1;False
4799401;97;8216025965;97;1711.8857051119505;10.741362569952145;97;143;1.4742268041237114;-10.741362569952145;10.741362569952145;66;21;7;3;0.6804123711340206;0.21649484536082475;0.07216494845360824;0.030927835051546393;7;1;1;937;2985;15273;2,1,1,1,1,1,2,3,1,5,3,1,1,1,1,2,1,3,1,1,3,1,1,1,1,1,2,1,1,1,1,1,1,1,3,1,1,2,1,2,1,1,1,2,1,1,1,1,4,1,1,2,1,1,1,2,3,1,1,1,1,2,1,3,2,2,1,2,2,1,1,2,1,1,1,2,1,2,1,1;False
4799403;97;8216025965;97;1711.884991737514;10.741362569952145;97;143;1.4742268041237114;-10.741362569952145;10.741362569952145;65;22;7;3;0.6701030927835051;0.2268041237113402;0.07216494845360824;0.030927835051546393;7;3;3;939;2987;15275;1,2,2,2,1,4,1,1,1,2,3,1,1,1,1,1,3,3,1,1,3,1,1,1,1,1,2,1,1,1,1,1,1,1,3,1,1,2,1,2,1,1,1,2,1,1,1,1,4,1,1,2,1,1,1,2,3,1,1,1,1,2,1,3,2,2,1,2,2,1,1,2,1,1,1,2,1,2,1,1;False
4864887;85;8216025965;85;1688.842097462901;10.721812561298265;85;124;1.4588235294117646;-10.721812561298265;10.721812561298265;57;20;6;2;0.6705882352941176;0.23529411764705882;0.07058823529411765;0.023529411764705882;7;3;3;887;2935;15223;1,1,3,3,2,3,1,2,1,1,1,1,1,1,2,1,1,1,1,1,1,1,3,1,1,2,1,2,1,1,1,2,1,1,1,1,4,1,1,2,1,1,1,2,3,1,1,1,1,2,1,3,2,2,1,2,2,1,1,2,1,1,1,2,1,2,1,1,1,2,5,2,1,1,1,1,1,1,2,1;False
4864893;85;8216025965;85;1688.8400145696935;10.721812561298265;85;124;1.4588235294117646;-10.721812561298265;10.721812561298265;58;18;7;2;0.6823529411764706;0.21176470588235294;0.08235294117647059;0.023529411764705882;7;1;1;893;2941;15229;3,1,1,1,3,3,1,1,3,1,1,1,1,1,2,1,1,1,1,1,1,1,3,1,1,2,1,2,1,1,1,2,1,1,1,1,4,1,1,2,1,1,1,2,3,1,1,1,1,2,1,3,2,2,1,2,2,1,1,2,1,1,1,2,1,2,1,1,1,2,5,2,1,1,1,1,1,1,2,1;False
4931279;73;8216025965;73;1666.1044660016194;10.702262552644399;73;105;1.4383561643835616;-10.702262552644399;10.702262552644399;50;17;4;2;0.684931506849315;0.2328767123287671;0.0547945205479452;0.0273972602739726;6;;;719;3791;16079;1,1,1,3,1,1,1,1,1,1,3,1,1,2,1,2,1,1,1,2,1,1,1,1,4,1,1,2,1,1,1,2,3,1,1,1,1,2,1,3,2,2,1,2,2,1,1,2,1,1,1,2,1,2,1,1,1,2,5,2,1,1,1,1,1,1,2,1,1,2,1,1,1;False
