family_id;members_count;nodes_count;max_common_value;min_common_value;max_avg_step;min_avg_step;members_preview;common_values_preview
5166a862c128;62;78;8216025965;428885;100.0;23.0;270271,288615,360361,405407,432923,480481,487039,540543,577231,608111,640641,649385,720723,730559,769641,810815,854191,865847,912167,960963,974079,1026187,1081085,1095839,1138921,1154461,1199847,1216223,1281283,1281287;8216025965,5477350643,5199203933,3651567095,3466135955,3245837417,3202149617,3081009737,2924552213,2434378063,2401612213,2310757303,2163891611,2134766411,1949701475,1923459209,1442594407,1423177607,1282306139,1265046761,1124486009,1109350829,986089625,948785071,854870759,843364507,749657339,739567219,692562257,657393083
a20409475c9c;61;7;71090621;6241151;22.24590163934426;16.24590163934426;270271,288615,360361,405407,432923,480481,487039,540543,577231,608111,640641,649385,720723,730559,769641,810815,854191,865847,912167,960963,974079,1026187,1081085,1095839,1138921,1154461,1199847,1216223,1281283,1281287;71090621,47393747,31595831,21063887,14042591,9361727,6241151
9ab590894f04;58;5;5547689;1643759;15.724137931034482;11.724137931034482;270271,288615,360361,405407,432923,480481,487039,540543,577231,608111,640641,649385,720723,730559,769641,810815,854191,865847,912167,960963,1026187,1081085,1095839,1138921,1154461,1199847,1216223,1281283,1281287,1298771;5547689,4160767,3698459,2465639,1643759
ec808c2135fe;57;1;1095839;1095839;10.929824561403509;10.929824561403509;270271,288615,360361,405407,432923,480481,487039,540543,577231,608111,640641,649385,720723,730559,769641,810815,854191,865847,912167,960963,1026187,1081085,1095839,1138921,1154461,1199847,1216223,1281283,1281287,1298771;1095839
a5c2c72234b6;56;1;730559;730559;10.125;10.125;270271,288615,360361,405407,432923,480481,487039,540543,577231,608111,640641,649385,720723,730559,769641,810815,854191,865847,912167,960963,1026187,1081085,1138921,1154461,1199847,1216223,1281283,1281287,1298771,1368249;730559
1cdc0b0c8ace;42;1;1948157;1948157;10.666666666666666;10.666666666666666;270271,360361,405407,480481,540543,577231,608111,640641,720723,769641,810815,854191,865847,912167,960963,1081085,1138921,1199847,1216223,1281283,1281287,1298771,1368251,1441445,1518561,1539283,1621629,1708377,1708383,1799771;1948157
b604d18230e8;41;1;1298771;1298771;9.926829268292684;9.926829268292684;270271,360361,405407,480481,540543,577231,608111,640641,720723,769641,810815,854191,865847,912167,960963,1081085,1138921,1199847,1216223,1281283,1281287,1298771,1368251,1441445,1518561,1539283,1621629,1708377,1708383,1799771;1298771
a771b7133ae2;40;1;865847;865847;9.175;9.175;270271,360361,405407,480481,540543,577231,608111,640641,720723,769641,810815,854191,865847,912167,960963,1081085,1138921,1199847,1216223,1281283,1281287,1368251,1441445,1518561,1539283,1621629,1708377,1708383,1799771,1824335;865847
bb03c8f94299;37;1;2308925;2308925;8.837837837837839;8.837837837837839;270271,360361,405407,480481,540543,608111,640641,720723,810815,854191,912167,960963,1081085,1138921,1199847,1216223,1281283,1281287,1368251,1441445,1518561,1539283,1621629,1708377,1708383,1799771,1824335,1896063,1921925,1921931;2308925
d28d60955bf6;28;4;17981;10115;100.32142857142857;96.32142857142857;1357855,1450015,1469439,1469799,1810473,1835007,1933353,2036783,2174823,2175023,2204159,2204699,2480287,2715711,2752511,2938879,3054895,3262235,3306239,3483115,3670015,3918505,4073193,4128767,4349647,4408319,4644153,4959359;17981,15173,11987,10115
dbe9d33f49c6;27;36;5734125917;266069;44.111111111111114;9.11111111111111;159487,212649,239231,318975,358847,378043,425299,478463,504057,538271,567065,637949,717695,756087,807407,850597,956925,1008115,1076543,1134129,1134131,1211111,1275901,1344153,1435389,1512173,1614815;5734125917,3822750611,3225445829,2548500407,2150297219,1699000271,1132666847,755111231,604771093,503407487,447473321,335604991,298315547,198877031,132584687,88389791,58926527,39284351,28348645,26189567,17459711,11639807,7973057,7759871,5979793,5315371,5173247,4598441,4484845,3448831
ef2cfc17ddb0;27;1;14741;14741;130.25925925925927;130.25925925925927;1042431,1126015,1501353,1563647,1689023,1853211,2084863,2252031,2345471,2375847,2533535,2779817,3002707,3127295,3378047,3518207,3558763,3706423,3800303,4003609,4121215,4169725,4504061,4690943,4745017,4809759,4941897;14741
d06c883baba3;25;100;30079718549;11645;129.6;29.6;1042431,1126015,1501353,1563647,1689023,1853211,2084863,2252031,2345471,2533535,2779817,3002707,3127295,3378047,3518207,3558763,3706423,3800303,4003609,4169725,4504061,4690943,4745017,4809759,4941897;30079718549,28167930305,22256142461,21125947729,20053145699,18778620203,15844460797,14837428307,13368763799,13188825161,12519080135,9891618871,8912509199,8792550107,8346053423,6175288961,5941672799,5861700071,5140269989,4631466721,4278726989,4116859307,3907800047,3811263029,3473600041,3426846659,3252827105,3172470317,2852484659,2744572871
a1146ae917ba;23;1;1539283;1539283;7.6521739130434785;7.6521739130434785;270271,360361,405407,480481,608111,640641,720723,912167,960963,1081085,1199847,1281283,1368251,1441445,1539283,1621629,1708377,1799771,1921925,2024743,2052377,2277835,2399695;1539283
863a750a5ebf;22;136;17494428437;15871;143.6818181818182;8.681818181818182;665215,886953,997823,1330431,1496735,1773907,1995647,2102407,2245103,2365209,2660861,2803209,2993471,3153611,3367655,3547813,3991293,4204815,4490207,4730417,4730419,4983483;17494428437,11662952291,7775301527,5183534351,4607586089,3455689567,3071724059,2730421385,2047816039,1820280923,1213520615,820051333,809013743,639220733,539342495,426147155,359561663,291903041,284098103,259469369,239707775,236481389,218927281,194602027,189398735,172979579,164195461,157654259,153759625,149648381
83afcd22475b;22;84;8138196845;14765;99.22727272727273;16.227272727272727;376831,502441,565247,669921,753663,847871,1004883,1130495,1190971,1271807,1339843,1507325,1587961,1695743,1786457,1882027,1907711,2009765,2117281,2260989,2381943,2381947;8138196845,5425464563,5149952693,3616976375,3433301795,3051823817,2411317583,2288867863,1607545055,1428928937,1071696703,952619291,783916481,696814649,635079527,587937361,522610987,482808065,470880989,464543099,446036645,440953021,423386351,396477017,372054113,362106049,313920659,313265789,309695399,297357763
045238bceb85;22;1;2052377;2052377;7.0;7.0;270271,360361,405407,480481,608111,640641,720723,912167,960963,1081085,1199847,1281283,1368251,1441445,1621629,1708377,1799771,1921925,2024743,2052377,2277835,2399695;2052377
b8cc5836c07f;21;4;2725001;1211111;8.619047619047619;5.619047619047619;159487,212649,239231,358847,378043,425299,504057,538271,567065,637949,756087,807407,850597,956925,1008115,1134129,1134131,1211111,1344153,1435389,1512173;2725001,2043751,1816667,1211111
48083f7ff32c;21;1;1368251;1368251;6.333333333333333;6.333333333333333;270271,360361,405407,480481,608111,640641,720723,912167,960963,1081085,1199847,1281283,1368251,1441445,1621629,1708377,1799771,1921925,2024743,2277835,2399695;1368251
757fb0d6c863;20;10;180335645;4690943;33.3;24.3;1126015,1501353,1689023,1853211,2084863,2252031,2533535,2779817,3002707,3127295,3378047,3558763,3706423,3800303,4003609,4504061,4690943,4745017,4809759,4941897;180335645,120223763,80149175,53432783,35621855,23747903,15831935,10554623,7036415,4690943
e4d60c7a9866;20;1;912167;912167;5.65;5.65;270271,360361,405407,480481,608111,640641,720723,912167,960963,1081085,1199847,1281283,1441445,1621629,1708377,1799771,1921925,2024743,2277835,2399695;912167
4cb1e2ec9bc2;20;1;807407;807407;4.9;4.9;159487,212649,239231,358847,378043,425299,504057,538271,567065,637949,756087,807407,850597,956925,1008115,1134129,1134131,1344153,1435389,1512173;807407
0729afc8bcdd;19;22;2270045;37877;90.73684210526316;69.73684210526316;1357855,1450015,1469439,1469799,1810473,1933353,2036783,2175023,2204159,2204699,2480287,2715711,2938879,3306239,3483115,3918505,4408319,4644153,4959359;2270045,2017817,1513363,1345211,1276901,1062881,896807,851267,797161,708587,597871,472391,404021,359129,314927,269347,239419,209951,139967,93311,62207,37877
be8aec04b717;19;1;3127295;3127295;24.57894736842105;24.57894736842105;1126015,1501353,1689023,1853211,2084863,2252031,2533535,2779817,3002707,3127295,3378047,3558763,3706423,3800303,4003609,4504061,4745017,4809759,4941897;3127295
2aff50ecb251;19;1;608111;608111;4.947368421052632;4.947368421052632;270271,360361,405407,480481,608111,640641,720723,960963,1081085,1199847,1281283,1441445,1621629,1708377,1799771,1921925,2024743,2277835,2399695;608111
129e48780fbd;19;1;538271;538271;4.157894736842105;4.157894736842105;159487,212649,239231,358847,378043,425299,504057,538271,567065,637949,756087,850597,956925,1008115,1134129,1134131,1344153,1435389,1512173;538271
154a0fa8504b;18;91;7998895637;11467;101.77777777777777;11.777777777777779;780391,822139,924907,1040521,1096185,1170587,1233209,1316911,1387361,1560783,1644279,1755881,1849815,1975367,2081043,2109439,2192371,2341175;7998895637,5332597091,3555064727,2370043151,1580028767,1053352511,711815789,702235007,675668897,632725145,570095633,506751673,474543859,468156671,450445931,427571725,421816763,380063755,374948233,369901565,346391585,312104447,300297287,292267901,281211175,266930921,259793689,246601043,230927723,208069631
8a00a914551b;18;55;18997161173;11183;68.94444444444444;14.944444444444445;704511,1056767,1409023,1585151,1878697,2113535,2226603,2377727,2504929,2818045,3170303,3339905,3566591,3757393,3757395,4227069,4453207,4755455;18997161173,12664774115,8443182743,5628788495,3752525663,2501683775,1667789183,1482479273,1317759353,1111859455,988319515,878506235,585670823,445245965,390447215,260298143,173532095,166967237,115688063,77125375,31306357,4952765,4402457,4178897,3301843,3134173,2934971,2785931,1857287,1762973
9703246df1cb;18;11;73338857;1907711;15.444444444444445;5.444444444444445;376831,502441,565247,669921,847871,1004883,1190971,1271807,1339843,1507325,1587961,1786457,1882027,1907711,2009765,2117281,2260989,2381943;73338857,55004143,48892571,32595047,21730031,14486687,9657791,6438527,4292351,2861567,1907711
e02d2b05e182;18;4;7577225;3367655;8.166666666666666;5.166666666666667;665215,886953,997823,1496735,1773907,2102407,2245103,2365209,2660861,2803209,3153611,3367655,3547813,3991293,4204815,4730417,4730419,4983483;7577225,5682919,5051483,3367655
b2353b4633dc;17;7;4444577;1975367;11.470588235294118;5.470588235294118;780391,822139,924907,1040521,1096185,1170587,1233209,1316911,1387361,1560783,1644279,1755881,1849815,1975367,2081043,2192371,2341175;4444577,3750113,3333433,2963051,2812585,2500075,1975367
2ffa9e590f38;17;1;2245103;2245103;4.470588235294118;4.470588235294118;665215,886953,997823,1496735,1773907,2102407,2245103,2365209,2660861,2803209,3153611,3547813,3991293,4204815,4730417,4730419,4983483;2245103
23914b4c4d9b;17;1;1271807;1271807;4.764705882352941;4.764705882352941;376831,502441,565247,669921,847871,1004883,1190971,1271807,1339843,1507325,1587961,1786457,1882027,2009765,2117281,2260989,2381943;1271807
c441b34864c6;17;1;405407;405407;4.470588235294118;4.470588235294118;270271,360361,405407,480481,640641,720723,960963,1081085,1199847,1281283,1441445,1708377,1799771,1921925,2024743,2277835,2399695;405407
3d57b5f99ffc;17;1;358847;358847;3.588235294117647;3.588235294117647;159487,212649,239231,358847,378043,425299,504057,567065,637949,756087,850597,956925,1008115,1134129,1134131,1344153,1512173;358847
773da70ca50a;16;1;1496735;1496735;3.75;3.75;665215,886953,997823,1496735,1773907,2102407,2365209,2660861,2803209,3153611,3547813,3991293,4204815,4730417,4730419,4983483;1496735
48d73091d886;16;1;847871;847871;4.0625;4.0625;376831,502441,565247,669921,847871,1004883,1190971,1339843,1507325,1587961,1786457,1882027,2009765,2117281,2260989,2381943;847871
40a204788ca3;15;2;8339453;5559635;29.733333333333334;28.733333333333334;1126015,1501353,1689023,2252031,2533535,3002707,3378047,3558763,3706423,3800303,4003609,4504061,4745017,4809759,4941897;8339453,5559635
da5799ec406f;15;1;239231;239231;3.0;3.0;159487,212649,239231,378043,425299,504057,567065,637949,756087,850597,1008115,1134129,1134131,1344153,1512173;239231
12eadc99058e;14;87;52304792741;10403;101.78571428571429;14.785714285714286;1988859,2237467,2517151,2870431,2943135,2983289,3356201,3775727,3827241,3977719,4305647,4414703,4474935,4778655;52304792741,49648689989,34869861827,33099126659,23246574551,22066084439,18367663841,15497716367,14710722959,13775747881,12245109227,10331810911,9807148639,9309129373,8163406151,6627300113,5890933433,5442270767,5236385273,4970475085,4418200075,3927288955,3628180511,3490923515,2418787007,1863928157,1612524671,1075016447,1048459589,755018405
905178154fa7;14;1;1316911;1316911;5.142857142857143;5.142857142857143;780391,822139,924907,1040521,1096185,1170587,1233209,1316911,1387361,1644279,1755881,1849815,2081043,2192371;1316911
8ea236f4b1b4;14;1;997823;997823;3.2142857142857144;3.2142857142857144;665215,886953,997823,1773907,2102407,2365209,2660861,2803209,3153611,3547813,4204815,4730417,4730419,4983483;997823
5fe9a06dd63f;14;1;565247;565247;3.5714285714285716;3.5714285714285716;376831,502441,565247,669921,1004883,1190971,1339843,1507325,1587961,1786457,1882027,2009765,2117281,2381943;565247
481c0acca2a9;14;1;270271;270271;4.214285714285714;4.214285714285714;270271,360361,480481,640641,960963,1199847,1281283,1441445,1708377,1799771,1921925,2024743,2277835,2399695;270271
ed0d54327b23;13;20;222134561;13696543;31.923076923076923;12.923076923076923;1126015,1501353,1689023,2252031,2533535,3002707,3378047,3558763,3800303,4003609,4504061,4745017,4809759;222134561,187426037,166600921,148089707,124950691,98726471,69338753,65817647,52004065,46225835,43878431,39535181,39003049,30817223,29252287,26356787,20544815,17571191,14825693,13696543
c0757c1d05f8;13;4;6157133;1824335;8.846153846153847;5.846153846153846;540543,810815,854191,1138921,1216223,1281287,1518561,1708383,1824335,1896063,1921931,2162173,2277843;6157133,4104755,2736503,1824335
b29bc6b42f8a;13;1;1755881;1755881;4.538461538461538;4.538461538461538;780391,822139,924907,1040521,1096185,1170587,1233209,1387361,1644279,1755881,1849815,2081043,2192371;1755881
4436179f23ed;13;1;487039;487039;4.923076923076923;4.923076923076923;288615,432923,487039,649385,1026187,1154461,1368249,1441447,1539281,1731693,1921929,2052375,2162171;487039
68de507d8290;13;1;64405;64405;105.76923076923077;105.76923076923077;1441407,2162111,2882815,3037039,3243167,3423871,3843753,4049385,4324223,4555559,4565161,4799271,4864751;64405
17f435640d64;12;56;46548912269;11717;85.91666666666667;29.916666666666668;1212415,1616553,1818623,2424831,2727935,3233107,3637247,4091903,4310809,4310811,4849661,4849663;46548912269,41376810905,31032608179,27584540603,18389693735,17455842101,12259795823,8173197215,5448798143,3632532095,1636485197,613681949,345196097,258897073,230130731,194172805,110712365,92156237,73808243,61437491,49205495,43738217,41517137,40958327,36407401,34558589,32803663,31137853,29158811,27305551
3e7039e23795;12;5;73048229;14429279;12.5;8.5;1126015,1501353,1689023,2252031,2533535,3002707,3378047,3558763,3800303,4003609,4504061,4745017;73048229,48698819,32465879,21643919,14429279
0cbafd72aad9;12;1;1216223;1216223;5.333333333333333;5.333333333333333;540543,810815,854191,1138921,1216223,1281287,1518561,1708383,1896063,1921931,2162173,2277843;1216223
e8dc6b7c55b7;12;1;1170587;1170587;3.9166666666666665;3.9166666666666665;780391,822139,924907,1040521,1096185,1170587,1233209,1387361,1644279,1849815,2081043,2192371;1170587
f8ae725b8322;12;1;649385;649385;4.333333333333333;4.333333333333333;288615,432923,649385,1026187,1154461,1368249,1441447,1539281,1731693,1921929,2052375,2162171;649385
ec09d53fbb3f;11;104;50543191457;50887;112.63636363636364;9.636363636363637;1441407,2162111,2882815,3037039,3243167,3843753,4049385,4324223,4555559,4799271,4864751;50543191457,42645817793,37907393593,33695460971,31984363345,30360157397,28430545195,23988272509,22463640647,20240104931,18698587013,16620966233,14975760431,13493403287,13311787049,12465724675,11080644155,9983840287,8995602191,8874524699,7387096103,5916349799,4924730735,3944233199,3505985065,3283153823,2918358953,2629488799,2188769215,1945572635
1584c6d15a14;11;4;40823909;7654483;17.545454545454547;14.545454545454545;1988859,2237467,2517151,2943135,2983289,3356201,3775727,3977719,4414703,4474935,4778655;40823909,27215939,11481725,7654483
d5c3f556f05c;11;1;376831;376831;3.272727272727273;3.272727272727273;376831,502441,669921,1190971,1339843,1587961,1786457,1882027,2009765,2117281,2381943;376831
1ccc36f15a4e;11;1;360361;360361;4.090909090909091;4.090909090909091;360361,480481,640641,1199847,1281283,1708377,1799771,1921925,2024743,2277835,2399695;360361
c4d25d8e282f;10;60;9533450789;2654165;73.8;14.8;1357855,1450015,1469799,1810473,1933353,2036783,2175023,2204699,2480287,2715711;9533450789,6786997685,6355633859,5290387901,5021735393,4524665123,4463764793,4237089239,4021924553,3766301545,3526925267,3347823595,3135044681,3016443415,2975843195,2824726159,2681283035,2351283511,2090029787,1983895463,1787522023,1393353191,1238536169,1073724245,978596477,928902127,825690779,715816163,652397651,636281033
9f7e909764e7;10;14;9686752253;167983103;28.7;15.7;1212415,1616553,1818623,2424831,2727935,3233107,3637247,4091903,4310809,4849661;9686752253,6457834835,4305223223,2870148815,1913432543,1275621695,850414463,566942975,447954941,398182169,377961983,298636627,251974655,167983103
ddeee0da475c;10;12;411335333;4755455;14.9;3.9;1409023,1878697,2113535,2226603,2504929,3170303,3339905,3757395,4453207,4755455;411335333,274223555,182815703,121877135,81251423,54167615,36111743,24074495,16049663,10699775,7133183,4755455
a8124b6eb4e6;10;10;72575837;3775727;14.4;5.4;1988859,2237467,2517151,2943135,2983289,3356201,3775727,3977719,4414703,4474935;72575837,48383891,32255927,21503951,14335967,12743081,9557311,8495387,5663591,3775727
010502b2e289;10;5;12826025;3800303;7.7;3.7;1126015,1501353,1689023,2533535,3002707,3558763,3800303,4003609,4504061,4745017;12826025,9619519,8550683,5700455,3800303
edc6354ea73f;10;1;810815;810815;3.8;3.8;540543,810815,854191,1138921,1281287,1518561,1708383,1921931,2162173,2277843;810815
827a8d9625ba;10;1;780391;780391;3.5;3.5;780391,822139,924907,1040521,1096185,1233209,1387361,1644279,1849815,2192371;780391
00ce7f75898e;10;1;637949;637949;2.7;2.7;378043,425299,504057,567065,637949,756087,1008115,1134131,1344153,1512173;637949
ca343735d0bd;10;1;432923;432923;4.1;4.1;288615,432923,1026187,1154461,1368249,1441447,1539281,1921929,2052375,2162171;432923
0e0d9036e538;9;91;38828142341;16717;97.77777777777777;7.777777777777778;2022639,2559903,3033959,3595803,3644863,3839855,4045279,4550939,4859817;38828142341,25885428227,17256952151,12622981517,11504634767,8415321011,7669756511,7379603441,7280276689,6649142525,5610214007,5534702581,5460207517,5182931357,5113171007,4919735627,4733618069,4432761683,3740142671,3455287571,3408780671,3279823751,3071366729,2955174455,2915398889,2626821737,2493428447,2303525047,2272520447,2186549167
1ffd8c65a566;9;75;15445365281;12455;96.66666666666667;21.666666666666668;1835007,2174823,2752511,3054895,3262235,3670015,4073193,4128767,4349647;15445365281,13032026957,11584023961,10296910187,8688017971,7828045253,6864606791,5218696835,4887010109,4576404527,4123414781,3479131223,3050936351,2748943187,2319420815,2033957567,1832628791,1546280543,1487783537,1467758485,1115837653,991855691,661237127,440824751,293883167,261229481,195922111,174152987,116101991,103201769
4b6ec2f1fc99;9;63;827370449;11531;73.77777777777777;10.777777777777779;113383,134379,151177,161439,170075,191335,201569,226767,242159;827370449,620527837,551580299,441762497,367720199,349046909,331321873,294508331,290544353,248491405,245146799,232697939,217908265,196338887,193696235,163431199,153043937,130892591,129130823,114782953,102029291,93184277,86087215,68019527,60461801,45346351,40307867,26871911,17914607,11943071
6155f10cc68e;9;52;25074208145;12287;63.111111111111114;11.11111111111111;1469439,2204159,2938879,3306239,3483115,3918505,4408319,4644153,4959359;25074208145,22288185017,18805656109,16716138763,14858790011,9905860007,7052121041,6603906671,5289090781,4402604447,2975113565,2935069631,2319067361,2061393209,1983409043,1956713087,1739300521,1673501381,1546044907,1374262139,1304475391,1221566345,1115667587,916174759,814377563,542918375,361945583,313781509,241297055,160864703
f458bcc26f1e;9;13;107837;16195;90.0;78.0;2479519,2612167,3224667,3306025,3482889,3627751,3719279,3918251,4837001;107837,90989,71891,60659,57581,47927,40439,38387,34121,25591,24293,21593,16195
11dc9af79150;9;1;3170303;3170303;3.3333333333333335;3.3333333333333335;1409023,1878697,2113535,2226603,2504929,3170303,3339905,3757395,4453207;3170303
4022fc4cc169;9;1;2533535;2533535;3.111111111111111;3.111111111111111;1126015,1501353,1689023,2533535,3002707,3558763,4003609,4504061,4745017;2533535
180e64a9588d;9;1;665215;665215;3.0;3.0;665215,886953,2102407,2803209,3153611,3547813,4204815,4730417,4983483;665215
b62bfe5b148d;9;1;13121;13121;125.33333333333333;125.33333333333333;2138439,2314735,2706463,3086313,3207659,3542887,3563631,3732423,4723849;13121
68ef3ef385b1;8;116;15730912385;20045;122.625;7.625;1327743,1991615,2655487,2987423,3147243,3540649,3983231,4481135;15730912385,14932076993,12918063617,11798184289,11199057745,10630355597,10487274923,9954717995,9688547713,9322022153,8848638217,8612042411,8399293309,8286241913,7655148809,7266410785,7086903731,6991516615,6636478663,6214681435,6131034101,5741361607,5524161275,5449808089,5103432539,4910365577,4724602487,4364769401,4087356067,3986383349
24cabf9c92fb;8;71;51968116565;13781;89.375;18.375;1875711,2813567,3252223,3512991,3751423,4220351,4336297,4878335;51968116565,34645411043,23096940695,15397960463,10265306975,6843537983,6083144873,4562358655,4055429915,2703619943,1802413295,1201608863,801072575,534048383,474709673,456751025,421964153,356032255,342563269,316473115,304500683,281309435,187539623,125026415,83350943,64230613,55567295,37044863,24696575,16464383
9a10d4d8376a;8;13;353939705;4091903;14.75;2.75;1212415,1616553,1818623,2727935,3233107,4091903,4310809,4849661;353939705,265454779,235959803,157306535,104871023,69914015,46609343,31072895,20715263,13810175,9206783,6137855,4091903
f882aa037096;8;11;137111777;3566591;12.75;2.75;704511,1056767,1585151,2377727,2818045,3566591,3757393,4227069;137111777,102833833,91407851,60938567,40625711,27083807,18055871,12037247,8024831,5349887,3566591
4c8987efe89e;8;1;2113535;2113535;2.75;2.75;1409023,1878697,2113535,2226603,2504929,3339905,3757395,4453207;2113535
f44c289ae564;8;1;2009765;2009765;3.125;3.125;1190971,1339843,1587961,1786457,1882027,2009765,2117281,2381943;2009765
d7b586cdbde2;8;1;1689023;1689023;2.5;2.5;1126015,1501353,1689023,3002707,3558763,4003609,4504061,4745017;1689023
cefb0cf0c708;8;1;1040521;1040521;3.0;3.0;822139,924907,1040521,1096185,1233209,1387361,1644279,2192371;1040521
36a6043c306a;8;1;10205;10205;112.625;112.625;2138439,2314735,2706463,3086313,3207659,3542887,3732423,4723849;10205
2029e20d105f;7;163;15523957313;24419;170.42857142857142;8.428571428571429;1723519,2298025,2585279,3064033,3447039,3877919,4085377;15523957313,11642967985,10349304875,8732225989,7958584853,6899536583,5305723235,4599691055,3537148823,3066460703,2422882529,2358099215,2044307135,1817161897,1637292373,1615255019,1572066143,1362871423,1076836679,1048044095,944304749,896351777,756296813,717891119,698696063,672263833,629536499,597567851,504197875,478594079
f87d07b854e9;7;120;6692535845;16411;128.14285714285714;9.142857142857142;687871,917161,1031807,1222881,1375743,1547711,1834323;6692535845,4700381825,4461690563,4178117177,3525286369,3301228385,3176340257,3133587883,2974460375,2823413561,2785411451,2680037093,2643964777,2475921289,2382255193,2200818923,2117560171,1982973583,1882275707,1856940967,1786691395,1467212615,1254850471,978141743,753760433,652094495,565320325,502506955,434729663,361866113
f8a44c187158;7;18;425645;21307;136.85714285714286;119.85714285714286;2471679,2643183,3707519,3905863,3964775,4454047,4943359;425645,283763,252233,189175,168155,159617,119713,112103,101009,89785,75757,74735,67339,35957,31961,28409,23971,21307
13432acb677a;7;15;9921149;2175023;19.0;5.0;1357855,1450015,1810473,1933353,2036783,2175023,2715711;9921149,7340705,6967937,6614099,6193721,5505529,5225953,4893803,4645291,4409399,4129147,3919465,3262535,2939599,2175023
3b9d8dae808c;7;8;2451869;287003;11.285714285714286;4.285714285714286;113383,134379,151177,170075,191335,201569,226767;2451869,1634579,1089719,726479,484319,430505,322879,287003
8f503cc4a8e4;7;7;49255613;4324223;10.428571428571429;4.428571428571429;2882815,3037039,3843753,4049385,4324223,4555559,4799271;49255613,32837075,21891383,14594255,9729503,6486335,4324223
4f35c3446ddf;7;2;29189;19459;83.0;82.0;2684647,3181803,3579529,4026971,4194303,4530343,4772705;29189,19459
ba3d8e96cd38;7;1;14579453;14579453;8.571428571428571;8.571428571428571;2022639,2559903,3033959,3595803,3839855,4045279,4550939;14579453
b855dfac13cd;7;1;3252223;3252223;20.0;20.0;1875711,2813567,3252223,3512991,3751423,4220351,4336297;3252223
4fdc37eecae7;7;1;2727935;2727935;2.142857142857143;2.142857142857143;1212415,1616553,1818623,2727935,3233107,4310809,4849661;2727935
8c729700d769;7;1;2377727;2377727;2.142857142857143;2.142857142857143;704511,1056767,1585151,2377727,2818045,3757393,4227069;2377727
033dca7b808e;7;1;2162173;2162173;3.5714285714285716;3.5714285714285716;854191,1138921,1281287,1518561,1921931,2162173,2277843;2162173
d8926208af49;7;1;1921925;1921925;4.428571428571429;4.428571428571429;1199847,1281283,1708377,1799771,1921925,2024743,2399695;1921925
fe71b9a9c64d;7;1;1387361;1387361;2.4285714285714284;2.4285714285714284;822139,924907,1096185,1233209,1387361,1644279,2192371;1387361
340cbc8b9a3b;7;1;1154461;1154461;4.285714285714286;4.285714285714286;1026187,1154461,1368249,1441447,1539281,1921929,2162171;1154461
8ed902bfde1f;7;1;425299;425299;2.142857142857143;2.142857142857143;378043,425299,504057,567065,1008115,1344153,1512173;425299
03fc565be756;6;108;58956314129;10565;112.16666666666667;4.166666666666667;3191911,3362671,3985387,4255881,4483561,4787867;58956314129,44217235597,39304209419,32716565921,29081391929,27604602497,26202806279,24537424441,21811043947,20703451873,19387594619,18403068331,17468537519,16581463349,15527588905,12925063079,11645691679,8616708719,5744472479,3829648319,2553098879,2269421225,1796871221,1702065919,1593887057,1554512189,1512947483,1311619661,1197914147,1195415293
f59d882b99b2;6;104;42216015293;10343;106.66666666666667;2.6666666666666665;2375451,2672383,3563177,3753799,4008575,4750903;42216015293,40072233269,35619762905,28144010195,26714822179,23746508603,18762673463,15831005735,12508448975,10271809745,8338965983,7703857309,6847873163,5559310655,4875097205,4565248775,4333419737,3756771869,3706207103,3294406313,3250064803,3043499183,2888946491,2470804735,2196270875,2113184177,2028999455,1952240777,1584888133,1464180583
280a013c5eff;6;85;15060541697;31519;87.5;3.5;2479519,2612167,3306025,3482889,3719279,3918251;15060541697,14103333053,11899687265,11295406273,10040361131,9402222035,8924765449,8471554705,8357530697,7933124843,6693574087,6353666029,6268148023,5571687131,5288749895,5217565265,3913173949,3714458087,3478376843,3392448149,3301740521,3015509465,2680452857,2476305391,2382624761,2318917895,2261632099,2201160347,2010339643,1786968571
207429d4f367;6;84;117539270981;24295;86.33333333333333;3.3333333333333335;2684647,3181803,3579529,4026971,4530343,4772705;117539270981,78359513987,69652901321,52239675991,46435267547,30956845031,22038613309,20637896687,18595079981,13758597791,12396719987,9172398527,9048941405,8264479991,6973154993,6114932351,6032627603,5229866245,5090029541,4076621567,4021751735,3393353027,2717747711,2681167823,1811831807,1787445215,1610517161,1431570809,1207887871,1191630143
8ab10e39cf8c;6;82;39391746821;16733;93.5;12.5;2431999,3242665,3647999,4323553,4554855,4863999;39391746821,26261164547,18444055205,17507443031,16394715737,12296036803,11671628687,10929810491,7781085791,7385952529,7286540327,6823426877,5757266429,5539464397,5187390527,4857693551,4548951251,3838177619,3458260351,3238462367,3032634167,2558785079,2158974911,2077299149,2021756111,1347837407,935840141,898558271,778987181,623893427
c2fa3e3426e6;6;18;5423886845;5505023;22.5;5.5;2174823,3054895,3262235,3670015,4073193,4349647;5423886845,3615924563,2410616375,1607077583,1071385055,714256703,476171135,317447423,211631615,141087743,94058495,62705663,41803775,27869183,18579455,12386303,8257535,5505023
e565a82abe83;6;7;11752937;1547711;8.166666666666666;2.1666666666666665;687871,917161,1031807,1222881,1547711,1834323;11752937,8814703,7835291,5223527,3482351,2321567,1547711
998b2267dba3;6;6;19631969;3877919;7.5;2.5;1723519,2298025,2585279,3064033,3877919,4085377;19631969,14723977,13087979,8725319,5816879,3877919
fa77716e1349;6;5;8175005;1614815;6.333333333333333;2.3333333333333335;318975,478463,717695,1076543,1275901,1614815;8175005,5450003,3633335,2422223,1614815
332aeebf0d8d;6;2;2882897;1921931;3.1666666666666665;2.1666666666666665;854191,1138921,1281287,1518561,1921931,2277843;2882897,1921931
7ff09fdf129a;6;1;4336297;4336297;22.333333333333332;22.333333333333332;1875711,2813567,3512991,3751423,4220351,4336297;4336297
4426ef094cd3;6;1;3547813;3547813;2.6666666666666665;2.6666666666666665;2102407,2803209,3153611,3547813,4730417,4983483;3547813
fb9ff60acd7c;6;1;2517151;2517151;2.3333333333333335;2.3333333333333335;1988859,2237467,2517151,2983289,3356201,3977719;2517151
7cb52555c719;6;1;1818623;1818623;1.5;1.5;1212415,1616553,1818623,3233107,4310809,4849661;1818623
8b8cc7b7c9d0;6;1;1585151;1585151;1.5;1.5;704511,1056767,1585151,2818045,3757393,4227069;1585151
5a8194e8da81;6;1;1539281;1539281;4.0;4.0;1026187,1368249,1441447,1539281,1921929,2162171;1539281
c24729d27647;6;1;1409023;1409023;2.3333333333333335;2.3333333333333335;1409023,1878697,2226603,2504929,3339905,4453207;1409023
273173f2bf98;6;1;1339843;1339843;2.6666666666666665;2.6666666666666665;1190971,1339843,1587961,1786457,1882027,2117281;1339843
d8cbbc193a44;6;1;567065;567065;1.5;1.5;378043,504057,567065,1008115,1344153,1512173;567065
3c761cbc1ed1;6;1;191335;191335;3.3333333333333335;3.3333333333333335;113383,134379,151177,170075,191335,201569;191335
beb236e6360d;5;138;17521602389;10477;139.0;2.0;2884699,3245287,3846265,4327049,4867931;17521602389,11681068259,10383171785,7787378839,6922114523,4614743015,3076495343,2050996895,1367331263,911554175,810270377,607702783,540180251,360120167,259872401,240080111,230997689,194904301,173248267,160053407,153998459,106702271,102665639,82225253,73089113,71134847,66613697,54816835,49960273,47423231
811d5d195dc8;5;135;10702358765;21551;140.6;6.6;1127871,1691807,2255743,2537711,3007657;10702358765,7134905843,7038872621,4756603895,4692581747,4515057605,4013384537,3171069263,3128387831,3010038403,2818728233,2639577233,2114046175,2085591887,1979682925,1879152155,1390394591,1252768103,963374957,926929727,858123341,846573301,835178735,742381097,642249971,617953151,609635717,572082227,563204897,556785823
d47b48960c03;5;96;48095597285;10367;120.6;14.6;2471679,3707519,3905863,4454047,4943359;48095597285,32063731523,21667457009,21375821015,19259961785,16250592757,14444971339,14250547343,14058740213,13526886737,12839974523,12667153193,10145165053,9500364895,9372493475,9017924491,8559983015,8444768795,6248328983,5706655343,5629845863,5141789117,5004307433,4880682641,4448273273,4338384569,4165552655,3804436895,3753230575,3660511981
630cda8fa845;5;67;523608245;11095;68.8;2.8;77671,103561,116507,131071,138081;523608245,349072163,232714775,206857577,183873401,155143183,137905051,122582267,86093441,81721511,64570081,57395627,54481007,49088273,48427561,44229341,39314969,38263751,36816205,36320671,29486227,26209979,25509167,24879005,23615621,17473319,17006111,16586003,15743747,13994441
cdb55da806ae;5;46;11703159125;22627;56.6;11.6;2138439,2314735,2706463,3086313,3207659;11703159125,7802106083,5201404055,3467602703,3082313513,2739834233,2311735135,2054875675,1826556155,1217704103,811802735,541201823,360801215,285077501,240534143,190051667,160356095,126701111,112623209,106904063,84467407,77144849,75082139,57858637,51429899,50054759,34286599,33369839,22246559,21696989
1a440a8c9849;5;17;273787613;9136559;25.8;9.8;1875711,2813567,3512991,3751423,4220351;273787613,182525075,154005533,121683383,102670355,86628113,81122255,64971085,57752075,54081503,36054335,30835889,24364157,23126917,20557259,13704839,9136559
9d49e1e75840;5;10;169470629;4408319;11.4;2.4;2938879,3483115,3918505,4408319,4644153;169470629,112980419,75320279,50213519,33475679,22317119,14878079,9918719,6612479,4408319
27c08713e97f;5;9;60111881;3518207;9.8;1.8;1042431,1563647,2345471,3518207,4169725;60111881,45083911,40074587,26716391,17810927,11873951,7915967,5277311,3518207
ff3f1bdc112c;5;5;38878541;7679711;8.8;4.8;2022639,3033959,3595803,4045279,4550939;38878541,25919027,17279351,11519567,7679711
915edf080034;5;4;21869;10381;103.6;97.6;626331,704623,763675,859135,1767583;21869,14579,13841,10381
1ccd9cdffe90;5;2;6040457;4026971;3.0;2.0;2684647,3181803,3579529,4026971,4772705;6040457,4026971
c359d8c1786e;5;2;255113;170075;3.0;2.0;113383,134379,151177,170075,201569;255113,170075
6f69ac470819;5;1;4730417;4730417;2.2;2.2;2102407,2803209,3153611,4730417,4983483;4730417
1b070ee5ad81;5;1;4504061;4504061;2.4;2.4;3002707,3558763,4003609,4504061,4745017;4504061
e21c8f5ca8f3;5;1;3356201;3356201;1.8;1.8;1988859,2237467,2983289,3356201,3977719;3356201
09d49ca1e166;5;1;2585279;2585279;2.0;2.0;1723519,2298025,2585279,3064033,4085377;2585279
fe5d4cc681d9;5;1;2479519;2479519;3.2;3.2;2479519,2612167,3306025,3482889,3918251;2479519
0baa26ed97cd;5;1;1878697;1878697;1.8;1.8;1878697,2226603,2504929,3339905,4453207;1878697
ab5acaed7ab1;5;1;1786457;1786457;2.2;2.2;1190971,1587961,1786457,1882027,2117281;1786457
ce693b4cb2a2;5;1;1281287;1281287;1.6;1.6;854191,1138921,1281287,1518561,2277843;1281287
2687e1f09b69;5;1;1076543;1076543;1.8;1.8;318975,478463,717695,1076543,1275901;1076543
ff7d7f9082ca;5;1;1031807;1031807;1.6;1.6;687871,917161,1031807,1222881,1834323;1031807
bd07731507d9;5;1;924907;924907;1.8;1.8;822139,924907,1096185,1233209,2192371;924907
06730d0de2fe;4;138;22983893981;10307;146.25;9.25;1993215,2989823,3986431,4484735;22983893981,18160113761,15322595987,13620085321,12928440365,12106742507,10215063991,8618960243,8071161671,7174365929,5592337037,5380774447,4848165137,4782910619,4251476105,3728224691,3636123853,3188607079,2834317403,2485483127,2213936549,2097126389,1889544935,1679595497,1656988751,1475957699,1472878889,1401006725,1363546445,1259696623
b2581a3ffec8;4;67;17789272325;12581;69.5;1.5;2504863,3339817,3757295,4453089;17789272325,11859514883,7906343255,5270895503,3513930335,3335488561,2501616421,2342620223,1561746815,1055369429,1041164543,925479593,703579619,694109695,616986395,469053079,411324263,274216175,182810783,162498473,121873855,108332315,72221543,48147695,32098463,24735221,21398975,14265983,12680873,9510655
106a3d99ad29;4;43;932774453;22799;43.5;1.5;138367,184489,207551,245985;932774453,621849635,414566423,276377615,184251743,122834495,109186217,87447605,81889663,72790811,57513725,48527207,38342483,32351471,25561655,21567647,17041103,11360735,8198213,7573823,5049215,3366143,2244095,1576097,1537165,1496063,1329833,1182073,1050731,997375
568f0560f3c8;4;13;220016573;1695743;14.25;2.25;753663,1130495,1695743,2381947;220016573,146677715,97785143,65190095,43460063,28973375,19315583,12877055,8584703,5723135,3815423,2543615,1695743
5af606ae1a78;4;12;60049;10147;87.75;75.75;420351,630527,747291,3632767;60049,45037,21377,19001,16889,16033,15221,14251,13529,12667,12025,10147
2004cf43b6c3;4;10;93494249;3647999;10.5;1.5;2431999,3242665,3647999,4323553;93494249,70120687,62329499,41552999,27701999,18467999,12311999,8207999,5471999,3647999
bf557289a1cf;4;9;60689;10655;164.75;156.75;3428767,4063723,4064103,4571689;60689,53945,45517,40459,35963,23975,17069,15983,10655
eb83573a28b5;4;8;56490209;4959359;8.5;1.5;1469439,2204159,3306239,4959359;56490209,42367657,37660139,25106759,16737839,11158559,7439039,4959359
c7136b271ca7;4;7;67645853;13362143;15.75;9.75;2471679,3707519,3905863,4943359;67645853,47509841,45097235,35632381,30064823,20043215,13362143
a71df653d45f;4;7;45371501;3983231;7.75;1.75;2655487,3147243,3540649,3983231;45371501,30247667,20165111,13443407,8962271,5974847,3983231
b1f384f513fe;4;7;32048297;4220351;9.0;3.0;1875711,2813567,3512991,4220351;32048297,24036223,21365531,14243687,9495791,6330527,4220351
6eccb968bbb3;4;5;22731677;4490207;5.5;1.5;1330431,1995647,2993471,4490207;22731677,15154451,10102967,6735311,4490207
8f10e67cfd47;4;5;16418537;4864751;5.5;1.5;1441407,2162111,3243167,4864751;16418537,12313903,10945691,7297127,4864751
fde4fa37d01f;4;5;15123833;4481135;5.5;1.5;1327743,1991615,2987423,4481135;15123833,11342875,10082555,6721703,4481135
16324324a7cd;4;5;11531261;4555559;6.0;2.0;3037039,4049385,4555559,4799271;11531261,10250009,7687507,6833339,4555559
61b354390220;4;4;5125133;3037115;6.0;3.0;1199847,1799771,2024743,2399695;5125133,4555673,3416755,3037115
7bcc644ccbd1;4;2;5800061;3866707;7.0;6.0;1357855,1810473,2036783,2715711;5800061,3866707
0a6346f4d443;4;2;174761;116507;2.5;1.5;77671,103561,116507,138081;174761,116507
b39c6117bd8b;4;1;3306025;3306025;3.0;3.0;2612167,3306025,3482889,3918251;3306025
edf00226e3f1;4;1;3245287;3245287;1.5;1.5;2884699,3245287,3846265,4327049;3245287
e5714c26861d;4;1;3153611;3153611;1.75;1.75;2102407,2803209,3153611,4983483;3153611
30acf4d14bea;4;1;3002707;3002707;2.0;2.0;3002707,3558763,4003609,4745017;3002707
db2d5c83e575;4;1;2938879;2938879;2.0;2.0;2938879,3483115,3918505,4644153;2938879
29a982723dae;4;1;2684647;2684647;1.5;1.5;2684647,3181803,3579529,4772705;2684647
a80aace04af9;4;1;2660861;2660861;1.25;1.25;1773907,2365209,2660861,4730419;2660861
126f1bf0aa72;4;1;2345471;2345471;1.25;1.25;1042431,1563647,2345471,4169725;2345471
124d159780c4;4;1;1723519;1723519;1.5;1.5;1723519,2298025,3064033,4085377;1723519
a26df50fe13b;4;1;1233209;1233209;1.25;1.25;822139,1096185,1233209,2192371;1233209
ee8a6e3a45c8;4;1;1190971;1190971;1.75;1.75;1190971,1587961,1882027,2117281;1190971
a984f881209a;4;1;1056767;1056767;1.0;1.0;704511,1056767,2818045,3757393;1056767
ca911c493c8e;4;1;717695;717695;1.25;1.25;318975,478463,717695,1275901;717695
0e446625f50b;4;1;159487;159487;1.0;1.0;159487,212649,850597,1134129;159487
7c43449dcb84;4;1;113383;113383;1.5;1.5;113383,134379,151177,201569;113383
77d97819dc89;3;172;98158530773;10057;182.0;2.0;3542887,3732423,4723849;98158530773,96837353117,87252027353,65439020515,64558235411,61279887521,58168018235,54471011129,51704905097,45959915641,43038823607,40853258347,38778678823,36314007419,34469936731,28692549071,19128366047,17002992041,12752244031,11335328027,7556885351,7455172445,5037923567,4970114963,4478154281,4193534501,3358615711,3313409975,2985436187,2795689667
186dbf0b44a8;3;148;41739568049;11503;148.33333333333334;1.3333333333333333;3428767,4063723,4571689;41739568049,37101838265,31304676037,27826378699,24734558843,23429531681,19768667357,18512222561,17572148761,16489705895,15619687787,14626941281,13884166921,13179111571,12341481707,11119875389,10993137263,10970205961,10413125191,9751294187,9382394861,8227654471,7413250259,7328758175,6679458845,6500862791,6254929907,5869626757,5349600773,4885838783
a66f79d25aab;3;124;5571859265;15371;131.66666666666666;8.666666666666666;1072575,1506607,1608863;5571859265,4178894449,3714572843,3134170837,2476381895,1650921263,1100614175,733742783,687108005,489161855,458072003,434810537,407175113,361933433,326107903,305381335,289873691,271450075,241288955,238041281,211592249,209180657,193249127,185938361,178530961,160859303,158694187,156885493,141061499,139453771
1d3d8228224e;3;122;5936080241;165451;122.66666666666667;1.6666666666666667;1027431,1541147,1733791;5936080241,5276515769,4452060181,3957386827,3517677179,2345118119,1852932833,1563412079,1389699625,1235288555,1042274719,823525703,549017135,514123037,366011423,342748691,289194209,253601549,244007615,228499127,216895657,208690321,192796139,169067699,162671743,156517741,152332751,135406889,133584353,125094077
3f0887ae20c2;3;110;16894913165;10357;112.33333333333333;3.3333333333333335;3708699,4172287,4395495;16894913165,11263275443,10011800393,7508850295,6674533595,6335592437,4510397357,4449689063,3612392225,3047955941,3006931571,2966459375,2709294169,2636852777,2408261483,2169882701,2140676873,2031970627,2004621047,1977639583,1757901851,1691399009,1605507655,1446588467,1427117915,1336414031,1268549257,1171934567,964392311,951411943
8a166809a1a4;3;93;140942996837;22147;93.0;1.0;3219199,4292265,4828799;140942996837,93961997891,77160627377,62641331927,57870470533,51440418251,41760887951,39640217861,37120789289,34761489005,34293612167,32996257145,30899101337,27840591967,26426811907,24747192859,23174326003,22862408111,21997504763,20599400891,18310578569,15241605407,14665003175,13732933927,13035558377,12207052379,10850713225,10161070271,9776668783,8138034919
190bc5027fcc;3;93;32275538477;25675;93.0;1.0;2799007,3732009,4198511;32275538477,21517025651,19387189457,14540392093,14344683767,12924792971,12103326929,9563122511,9201341873,9077495197,8616528647,8178970553,6901006405,6375415007,6134227915,5744352431,5667035561,5452647035,5106091049,4250276671,3829568287,3778023707,3404060699,2518682471,1679121647,1293938701,1119414431,995035049,746276287,663356699
c60dd8e4c06d;3;91;27768579569;24517;91.66666666666667;1.6666666666666667;3563611,4009063,4751481;27768579569,20826434677,18512386379,12341590919,8227727279,5485151519,3656767679,2928717377,2437845119,2252174993,2196538033,1952478251,1779496289,1689131245,1647403525,1625230079,1501449995,1334622217,1186330859,1083486719,1000966663,963099305,790887239,722324479,712602245,642066203,633424217,570725513,527258159,475068163
873e47470819;3;87;8153728541;259157;92.0;6.0;1395183,2092775,2234815;8153728541,5435819027,4586472305,3623879351,3439854229,3221226089,3057648203,2415919567,2147484059,2010995585,1508246689,1431656039,1412386469,1340663723,1272583145,1131185017,954437359,941590979,893775815,848388763,816293537,774841133,688747673,627727319,612220153,595850543,544195691,516560755,459165115,418484879
d56a22f4b5d8;3;59;4476320981;12323;59.0;1.0;829087,1105449,1243631;4476320981,2984213987,1989475991,1326317327,884211551,828013373,698636285,589474367,552008915,465757523,392982911,368005943,327116393,310505015,261988607,245337295,218077595,145385063,104913773,96923375,66390749,64615583,57436073,44260499,43077055,39342665,38290715,37344797,29506999,25527143
52fc5cf80eb9;3;57;17207332949;12647;65.66666666666667;8.666666666666666;2268927,3403391,4537855;17207332949,15295407065,11471555299,10196938043,6797958695,4774423661,4531972463,3182949107,3021314975,2121966071,2014209983,1790408873,1414644047,1342806655,943096031,628730687,558871721,419153791,372581147,331183241,248387431,220788827,201648433,151236325,147192551,98128367,65418911,43612607,42535217,31901413
55c5bc6658a7;3;57;2833697357;24991;66.33333333333333;10.333333333333334;420351,630527,747291;2833697357,1889131571,1259421047,1062636509,839614031,597733037,559742687,442265825,398488691,393125177,373161791,349444601,331699369,294843883,262083451,248774527,232963067,224149889,207078281,168112417,155308711,141844853,138052187,126084313,94563235,92034791,61356527,40904351,27269567,19946933
caeebb186297;3;56;23530407821;127805;56.0;1.0;3224667,3627751,4837001;23530407821,15686938547,10457959031,8823902933,7737899057,6971972687,5803424293,5158599371,4647981791,4131539369,3439066247,3098654527,2754359579,2448319625,2292710831,1836239719,1632213083,1528473887,1088142055,1018982591,679321727,536748029,452881151,357832019,318072905,301920767,238554679,212048603,206810225,201280511
b35e62ab385c;3;52;2324522933;91007;54.666666666666664;3.6666666666666665;459759,581883,654619;2324522933,1549681955,1033121303,688747535,459165023,306110015,245164529,217924025,204073343,183873397,163443019,136048895,90699263,60466175,40310783,26873855,25857197,17915903,17238131,11943935,9696449,7962623,7272337,5592401,5454253,5308415,4194301,3728267,3538943,2485511
e8bbb6f47ae8;3;17;1807962281;4128767;17.0;1.0;1835007,2752511,4128767;1807962281,1355971711,1205308187,803538791,535692527,357128351,238085567,158723711,105815807,70543871,47029247,31352831,20901887,13934591,9289727,6193151,4128767
ff3aef941d35;3;16;17340929;2706463;17.333333333333332;2.3333333333333335;2138439,2706463,3207659;17340929,13701473,13005697,11560619,10276105,9754273,9258941,9134315,8230169,7707079,7315705,6172627,6089543,5486779,4059695,2706463
5fde6cb4feb2;3;8;51083945;4484735;8.0;1.0;1993215,2989823,4484735;51083945,38312959,34055963,22703975,15135983,10090655,6727103,4484735
f4aaad53ed20;3;6;16643069;2191679;6.0;1.0;974079,1461119,2191679;16643069,11095379,7396919,4931279,3287519,2191679
c557295ee143;3;6;12767645;3362671;6.333333333333333;1.3333333333333333;3362671,3985387,4483561;12767645,11349017,8511763,7566011,5044007,3362671
f5b1ef4e37db;3;6;4104749;2162171;6.0;1.0;1441447,1921929,2162171;4104749,3648665,3243257,2736499,2432443,2162171
983e2cb9128a;3;5;8564777;2537711;5.0;1.0;1127871,1691807,2537711;8564777,6423583,5709851,3806567,2537711
def18bcd0f64;3;5;6874145;2036783;5.0;1.0;1357855,1810473,2036783;6874145,5155609,4582763,3055175,2036783
1dc678a0f8ce;3;4;14680061;4349647;7.333333333333333;4.333333333333333;3054895,4073193,4349647;14680061,9786707,6524471,4349647
d1498132d1bc;3;3;6826409;4550939;3.0;1.0;2022639,3033959,4550939;6826409,5119807,4550939
1f9ab8f7b8bd;3;3;5877377;3918251;3.0;1.0;2612167,3482889,3918251;5877377,4408033,3918251
fbbd8e4e27ef;3;2;10068605;6712403;10.333333333333334;9.333333333333334;2943135,4414703,4474935;10068605,6712403
02e39f79f55b;3;1;4849661;4849661;1.0;1.0;3233107,4310809,4849661;4849661
db4d433e390a;3;1;4327049;4327049;1.0;1.0;2884699,3846265,4327049;4327049
e1ffe2aec641;3;1;4003609;4003609;1.6666666666666667;1.6666666666666667;3558763,4003609,4745017;4003609
5dba8b831b60;3;1;3918505;3918505;1.6666666666666667;1.6666666666666667;3483115,3918505,4644153;3918505
be10709f14a2;3;1;3670015;3670015;1.6666666666666667;1.6666666666666667;2174823,3262235,3670015;3670015
9708f55880f4;3;1;3579529;3579529;1.0;1.0;3181803,3579529,4772705;3579529
4fadeee168af;3;1;3306239;3306239;1.0;1.0;1469439,2204159,3306239;3306239
c16634fa0de7;3;1;3243167;3243167;1.0;1.0;1441407,2162111,3243167;3243167
f4c84b28ea09;3;1;2993471;2993471;1.0;1.0;1330431,1995647,2993471;2993471
505111145c36;3;1;2987423;2987423;1.0;1.0;1327743,1991615,2987423;2987423
f00ed6a88f33;3;1;2813567;2813567;3.0;3.0;1875711,2813567,3512991;2813567
31caaf10b07e;3;1;2672383;2672383;1.0;1.0;2375451,2672383,3563177;2672383
72a38b32f3f7;3;1;2655487;2655487;1.3333333333333333;1.3333333333333333;2655487,3147243,3540649;2655487
36ea6b18311b;3;1;2504929;2504929;1.0;1.0;2226603,2504929,3339905;2504929
1fcc479dc355;3;1;2504863;2504863;1.0;1.0;2504863,3339817,4453089;2504863
8ac29901e6bb;3;1;2480287;2480287;1.6666666666666667;1.6666666666666667;1469799,2204699,2480287;2480287
209fbfa18867;3;1;2431999;2431999;1.0;1.0;2431999,3242665,4323553;2431999
a9b20e787190;3;1;2298025;2298025;1.0;1.0;2298025,3064033,4085377;2298025
af11f1b94edd;3;1;2237467;2237467;1.0;1.0;1988859,2237467,2983289;2237467
0b334bff6f23;3;1;2084863;2084863;1.0;1.0;1853211,2084863,2779817;2084863
28bb07a3c0f1;3;1;2024743;2024743;1.6666666666666667;1.6666666666666667;1199847,1799771,2024743;2024743
2d2ab03f24b2;3;1;1587961;1587961;1.3333333333333333;1.3333333333333333;1587961,1882027,2117281;1587961
d96c7645d908;3;1;1563647;1563647;0.6666666666666666;0.6666666666666666;1042431,1563647,4169725;1563647
d181f3084aa7;3;1;1512173;1512173;1.0;1.0;1008115,1344153,1512173;1512173
92f08a3734a8;3;1;1130495;1130495;2.0;2.0;753663,1130495,2381947;1130495
24188ce24769;3;1;854191;854191;1.0;1.0;854191,1138921,1518561;854191
ef68d135f2fb;3;1;687871;687871;1.0;1.0;687871,917161,1222881;687871
6410c1562d84;3;1;480481;480481;1.3333333333333333;1.3333333333333333;480481,640641,2277835;480481
42f20e563a44;3;1;478463;478463;0.6666666666666666;0.6666666666666666;318975,478463,1275901;478463
ec6009b30cea;3;1;151177;151177;1.0;1.0;134379,151177,201569;151177
bd8606ab9bed;3;1;138367;138367;1.0;1.0;138367,184489,245985;138367
e2b64cfffb55;3;1;77671;77671;1.0;1.0;77671,103561,138081;77671
92d37d82196f;3;1;23861;23861;94.0;94.0;1055871,3041391,4562087;23861
a81548a2232e;2;142;2407427729;16175;142.0;1.0;626331,704623;2407427729,1805570797,1604951819,1446087653,1069967879,1043535797,964058435,761725181,713311919,695690531,677089049,642705623,507816787,475541279,463793687,457551173,428470415,406712153,317027519,309195791,305034115,285646943,271141435,211351679,206130527,175927733,140901119,137420351,117285155,110060417
1de1b304c6b1;2;137;14952269681;11921;137.0;1.0;3692539,4154107;14952269681,11214202261,9968179787,6645453191,4430302127,2953534751,1969023167,1312682111,899163341,875121407,842014865,788498597,748457657,631511149,599442227,583414271,561343243,525665731,498971771,399628151,388942847,337186253,332647847,307312865,266418767,259295231,236816681,230484649,221765231,204875243
76e0521fb269;2;120;33294549221;14899;126.0;7.0;4928623,4995867;33294549221,26306804321,22196366147,19730103241,17537869547,14797577431,11691913031,9364091969,7794608687,7023068977,6488181101,6242727979,5767272089,5267301733,5196405791,4619027369,4325454067,4105802105,3844848059,3464270527,3079351579,2737201403,2563232039,2433067913,1824800935,1708821359,1481428613,1350179837,1139214239,987619075
1f683e81246f;2;115;63486606161;797173;114.5;0.5;2643183,3964775;63486606161,60262676945,56432538809,47614954621,45197007709,42324404107,40175117963,37621692539,26783411975,25423316837,25081128359,17855607983,16948877891,16720752239,15658024949,11147168159,10997131373,10438683299,7431445439,7331420915,7150307861,6959122199,4954296959,4887613943,4766871907,4639414799,4123924265,3567696293,3302864639,3258409295
5664b3c5c3f2;2;113;27372165569;10081;117.0;1.0;3609243,4060399;27372165569,21922458293,20529124177,19486629593,19224346733,18248110379,15396843133,14614972195,12991086395,12816231155,12165406919,8660724263,8544154103,8110271279,7209130025,5773816175,5696102735,5406847519,3797401823,2531601215,2055230465,1687734143,1541422849,1156067137,1125156095,867050353,750104063,650287765,500069375,395116541
407e4fe44b3d;2;105;142195824593;15907;104.5;0.5;3041391,4562087;142195824593,106646868445,94797216395,63198144263,59988863501,56176128233,42132096175,39992575667,37450752155,24967168103,22495823813,22193038313,16644778735,15586880129,14795358875,11690160097,10391253419,9863572583,9236669705,8767620073,6927502279,6575715055,6157779803,4217966965,4105186535,3649054697,2736791023,2432703131,1621802087,1081201391
b8a24848bee4;2;105;23119199981;13093;104.5;0.5;2503359,3755039;23119199981,15412799987,10275199991,9753412493,8669699993,6850133327,6502274995,6089007401,4566755551,4059338267,3657529685,3608300681,2706225511,2405533787,1603689191,1069126127,879790733,712750751,586527155,475167167,391018103,329921525,316778111,260678735,211185407,187720361,185193701,173785823,167211377,156583853
4a88c70519b5;2;92;20048305409;14935;91.5;0.5;3663295,4884393;20048305409,15036229057,13365536939,11277171793,8910357959,8457878845,7920318185,7136335277,5940238639,5280212123,4757556851,3520141415,3171704567,2676125729,2346760943,2257981085,2007094297,1564507295,1505320723,1428878657,1270114361,1071658993,1043004863,952585771,927115433,846742907,803744245,732535649,695336575,618076955
084fa95af496;2;87;13063393745;10253;88.5;0.5;2514687,3772031;13063393745,9797545309,8708929163,5805952775,5511119237,3870635183,3674079491,3058279649,2580423455,2293709737,2206936853,2038853099,1812313865,1743752573,1720282303,1610945657,1471291235,1359235399,1208209243,1162501715,1073963771,1033334857,980860823,775001143,715975847,653907215,565709309,477317231,446980193,418571297
d7f05a3f09a8;2;82;207572633873;23221;81.5;0.5;3041127,4561691;207572633873,164008007009,155679475405,138381755915,123006005257,109338671339,92254503943,72892447559,58379803277,48594965039,32396643359,21892426229,21597762239,14398508159,11689144577,9599005439,8766858433,7792763051,6926900489,6575143825,6399336959,5195175367,4931357869,4617933659,4266224639,3078622439,2844149759,2052414959,1896099839,1849259201
b691a0627f67;2;79;37503439181;26519;79.0;1.0;4395675,4945135;37503439181,31217616593,25002292787,23413212445,20811744395,20024419313,17799483833,16668195191,15018314485,14063789693,13874496263,13349612875,13169932001,11866322555,11112130127,9877449001,9249664175,8779954667,7910881703,7408086751,6166442783,5481282473,5273921135,4110961855,3654188315,3167925713,2436125543,2375944285,2111950475,1624083695
c9a53df381ab;2;77;5003875349;13963;78.0;2.0;1157191,1464571;5003875349,3335916899,2965259465,2342921057,2223944599,1976839643,1757190793,1561947371,1317893095,1041298247,925598441,822754169,694198831,617065627,548502779,487558025,365668519,325038683,288923273,234556657,228285053,216692455,192615515,175917493,152190035,128410343,101460023,89158805,85606895,67640015
c99e728c1e75;2;74;29166172625;14485;73.5;0.5;3038655,4557983;29166172625,25925486777,21874629469,19444115083,17283657851,12304479077,11522438567,10790102501,8202986051,7681625711,7193401667,5121083807,4795601111,3460634741,3414055871,3197067407,3034716329,2307089827,2276037247,2131378271,2023144219,1420918847,947279231,631519487,486651761,421012991,374233769,364988821,324434507,280675327
2ad069a84750;2;73;15373321037;28213;72.5;0.5;3329263,4439017;15373321037,10248880691,9110116169,6832587127,6073410779,5764995389,4864214861,4048940519,3242809907,2699293679,2161873271,1824080573,1799529119,1539067985,1199686079,1154300989,1066387625,1026045323,973941461,799790719,710925083,684030215,649294307,473950055,443827025,432862871,421288937,332870269,315966703,295884683
fd2bf2f714a8;2;62;46162343069;152663;61.5;0.5;3423871,4565161;46162343069,30774895379,29212107725,25966317977,20516596919,19474738483,17310878651,13677731279,10954540397,9118487519,6932170097,6078991679,5199127573,4621446731,4107952649,4052661119,3080964487,2701774079,2134735073,1801182719,1601051305,1423156715,1200788479,948771143,632514095,421676063,281117375,243709105,187411583,182781829
00dedf5a0ad9;2;62;3432088421;10775;64.0;1.0;763675,859135;3432088421,2288058947,1525372631,1016915087,965274869,903924521,677943391,643516579,602616347,579818897,434864173,401744231,386545931,267829487,257697287,203612669,178552991,171798191,163074065,158713769,141078905,135741779,122305549,119035327,114532127,105809179,94052603,90494519,83602313,76354751
f010efe992da;2;57;4200355277;11563;56.5;0.5;656415,984623;4200355277,2800236851,1866824567,1575133229,1244549711,1106266409,829699807,737510939,590674961,491673959,443006221,327782639,291362345,218521759,194241563,166127333,136422053,129494375,90948035,86329583,80842697,60632023,57553055,53895131,46723313,38368703,35930087,35042485,31148875,25579135
8953bc6def58;2;50;34273584341;58901;49.5;0.5;3174015,4761023;34273584341,25359205889,22849056227,22541516345,20310272201,20036903417,19019404417,18053575289,16906137259,15232704151,15027677563,14264553313,13540181467,13357935611,12035716859,10698414985,8905290407,8023811239,5936860271,5277209129,3957906847,3518139419,2345426279,1563617519,1042411679,803287133,694941119,463294079,451849013,308862719
6fb6c0962c48;2;30;5375459285;4849663;30.0;1.0;4310811,4849663;5375459285,3583639523,3228917417,3185457353,2421688063,2389093015,2152611611,2123638235,1435074407,1415758823,956716271,943839215,637810847,629226143,425207231,419484095,283471487,279656063,188980991,186437375,125987327,124291583,82861055,55240703,36827135,24551423,16367615,10911743,7274495,4849663
8bcfa77e8eab;2;17;468017;11123;137.5;117.5;2548479,3927679;468017,351013,312011,208007,148085,138671,98723,92447,65815,61631,41087,23429,20825,16685,15619,13883,11123
094d651c32b5;2;15;1061819117;3637247;14.5;0.5;2424831,3637247;1061819117,707879411,471919607,314613071,209742047,139828031,93218687,62145791,41430527,27620351,18413567,12275711,8183807,5455871,3637247
742329cb57de;2;13;84858029;4414703;12.5;0.5;2943135,4414703;84858029,56572019,37714679,31821761,25143119,23866321,17899741,16762079,14899625,11174719,9933083,6622055,4414703
7e40088d485e;2;10;280482749;7295999;13.5;4.5;4554855,4863999;280482749,186988499,124658999,83105999,55403999,36935999,24623999,16415999,10943999,7295999
3660fe996aad;2;9;126692909;4943359;10.0;2.0;3905863,4943359;126692909,84461939,56307959,37538639,25025759,16683839,11122559,7415039,4943359
c68b6f8454c0;2;9;10773161;630527;8.5;0.5;420351,630527;10773161,8079871,7182107,4788071,3192047,2128031,1418687,945791,630527
f9f228e49636;2;8;42230969;3707519;7.5;0.5;2471679,3707519;42230969,31673227,28153979,18769319,12512879,8341919,5561279,3707519
ba691178a347;2;8;38766761;3403391;7.5;0.5;2268927,3403391;38766761,29075071,25844507,17229671,11486447,7657631,5105087,3403391
5ee6b5c774e5;2;8;8939261;2092775;7.5;0.5;1395183,2092775;8939261,7946009,5959507,5297339,4708745,3531559,3139163,2092775
ebd167267eee;2;7;38478077;3378047;6.5;0.5;2252031,3378047;38478077,25652051,17101367,11400911,7600607,5067071,3378047
1798332cb17a;2;7;25694333;2255743;6.5;0.5;2255743,3007657;25694333,17129555,11419703,7613135,5075423,3383615,2255743
ea5f5f9c6d6e;2;6;10310273;3054895;5.5;0.5;3054895,4073193;10310273,7732705,6873515,5799529,4582343,3054895
d233aaeaba42;2;6;8144873;1608863;5.5;0.5;1072575,1608863;8144873,6108655,5429915,3619943,2413295,1608863
eba5ceee6062;2;5;20479229;4045279;5.0;1.0;3595803,4045279;20479229,13652819,9101879,6067919,4045279
7b6df1f3c2db;2;5;12959513;3839855;4.5;0.5;2559903,3839855;12959513,9719635,8639675,5759783,3839855
944896456d1d;2;5;817289;242159;4.5;0.5;161439,242159;817289,612967,544859,363239,242159
873ec7164bd9;2;3;10689533;4750903;4.0;2.0;3753799,4750903;10689533,7126355,4750903
89fc59a26168;2;3;5267645;2341175;2.5;0.5;1560783,2341175;5267645,3511763,2341175
ca9d442f704c;2;3;4811489;3207659;2.5;0.5;2138439,3207659;4811489,3608617,3207659
398b839bbac7;2;2;5345417;3563611;1.5;0.5;3563611,4751481;5345417,3563611
84226e9a7e2e;2;2;5338145;3558763;1.5;0.5;3558763,4745017;5338145,3558763
84c26f71eca0;2;2;5224673;3483115;1.5;0.5;3483115,4644153;5224673,3483115
25b2a382d200;2;2;4893353;3262235;1.5;0.5;2174823,3262235;4893353,3262235
ffad38e7bc57;2;2;3307049;2204699;1.5;0.5;1469799,2204699;3307049,2204699
76f7098e2c39;2;2;2699657;1799771;1.5;0.5;1199847,1799771;2699657,1799771
2b49ca96c72b;2;2;2311721;1541147;1.5;0.5;1027431,1541147;2311721,1541147
55290d7b6a16;2;2;1701197;1134131;1.5;0.5;756087,1134131;1701197,1134131
9e545f79c9c0;2;1;4837001;4837001;0.5;0.5;3224667,4837001;4837001
aba021af29af;2;1;4772705;4772705;0.5;0.5;3181803,4772705;4772705
548148069007;2;1;4723849;4723849;2.0;2.0;3732423,4723849;4723849
e94362ed2c06;2;1;4571689;4571689;1.0;1.0;4063723,4571689;4571689
f5b02353daf3;2;1;4483561;4483561;1.0;1.0;3985387,4483561;4483561
11402b6299af;2;1;4172287;4172287;1.0;1.0;3708699,4172287;4172287
79e5d1de7893;2;1;3706423;3706423;0.5;0.5;3706423,4941897;3706423
48bbab11ac4e;2;1;3644863;3644863;0.5;0.5;3644863,4859817;3644863
5fb727eef938;2;1;3563177;3563177;0.5;0.5;2375451,3563177;3563177
d3f2dafc7d14;2;1;3540649;3540649;1.0;1.0;3147243,3540649;3540649
adef897de0da;2;1;3339905;3339905;0.5;0.5;2226603,3339905;3339905
81d133e667b8;2;1;3339817;3339817;0.5;0.5;3339817,4453089;3339817
94bde44d8c7c;2;1;3242665;3242665;0.5;0.5;3242665,4323553;3242665
d485364395d7;2;1;3233107;3233107;0.5;0.5;3233107,4310809;3233107
2d08b799f25d;2;1;3219199;3219199;0.5;0.5;3219199,4292265;3219199
43de626b05b6;2;1;3191911;3191911;0.5;0.5;3191911,4255881;3191911
b266d5cfef91;2;1;3064033;3064033;0.5;0.5;3064033,4085377;3064033
43d73c0f4d09;2;1;3037039;3037039;0.5;0.5;3037039,4049385;3037039
852d29e50141;2;1;3033959;3033959;0.5;0.5;2022639,3033959;3033959
31177fa12f3c;2;1;2989823;2989823;0.5;0.5;1993215,2989823;2989823
b8b0770e22a1;2;1;2983289;2983289;0.5;0.5;1988859,2983289;2983289
23192a046dc9;2;1;2884699;2884699;0.5;0.5;2884699,3846265;2884699
fdf9081e4a5e;2;1;2882815;2882815;0.5;0.5;2882815,3843753;2882815
cd8a3f6c2bfe;2;1;2870431;2870431;0.5;0.5;2870431,3827241;2870431
fa0aa92f57f9;2;1;2818045;2818045;0.5;0.5;2818045,3757393;2818045
b04ab344f775;2;1;2799007;2799007;0.5;0.5;2799007,3732009;2799007
eb9f6a6bae70;2;1;2779817;2779817;0.5;0.5;1853211,2779817;2779817
6cb83a17379f;2;1;2752511;2752511;0.5;0.5;1835007,2752511;2752511
375c3836aec0;2;1;2612167;2612167;0.5;0.5;2612167,3482889;2612167
948f1e056a1c;2;1;2314735;2314735;0.5;0.5;2314735,3086313;2314735
0b6718aaa775;2;1;2204159;2204159;0.5;0.5;1469439,2204159;2204159
e01a1a6e919e;2;1;2162111;2162111;0.5;0.5;1441407,2162111;2162111
300bb19abeb1;2;1;2117281;2117281;1.0;1.0;1882027,2117281;2117281
69d523fc32b2;2;1;2102407;2102407;0.5;0.5;2102407,2803209;2102407
e90cf7422ea6;2;1;1995647;1995647;0.5;0.5;1330431,1995647;1995647
85c3076e6d25;2;1;1991615;1991615;0.5;0.5;1327743,1991615;1991615
d308c8ec1733;2;1;1773907;1773907;0.5;0.5;1773907,2365209;1773907
e0b2751322be;2;1;1691807;1691807;0.5;0.5;1127871,1691807;1691807
0e7e6d754925;2;1;1507325;1507325;0.5;0.5;1004883,1507325;1507325
173d1ea42597;2;1;1461119;1461119;0.5;0.5;974079,1461119;1461119
d17c6f86f6e0;2;1;1450015;1450015;0.5;0.5;1450015,1933353;1450015
aaf05cfbc1a3;2;1;1441447;1441447;0.5;0.5;1441447,1921929;1441447
28e953bd7d4a;2;1;1441445;1441445;0.5;0.5;960963,1441445;1441445
79e39267cb90;2;1;1357855;1357855;0.5;0.5;1357855,1810473;1357855
6a1f0bfdfd3b;2;1;1281283;1281283;0.5;0.5;1281283,1708377;1281283
77843f050811;2;1;1212415;1212415;0.5;0.5;1212415,1616553;1212415
c1a06358226d;2;1;1138921;1138921;0.5;0.5;1138921,1518561;1138921
7146bc7029d3;2;1;1126015;1126015;0.5;0.5;1126015,1501353;1126015
4c07bb1f0f18;2;1;1081085;1081085;0.5;0.5;720723,1081085;1081085
979d77e9733b;2;1;1026187;1026187;0.5;0.5;1026187,1368249;1026187
6f2e58816e90;2;1;1008115;1008115;0.5;0.5;1008115,1344153;1008115
fafeae4f642f;2;1;917161;917161;0.5;0.5;917161,1222881;917161
67acff56c060;2;1;850597;850597;0.5;0.5;850597,1134129;850597
32d36ddc0848;2;1;829087;829087;0.5;0.5;829087,1105449;829087
dc532030cc36;2;1;822139;822139;0.5;0.5;822139,1096185;822139
ec0f5b99f01b;2;1;654619;654619;1.0;1.0;581883,654619;654619
94fd54c178b5;2;1;577231;577231;0.5;0.5;577231,769641;577231
992f3de1211a;2;1;502441;502441;0.5;0.5;502441,669921;502441
94db9b2629f4;2;1;378043;378043;0.5;0.5;378043,504057;378043
8a36336effc7;2;1;201569;201569;0.5;0.5;134379,201569;201569
0057b4469e35;2;1;184489;184489;0.5;0.5;184489,245985;184489
327ea0267e70;2;1;103561;103561;0.5;0.5;103561,138081;103561
