start;log_step;log_value;h_step;h_value;loss;initial_debt;initial_debt_step;future_debt_at_log_step;future_debt_step_at_log_step;future_debt_delta_at_log_step;log_delta_at_log_step;h_delta_at_log_step;local_debt_at_log_step;max_value;max_value_step;max_ratio;avg_v2_until_h;ratio_1_until_h;max_run_1_until_h;count_1_until_h;count_2_until_h;count_3_until_h;count_4_plus_until_h;prefix_100_v2
4941897;1;3706423;108;357305909;107;10.797000057692486;80;11.797000057692486;80;1.0;-0.2876820050013009;0.1623179949986991;-0.4150374992788439;30079718549;95;6086.674519723903;1.5277777777777777;0.6944444444444444;10;75;16;13;4;2,1,1,3,1,1,1,1,1,1,1,1,1,1,3,1,2,3,1,1,1,1,1,1,1,1,1,3,1,1,2,1,2,3,2,1,1,1,1,3,1,4,2,1,1,1,1,1,1,1,3,1,1,1,1,1,3,3,1,1,1,2,1,1,1,4,1,1,1,2,2,1,1,1,2,2,2,1,1,1,1,2,1,1,3,1,1,1,2,2,3,1,1,1,1,6,1,1,3,2
3082295;3;2600687;108;6964199;105;6.797000057692486;80;7.6270750562501775;78;0.8300749985576914;-0.16989880849031103;0.2036349408606501;-0.24511249783653177;5936080241;99;1925.863760931384;1.5740740740740742;0.6111111111111112;6;66;28;11;3;1,1,3,1,1,1,2,1,1,1,3,1,1,1,3,2,1,1,1,1,2,1,1,1,2,1,3,1,2,3,1,2,1,3,1,1,2,1,1,3,1,2,2,2,2,2,1,2,1,1,1,1,1,2,1,1,1,3,1,1,2,2,1,1,2,2,1,1,1,3,4,1,1,1,1,1,2,1,1,1,1,3,1,2,2,1,1,1,1,1,1,2,2,1,1,1,1,2,1,2
3378047;34;3127295;139;33497429;105;8.797000057692486;80;12.797000057692486;80;4.0;-0.07712931819849089;1.7228706818015092;-0.11127497548069698;30079718549;125;8904.470112168363;1.5611510791366907;0.6906474820143885;10;96;20;16;7;1,1,1,1,1,1,3,1,1,1,1,4,1,1,1,1,2,2,2,1,1,1,1,1,2,2,1,5,1,1,3,3,1,3,1,1,1,1,1,1,1,1,1,1,3,1,2,3,1,1,1,1,1,1,1,1,1,3,1,1,2,1,2,3,2,1,1,1,1,3,1,4,2,1,1,1,1,1,1,1,3,1,1,1,1,1,3,3,1,1,1,2,1,1,1,4,1,1,1,2
3800303;32;3127295;137;33497429;105;8.627075056250177;78;12.797000057692486;80;4.169925001442309;-0.19491238674698863;1.6815538639020502;-0.2811999769230056;30079718549;123;7915.0842838057915;1.562043795620438;0.6861313868613139;10;94;21;15;7;1,1,1,2,1,1,1,1,1,4,1,1,1,1,2,2,2,1,1,1,1,1,2,2,1,5,1,1,3,3,1,3,1,1,1,1,1,1,1,1,1,1,3,1,2,3,1,1,1,1,1,1,1,1,1,3,1,1,2,1,2,3,2,1,1,1,1,3,1,4,2,1,1,1,1,1,1,1,3,1,1,1,1,1,3,3,1,1,1,2,1,1,1,4,1,1,1,2,2,1
3706423;3;3127295;107;357305909;104;11.797000057692486;80;12.797000057692486;80;1.0;-0.16989884693481372;0.2801011530651863;-0.24511249783653177;30079718549;94;8115.565478899737;1.5233644859813085;0.7009345794392523;10;75;15;13;4;1,1,3,1,1,1,1,1,1,1,1,1,1,3,1,2,3,1,1,1,1,1,1,1,1,1,3,1,1,2,1,2,3,2,1,1,1,1,3,1,4,2,1,1,1,1,1,1,1,3,1,1,1,1,1,3,3,1,1,1,2,1,1,1,4,1,1,1,2,2,1,1,1,2,2,2,1,1,1,1,2,1,1,3,1,1,1,2,2,3,1,1,1,1,6,1,1,3,2,3
4809759;28;3127295;132;357305909;104;9.797000057692486;80;12.797000057692486;80;3.0;-0.43047856526367845;0.9195214347363216;-0.6210499798076299;30079718549;119;6253.89308466391;1.5378787878787878;0.6818181818181818;10;90;22;15;5;1,1,1,1,2,2,1,1,1,1,2,2,2,1,1,1,1,1,2,2,1,5,1,1,3,3,1,3,1,1,1,1,1,1,1,1,1,1,3,1,2,3,1,1,1,1,1,1,1,1,1,3,1,1,2,1,2,3,2,1,1,1,1,3,1,4,2,1,1,1,1,1,1,1,3,1,1,1,1,1,3,3,1,1,1,2,1,1,1,4,1,1,1,2,2,1,1,1,2,2
4893465;1;3670099;104;4368013;103;3.8135375281250887;39;4.797000057692486;80;0.9834625295673973;-0.2876820043337247;0.1548761339716041;-0.4150374992788439;827370449;93;169.07660502322997;1.5865384615384615;0.6442307692307693;8;67;25;6;6;2,1,3,1,1,1,2,2,1,2,1,1,2,3,1,3,2,1,1,1,1,1,1,1,1,5,2,1,1,1,1,1,2,1,1,1,2,1,1,2,6,4,1,1,1,1,2,1,5,1,1,1,2,1,1,2,1,1,1,4,1,2,2,1,1,2,1,1,1,1,2,1,1,1,1,1,1,1,2,1,1,1,2,2,1,1,1,2,2,1,1,1,1,2,3,1,3,1,1,1
1835049;1;1376287;103;4368013;102;5.797000057692486;80;6.797000057692486;80;1.0;-0.28768189080360607;0.16231810919639394;-0.4150374992788439;827370449;92;450.87103886599215;1.5728155339805825;0.6504854368932039;8;67;25;5;6;2,1,1,1,1,2,2,1,2,1,1,2,3,1,3,2,1,1,1,1,1,1,1,1,5,2,1,1,1,1,1,2,1,1,1,2,1,1,2,6,4,1,1,1,1,2,1,5,1,1,1,2,1,1,2,1,1,1,4,1,2,2,1,1,2,1,1,1,1,2,1,1,1,1,1,1,1,2,1,1,1,2,2,1,1,1,2,2,1,1,1,1,2,3,1,3,1,1,1,2
3670099;2;2064431;103;4368013;101;4.797000057692486;80;6.212037556971325;79;1.4150374992788386;-0.5753639935301216;0.06140288114535586;-0.8300749985576878;827370449;92;225.43545800808099;1.5825242718446602;0.6504854368932039;8;67;24;6;6;1,3,1,1,1,2,2,1,2,1,1,2,3,1,3,2,1,1,1,1,1,1,1,1,5,2,1,1,1,1,1,2,1,1,1,2,1,1,2,6,4,1,1,1,1,2,1,5,1,1,1,2,1,1,2,1,1,1,4,1,2,2,1,1,2,1,1,1,1,2,1,1,1,1,1,1,1,2,1,1,1,2,2,1,1,1,2,2,1,1,1,1,2,3,1,3,1,1,1,2
4128863;5;3919195;101;4368013;96;5.212037556971325;79;6.212037556971325;79;1.0;-0.052115790835919995;0.39788420916408;-0.07518749639421962;827370449;90;200.38699491845577;1.5841584158415842;0.6633663366336634;8;67;22;5;7;1,1,1,1,4,1,2,1,1,2,3,1,3,2,1,1,1,1,1,1,1,1,5,2,1,1,1,1,1,2,1,1,1,2,1,1,2,6,4,1,1,1,1,2,1,5,1,1,1,2,1,1,2,1,1,1,4,1,2,2,1,1,2,1,1,1,1,2,1,1,1,1,1,1,1,2,1,1,1,2,2,1,1,1,2,2,1,1,1,1,2,3,1,3,1,1,1,2,2,3
4644971;3;3919195;99;4368013;96;5.042112555529016;77;6.212037556971325;79;1.1699250014423086;-0.1698988534031276;0.35656739724591124;-0.24511249783653177;827370449;88;178.12176846744575;1.5858585858585859;0.6464646464646465;8;64;24;5;6;1,2,2,1,2,1,1,2,3,1,3,2,1,1,1,1,1,1,1,1,5,2,1,1,1,1,1,2,1,1,1,2,1,1,2,6,4,1,1,1,1,2,1,5,1,1,1,2,1,1,2,1,1,1,4,1,2,2,1,1,2,1,1,1,1,2,1,1,1,1,1,1,1,2,1,1,1,2,2,1,1,1,2,2,1,1,1,1,2,3,1,3,1,1,1,2,2,3,6
1896063;16;1216223;109;102816289;93;9.212037556971325;79;11.362412549759767;69;2.150374992788443;-0.44402947624058164;0.5236392705142177;-0.6405999884615028;8216025965;101;4333.203044941018;1.5321100917431192;0.6788990825688074;7;74;22;8;5;1,1,1,1,1,1,2,1,1,1,1,1,1,5,2,5,1,1,1,1,3,3,1,1,3,1,1,1,1,1,2,1,1,1,1,1,1,1,3,1,1,2,1,2,1,1,1,2,1,1,1,1,4,1,1,2,1,1,1,2,3,1,1,1,1,2,1,3,2,2,1,2,2,1,1,2,1,1,1,2,1,2,1,1,1,2,5,2,1,1,1,1,1,1,2,1,1,2,1,1
2844095;15;1216223;107;137088385;92;8.797000057692486;80;11.362412549759767;69;2.5654124920672814;-0.8494947601516092;0.3049408612786675;-1.225562489182657;8216025965;100;2888.801522101055;1.5327102803738317;0.6822429906542056;7;73;21;8;5;1,1,1,1,1,2,1,1,1,1,1,1,5,2,5,1,1,1,1,3,3,1,1,3,1,1,1,1,1,2,1,1,1,1,1,1,1,3,1,1,2,1,2,1,1,1,2,1,1,1,1,4,1,1,2,1,1,1,2,3,1,1,1,1,2,1,3,2,2,1,2,2,1,1,2,1,1,1,2,1,2,1,1,1,2,5,2,1,1,1,1,1,1,2,1,1,2,1,1,1
3370779;18;1216223;110;137088385;92;8.362412549759767;69;11.362412549759767;69;3.0;-1.019393720033257;0.3306062799667431;-1.4706749870191906;8216025965;103;2437.4264717443652;1.5363636363636364;0.6818181818181818;7;75;21;9;5;1,2,1,1,1,1,1,1,1,3,1,1,1,1,1,5,2,5,1,1,1,1,3,3,1,1,3,1,1,1,1,1,2,1,1,1,1,1,1,1,3,1,1,2,1,2,1,1,1,2,1,1,1,1,4,1,1,2,1,1,1,2,3,1,1,1,1,2,1,3,2,2,1,2,2,1,1,2,1,1,1,2,1,2,1,1,1,2,5,2,1,1,1,1,1,1,2,1,1,2
3792127;16;1216223;108;137088385;92;8.212037556971325;79;11.362412549759767;69;3.150374992788443;-1.1371769205048103;0.2804918262499889;-1.6405999884615028;8216025965;101;2166.600951128483;1.537037037037037;0.6851851851851852;7;74;20;9;5;1,1,1,1,1,1,1,3,1,1,1,1,1,5,2,5,1,1,1,1,3,3,1,1,3,1,1,1,1,1,2,1,1,1,1,1,1,1,3,1,1,2,1,2,1,1,1,2,1,1,1,1,4,1,1,2,1,1,1,2,3,1,1,1,1,2,1,3,2,2,1,2,2,1,1,2,1,1,1,2,1,2,1,1,1,2,5,2,1,1,1,1,1,1,2,1,1,2,1,1
4266143;14;1216223;106;137088385;92;8.212037556971325;79;11.362412549759767;69;3.150374992788443;-1.2549599854616655;0.16270876129313372;-1.810524989903815;8216025965;99;1925.8674556853814;1.5377358490566038;0.6792452830188679;7;72;21;8;5;1,1,1,1,2,1,1,1,1,1,1,5,2,5,1,1,1,1,3,3,1,1,3,1,1,1,1,1,2,1,1,1,1,1,1,1,3,1,1,2,1,2,1,1,1,2,1,1,1,1,4,1,1,2,1,1,1,2,3,1,1,1,1,2,1,3,2,2,1,2,2,1,1,2,1,1,1,2,1,2,1,1,1,2,5,2,1,1,1,1,1,1,2,1,1,2,1,1,1,3
4734811;24;1216223;116;137088385;92;7.8721875540867075;75;11.362412549759767;69;3.49022499567306;-1.3591916554303758;0.21140959262250125;-1.9608999826922542;8216025965;109;1735.2384213435341;1.543103448275862;0.6724137931034483;7;78;23;10;5;1,2,1,1,2,2,1,1,3,1,1,1,1,1,1,3,1,1,1,1,1,5,2,5,1,1,1,1,3,3,1,1,3,1,1,1,1,1,2,1,1,1,1,1,1,1,3,1,1,2,1,2,1,1,1,2,1,1,1,1,4,1,1,2,1,1,1,2,3,1,1,1,1,2,1,3,2,2,1,2,2,1,1,2,1,1,1,2,1,2,1,1,1,2,5,2,1,1,1,1
3058923;3;2580967;94;48486277;91;6.797000057692486;80;8.212037556971325;79;1.4150374992788386;-0.16989875831446355;0.4668681163610139;-0.24511249783653177;919443473;91;300.5775147004354;1.5425531914893618;0.6276595744680851;5;59;24;7;4;1,2,2,1,1,2,1,1,3,1,1,2,1,1,2,1,1,4,1,1,4,2,2,1,1,2,1,1,1,2,1,1,2,1,2,1,1,1,2,1,1,2,1,1,3,1,1,2,2,1,2,2,5,1,1,1,2,1,1,2,3,1,1,1,2,1,1,3,1,1,2,1,1,1,1,1,2,1,1,1,1,1,2,3,1,1,3,1,1,1,1,2,3,4
3096647;10;2790131;100;4368013;90;5.6270750562501775;78;8.212037556971325;79;2.584962500721147;-0.104231365086493;1.0590017602380233;-0.15037499278843924;827370449;89;267.1826814615938;1.58;0.65;8;65;24;5;6;1,1,2,2,1,2,1,1,2,3,1,3,2,1,1,1,1,1,1,1,1,5,2,1,1,1,1,1,2,1,1,1,2,1,1,2,6,4,1,1,1,1,2,1,5,1,1,1,2,1,1,2,1,1,1,4,1,2,2,1,1,2,1,1,1,1,2,1,1,1,1,1,1,1,2,1,1,1,2,2,1,1,1,2,2,1,1,1,1,2,3,1,3,1,1,1,2,2,3,6
4213113;1;3159835;90;26382587;89;8.797000057692486;80;9.797000057692486;80;1.0;-0.2876819933337238;0.16231800666627622;-0.4150374992788439;4216452893;82;1000.7927375790775;1.5555555555555556;0.6444444444444445;11;58;22;5;5;2,1,2,1,1,1,1,1,1,1,1,3,1,1,1,1,2,2,1,2,2,3,1,5,3,1,2,1,1,1,1,1,2,1,1,1,2,1,1,1,1,1,1,1,1,2,1,2,1,2,1,2,2,1,2,5,2,1,1,1,1,1,1,2,2,4,1,2,1,1,3,1,1,1,1,1,1,1,1,1,1,1,3,1,2,2,2,4,1,5
2052377;1;1539283;89;137088385;88;10.797000057692486;80;11.797000057692486;80;1.0;-0.2876819100384882;0.1623180899615118;-0.4150374992788439;8216025965;82;4003.1758127283633;1.5168539325842696;0.6629213483146067;7;59;20;7;3;2,1,3,1,1,3,1,1,1,1,1,2,1,1,1,1,1,1,1,3,1,1,2,1,2,1,1,1,2,1,1,1,1,4,1,1,2,1,1,1,2,3,1,1,1,1,2,1,3,2,2,1,2,2,1,1,2,1,1,1,2,1,2,1,1,1,2,5,2,1,1,1,1,1,1,2,1,1,2,1,1,1,3,2,1,1,3,1,6
2064431;13;1569449;101;4368013;88;6.212037556971325;79;9.042112555529016;77;2.8300749985576914;-0.2741300413024259;0.9994037080485352;-0.3954874906249728;827370449;90;400.77408690336466;1.5742574257425743;0.6534653465346535;8;66;24;5;6;1,1,1,2,2,1,2,1,1,2,3,1,3,2,1,1,1,1,1,1,1,1,5,2,1,1,1,1,1,2,1,1,1,2,1,1,2,6,4,1,1,1,1,2,1,5,1,1,1,2,1,1,2,1,1,1,4,1,2,2,1,1,2,1,1,1,1,2,1,1,1,1,1,1,1,2,1,1,1,2,2,1,1,1,2,2,1,1,1,1,2,3,1,3,1,1,1,2,2,3
2162171;6;1539281;94;137088385;88;10.532337551202076;71;11.797000057692486;80;1.26466250649041;-0.3397973852365066;0.22930074268417788;-0.49022499567306355;8216025965;87;3799.8964767356515;1.5212765957446808;0.648936170212766;7;61;23;7;3;1,2,1,2,1,3,2,3,1,2,1,1,1,1,1,1,2,1,1,1,1,1,1,1,3,1,1,2,1,2,1,1,1,2,1,1,1,1,4,1,1,2,1,1,1,2,3,1,1,1,1,2,1,3,2,2,1,2,2,1,1,2,1,1,1,2,1,2,1,1,1,2,5,2,1,1,1,1,1,1,2,1,1,2,1,1,1,3,2,1,1,3,1,6
2432443;4;1539281;92;137088385;88;10.362412549759767;69;11.797000057692486;80;1.4345875079327186;-0.4575806778362512;0.18798370073347215;-0.6601499971153757;8216025965;85;3377.6848892245366;1.5217391304347827;0.6521739130434783;7;60;22;7;3;1,2,1,3,2,3,1,2,1,1,1,1,1,1,2,1,1,1,1,1,1,1,3,1,1,2,1,2,1,1,1,2,1,1,1,1,4,1,1,2,1,1,1,2,3,1,1,1,1,2,1,3,2,2,1,2,2,1,1,2,1,1,1,2,1,2,1,1,1,2,5,2,1,1,1,1,1,1,2,1,1,2,1,1,1,3,2,1,1,3,1,6
2752575;14;1569449;102;4368013;88;5.797000057692486;80;9.042112555529016;77;3.24511249783653;-0.561812234852944;0.8984883891734945;-0.8105249899038149;827370449;91;300.58052877759917;1.5784313725490196;0.6666666666666666;8;68;22;5;7;1,1,1,1,1,4,1,2,1,1,2,3,1,3,2,1,1,1,1,1,1,1,1,5,2,1,1,1,1,1,2,1,1,1,2,1,1,2,6,4,1,1,1,1,2,1,5,1,1,1,2,1,1,2,1,1,1,4,1,2,2,1,1,2,1,1,1,1,2,1,1,1,1,1,1,1,2,1,1,1,2,2,1,1,1,2,2,1,1,1,1,2,3,1,3,1,1,1,2,2
4993319;5;4739753;93;26382587;88;7.587975038942432;54;9.797000057692486;80;2.2090250187500544;-0.05211579427826507;0.9419454641592594;-0.07518749639421962;4216452893;85;844.4188911223176;1.5591397849462365;0.6451612903225806;11;60;22;6;5;1,1,2,1,3,2,1,1,1,1,1,1,1,1,3,1,1,1,1,2,2,1,2,2,3,1,5,3,1,2,1,1,1,1,1,2,1,1,1,2,1,1,1,1,1,1,1,1,2,1,2,1,2,1,2,2,1,2,5,2,1,1,1,1,1,1,2,2,4,1,2,1,1,3,1,1,1,1,1,1,1,1,1,1,1,3,1,2,2,2,4,1,5
769641;1;577231;88;137088385;87;12.797000057692486;80;13.797000057692486;80;1.0;-0.28768163934951474;0.16231836065048527;-0.4150374992788439;8216025965;81;10675.140701963643;1.5;0.6704545454545454;7;59;20;6;3;2,1,1,1,3,1,1,1,1,1,2,1,1,1,1,1,1,1,3,1,1,2,1,2,1,1,1,2,1,1,1,1,4,1,1,2,1,1,1,2,3,1,1,1,1,2,1,3,2,2,1,2,2,1,1,2,1,1,1,2,1,2,1,1,1,2,5,2,1,1,1,1,1,1,2,1,1,2,1,1,1,3,2,1,1,3,1,6
1376287;15;1177087;102;4368013;87;6.797000057692486;80;9.457150054807869;76;2.660149997115383;-0.15634655105978368;1.0407209476421386;-0.2255624891826571;827370449;91;601.1612759547972;1.5686274509803921;0.6568627450980392;8;67;24;5;6;1,1,1,1,2,2,1,2,1,1,2,3,1,3,2,1,1,1,1,1,1,1,1,5,2,1,1,1,1,1,2,1,1,1,2,1,1,2,6,4,1,1,1,1,2,1,5,1,1,1,2,1,1,2,1,1,1,4,1,2,2,1,1,2,1,1,1,1,2,1,1,1,1,1,1,1,2,1,1,1,2,2,1,1,1,2,2,1,1,1,1,2,3,1,3,1,1,1,2,2
1441447;8;1154461;95;137088385;87;11.117300051923237;72;12.797000057692486;80;1.6797000057692486;-0.22201390177974467;0.5338511008164172;-0.3202999942307514;8216025965;88;5699.846033187485;1.5157894736842106;0.6526315789473685;7;62;23;7;3;1,1,2,1,2,1,3,2,3,1,2,1,1,1,1,1,1,2,1,1,1,1,1,1,1,3,1,1,2,1,2,1,1,1,2,1,1,1,1,4,1,1,2,1,1,1,2,3,1,1,1,1,2,1,3,2,2,1,2,2,1,1,2,1,1,1,2,1,2,1,1,1,2,5,2,1,1,1,1,1,1,2,1,1,2,1,1,1,3,2,1,1,3,1,6
2736503;3;2308925;90;137088385;87;10.212037556971325;79;11.797000057692486;80;1.5849625007211614;-0.16989877964106093;0.5433343456834617;-0.24511249783653177;8216025965;83;3002.381493826245;1.5222222222222221;0.6666666666666666;7;60;19;8;3;1,1,3,3,1,1,3,1,1,1,1,1,2,1,1,1,1,1,1,1,3,1,1,2,1,2,1,1,1,2,1,1,1,1,4,1,1,2,1,1,1,2,3,1,1,1,1,2,1,3,2,2,1,2,2,1,1,2,1,1,1,2,1,2,1,1,1,2,5,2,1,1,1,1,1,1,2,1,1,2,1,1,1,3,2,1,1,3,1,6
3718483;2;2091647;89;15523463;87;7.172937539663579;55;8.797000057692486;80;1.6240625180289072;-0.5753639954997549;0.1554641376132534;-0.8300749985576878;1395535877;83;375.29709749916833;1.5617977528089888;0.6292134831460674;6;56;20;10;3;1,3,1,1,1,1,1,1,2,1,3,1,1,1,2,3,2,2,1,1,1,1,1,2,1,2,1,1,1,1,1,1,3,4,1,1,1,2,1,1,1,1,2,2,1,2,3,1,2,2,1,1,1,1,1,3,2,5,1,1,1,2,2,1,1,2,1,1,1,1,1,1,3,1,1,3,1,2,1,1,1,1,1,4,2,2,2,3,3
3794537;1;2845903;88;21121493;87;5.02256254687515;65;5.797000057692486;80;0.7744375108173358;-0.28768198460619665;0.060814895261604496;-0.4150374992788439;534034781;84;140.73779778666014;1.5568181818181819;0.6590909090909091;8;58;18;7;5;2,1,1,1,3,1,1,3,1,3,1,1,1,1,2,1,2,1,1,1,1,6,1,2,1,3,1,1,4,2,1,1,2,2,1,1,2,2,1,1,2,1,1,2,1,1,1,1,1,1,1,1,4,1,2,1,1,1,1,1,1,2,2,1,1,3,1,2,1,2,4,1,1,2,1,1,2,1,1,1,1,1,1,1,3,1,4,3
4893471;17;4708349;104;4368013;87;3.8135375281250887;39;7.457150054807869;76;3.64361252668278;-0.03856455184501861;1.6010610851622324;-0.05563748774034849;827370449;93;169.07639771442396;1.5865384615384615;0.6634615384615384;7;69;23;5;7;1,1,1,1,2,3,1,1,2,1,2,1,1,1,1,2,5,3,1,1,1,1,1,1,1,5,2,1,1,1,1,1,2,1,1,1,2,1,1,2,6,4,1,1,1,1,2,1,5,1,1,1,2,1,1,2,1,1,1,4,1,2,2,1,1,2,1,1,1,1,2,1,1,1,1,1,1,1,2,1,1,1,2,2,1,1,1,2,2,1,1,1,1,2,3,1,3,1,1,1
912167;5;865847;91;137088385;86;11.797000057692486;80;13.212037556971325;79;1.4150374992788386;-0.052114868757305643;0.5846520059181718;-0.07518749639421962;8216025965;84;9007.151064443244;1.5054945054945055;0.6703296703296703;7;61;20;7;3;1,1,2,1,3,1,1,3,1,1,1,1,1,2,1,1,1,1,1,1,1,3,1,1,2,1,2,1,1,1,2,1,1,1,1,4,1,1,2,1,1,1,2,3,1,1,1,1,2,1,3,2,2,1,2,2,1,1,2,1,1,1,2,1,2,1,1,1,2,5,2,1,1,1,1,1,1,2,1,1,2,1,1,1,3,2,1,1,3,1,6
1026187;3;432923;89;137088385;86;11.797000057692486;80;14.212037556971325;79;2.4150374992788386;-0.8630453872420212;0.22372148743345632;-1.2451124978365318;8216025965;82;8006.363328516148;1.5056179775280898;0.6629213483146067;7;59;21;6;3;1,2,3,1,2,1,1,1,1,1,1,2,1,1,1,1,1,1,1,3,1,1,2,1,2,1,1,1,2,1,1,1,1,4,1,1,2,1,1,1,2,3,1,1,1,1,2,1,3,2,2,1,2,2,1,1,2,1,1,1,2,1,2,1,1,1,2,5,2,1,1,1,1,1,1,2,1,1,2,1,1,1,3,2,1,1,3,1,6
1216223;6;865847;92;137088385;86;11.362412549759767;69;13.212037556971325;79;1.8496250072115572;-0.33979721528166884;0.4925340379635319;-0.49022499567306355;8216025965;85;6755.361446872818;1.5108695652173914;0.6739130434782609;7;62;19;8;3;1,1,1,1,3,3,1,1,3,1,1,1,1,1,2,1,1,1,1,1,1,1,3,1,1,2,1,2,1,1,1,2,1,1,1,1,4,1,1,2,1,1,1,2,3,1,1,1,1,2,1,3,2,2,1,2,2,1,1,2,1,1,1,2,1,2,1,1,1,2,5,2,1,1,1,1,1,1,2,1,1,2,1,1,1,3,2,1,1,3,1,6
1368251;4;865847;90;137088385;86;11.212037556971325;79;13.212037556971325;79;2.0;-0.45758034229556266;0.44241965770443736;-0.6601499971153757;8216025965;83;6004.765181973191;1.511111111111111;0.6666666666666666;7;60;20;7;3;1,2,1,3,1,1,3,1,1,1,1,1,2,1,1,1,1,1,1,1,3,1,1,2,1,2,1,1,1,2,1,1,1,1,4,1,1,2,1,1,1,2,3,1,1,1,1,2,1,3,2,2,1,2,2,1,1,2,1,1,1,2,1,2,1,1,1,2,5,2,1,1,1,1,1,1,2,1,1,2,1,1,1,3,2,1,1,3,1,6
1539283;2;865847;88;137088385;86;11.797000057692486;80;13.212037556971325;79;1.4150374992788386;-0.5753637839852281;0.061403090690249296;-0.8300749985576878;8216025965;81;5337.566883412602;1.5113636363636365;0.6704545454545454;7;59;19;7;3;1,3,1,1,3,1,1,1,1,1,2,1,1,1,1,1,1,1,3,1,1,2,1,2,1,1,1,2,1,1,1,1,4,1,1,2,1,1,1,2,3,1,1,1,1,2,1,3,2,2,1,2,2,1,1,2,1,1,1,2,1,2,1,1,1,2,5,2,1,1,1,1,1,1,2,1,1,2,1,1,1,3,2,1,1,3,1,6
1824335;5;865847;91;137088385;86;10.797000057692486;80;13.212037556971325;79;2.4150374992788386;-0.7452625974623412;0.34150427721313625;-1.0751874963942196;8216025965;84;4503.5730636094795;1.5164835164835164;0.6703296703296703;7;61;19;8;3;1,1,1,3,3,1,1,3,1,1,1,1,1,2,1,1,1,1,1,1,1,3,1,1,2,1,2,1,1,1,2,1,1,1,1,4,1,1,2,1,1,1,2,3,1,1,1,1,2,1,3,2,2,1,2,2,1,1,2,1,1,1,2,1,2,1,1,1,2,5,2,1,1,1,1,1,1,2,1,1,2,1,1,1,3,2,1,1,3,1,6
3963487;5;3762217;91;4653677;86;2.4736875252404644;35;3.2120375569713246;79;0.7383500317308602;-0.05211578206104939;0.2801417322178377;-0.07518749639421962;88247501;88;22.26511680245198;1.5824175824175823;0.6373626373626373;6;58;19;10;4;1,1,1,1,4,2,1,1,1,1,2,2,2,1,2,2,1,2,1,4,2,1,1,2,1,1,1,1,3,1,1,1,2,1,1,3,1,3,1,6,1,1,1,1,1,1,3,1,1,2,2,1,2,1,2,2,1,3,1,1,1,1,1,2,1,1,3,1,2,1,1,2,1,1,4,1,1,1,1,3,1,1,1,1,2,1,1,1,3,3,3
4644975;13;1765631;99;4368013;86;5.042112555529016;77;8.872187554086707;75;3.8300749985576914;-0.96727785654301;0.7562558928079512;-1.3954874906249728;827370449;88;178.12161507866028;1.5858585858585859;0.6666666666666666;7;66;22;4;7;1,1,1,2,1,2,1,1,1,1,2,5,3,1,1,1,1,1,1,1,5,2,1,1,1,1,1,2,1,1,1,2,1,1,2,6,4,1,1,1,1,2,1,5,1,1,1,2,1,1,2,1,1,1,4,1,2,2,1,1,2,1,1,1,1,2,1,1,1,1,1,1,1,2,1,1,1,2,2,1,1,1,2,2,1,1,1,1,2,3,1,3,1,1,1,2,2,3,6
2972615;5;2821663;90;4653677;85;2.888725024519303;34;3.797000057692486;80;0.908275033173183;-0.05211560935978099;0.3566081555681514;-0.07518749639421962;88247501;87;29.686824899961817;1.5777777777777777;0.6222222222222222;6;56;21;10;3;1,1,2,2,2,1,1,1,1,2,2,2,1,2,2,1,2,1,4,2,1,1,2,1,1,1,1,3,1,1,1,2,1,1,3,1,3,1,6,1,1,1,1,1,1,3,1,1,2,2,1,2,1,2,2,1,3,1,1,1,1,1,2,1,1,3,1,2,1,1,2,1,1,4,1,1,1,1,3,1,1,1,1,2,1,1,1,3,3,3
3131643;10;2821663;95;4653677;85;2.8135375281250887;39;3.797000057692486;80;0.9834625295673973;-0.10423135950973617;0.33832677879559264;-0.15037499278843924;88247501;92;28.179297895705226;1.5789473684210527;0.631578947368421;6;60;21;10;4;1,2,1,2,1,1,1,1,4,2,1,1,1,1,2,2,2,1,2,2,1,2,1,4,2,1,1,2,1,1,1,1,3,1,1,1,2,1,1,3,1,3,1,6,1,1,1,1,1,1,3,1,1,2,2,1,2,1,2,2,1,3,1,1,1,1,1,2,1,1,3,1,2,1,1,2,1,1,4,1,1,1,1,3,1,1,1,1,2,1,1,1,3,3,3
3523099;8;2821663;93;4653677;85;2.643612526682773;37;3.797000057692486;80;1.153387531009713;-0.2220145725667706;0.29700981638760027;-0.3202999942307514;88247501;90;25.04826035260434;1.5806451612903225;0.6344086021505376;6;59;20;10;4;1,2,1,1,1,1,4,2,1,1,1,1,2,2,2,1,2,2,1,2,1,4,2,1,1,2,1,1,1,1,3,1,1,1,2,1,1,3,1,3,1,6,1,1,1,1,1,1,3,1,1,2,2,1,2,1,2,2,1,3,1,1,1,1,1,2,1,1,3,1,2,1,1,2,1,1,4,1,1,1,1,3,1,1,1,1,2,1,1,1,3,3,3
4010209;1;3007657;86;79366247;85;10.797000057692486;80;11.797000057692486;80;1.0;-0.2876819893305971;0.16231801066940293;-0.4150374992788439;10702358765;81;2668.7783018291566;1.5348837209302326;0.6511627906976745;7;56;19;7;4;2,2,1,1,1,1,1,1,3,1,1,1,2,2,1,1,1,1,1,2,1,1,1,2,1,3,1,1,2,1,1,2,2,1,4,1,1,2,1,1,3,1,1,1,1,1,3,2,1,1,4,2,1,1,2,1,1,2,1,1,2,1,1,1,1,1,1,1,3,2,3,2,1,1,1,1,2,1,1,1,1,3,2,1,4,5
810815;10;730559;93;137088385;83;11.947375050480929;70;13.457150054807869;76;1.50977500432694;-0.1042299201258583;0.5751688318212648;-0.15037499278843924;8216025965;86;10133.04633609393;1.5053763440860215;0.6774193548387096;7;63;19;8;3;1,1,1,1,1,3,3,1,1,3,1,1,1,1,1,2,1,1,1,1,1,1,1,3,1,1,2,1,2,1,1,1,2,1,1,1,1,4,1,1,2,1,1,1,2,3,1,1,1,1,2,1,3,2,2,1,2,2,1,1,2,1,1,1,2,1,2,1,1,1,2,5,2,1,1,1,1,1,1,2,1,1,2,1,1,1,3,2,1,1,3,1,6
3168559;7;1691807;90;79366247;83;11.117300051923237;72;12.627075056250177;78;1.50977500432694;-0.6274797219224197;0.05191903002470333;-0.9052624949519075;10702358765;85;3377.6738148161357;1.5333333333333334;0.6444444444444445;7;58;21;7;4;1,1,1,2,2,2,3,1,1,1,1,2,1,1,1,1,2,2,1,1,1,1,1,2,1,1,1,2,1,3,1,1,2,1,1,2,2,1,4,1,1,2,1,1,3,1,1,1,1,1,3,2,1,1,4,2,1,1,2,1,1,2,1,1,2,1,1,1,1,1,1,1,3,2,3,2,1,1,1,1,2,1,1,1,1,3,2,1,4,5
3946923;3;3330217;84;8679331;81;4.529325012980809;18;5.212037556971325;79;0.6827125439905153;-0.16989882096859787;0.13732182382713404;-0.24511249783653177;123439373;82;31.27483687926012;1.5714285714285714;0.5476190476190477;6;46;31;5;2;1,2,2,2,1,1,1,1,1,1,2,2,1,2,1,1,1,1,2,2,2,2,1,2,1,1,3,2,1,1,1,3,5,1,2,1,2,2,1,1,2,2,1,2,1,2,2,1,2,1,2,1,1,2,2,1,1,1,2,2,2,1,3,1,1,2,1,2,1,1,1,1,1,1,3,1,1,2,1,2,1,1,3,4
2529691;11;1709471;89;21121493;78;5.607525047596297;66;8.287225053365546;74;2.6797000057692486;-0.3919131949643049;0.813951807631857;-0.5654124920672814;534034781;85;211.10672449718166;1.550561797752809;0.6629213483146067;8;59;18;7;5;1,2,1,1,1,3,1,1,3,1,3,1,1,1,1,2,1,2,1,1,1,1,6,1,2,1,3,1,1,4,2,1,1,2,2,1,1,2,2,1,1,2,1,1,2,1,1,1,1,1,1,1,1,4,1,2,1,1,1,1,1,1,2,2,1,1,3,1,2,1,2,4,1,1,2,1,1,2,1,1,1,1,1,1,1,3,1,4,3
2845903;9;1709471;87;21121493;78;5.797000057692486;80;8.287225053365546;74;2.49022499567306;-0.5096964502346637;0.6109047978182134;-0.7353374935095953;534034781;83;187.6503805646222;1.5517241379310345;0.6666666666666666;8;58;17;7;5;1,1,1,3,1,1,3,1,3,1,1,1,1,2,1,2,1,1,1,1,6,1,2,1,3,1,1,4,2,1,1,2,2,1,1,2,2,1,1,2,1,1,2,1,1,1,1,1,1,1,1,4,1,2,1,1,1,1,1,1,2,2,1,1,3,1,2,1,2,4,1,1,2,1,1,2,1,1,1,1,1,1,1,3,1,4,3
2959003;31;1623323;108;53485067;77;8.342862541105902;57;11.342862541105902;57;3.0;-0.6003771043705406;0.7496228956294595;-0.8661624776441599;4216452893;88;1424.957288992272;1.5462962962962963;0.6481481481481481;11;70;25;8;5;1,2,1,1,1,2,1,3,2,1,1,1,1,1,1,1,1,3,1,1,1,1,2,2,1,2,2,3,1,5,3,1,2,1,1,1,1,1,2,1,1,1,2,1,1,1,1,1,1,1,1,2,1,2,1,2,1,2,2,1,2,5,2,1,1,1,1,1,1,2,2,4,1,2,1,1,3,1,1,1,1,1,1,1,1,1,1,1,3,1,2,2,2,4,1,5,1,2,1,2
3328879;29;1623323;106;53485067;77;8.172937539663579;55;11.342862541105902;57;3.169925001442323;-0.7181603277778343;0.708305922871211;-1.0360874790864756;4216452893;86;1266.628463515796;1.5471698113207548;0.6509433962264151;11;69;24;8;5;1,1,1,2,1,3,2,1,1,1,1,1,1,1,1,3,1,1,1,1,2,2,1,2,2,3,1,5,3,1,2,1,1,1,1,1,2,1,1,1,2,1,1,1,1,1,1,1,1,2,1,2,1,2,1,2,2,1,2,5,2,1,1,1,1,1,1,2,2,4,1,2,1,1,3,1,1,1,1,1,1,1,1,1,1,1,3,1,2,2,2,4,1,5,1,2,1,2,1,1
4115583;15;3519901;92;14496683;77;4.398500028846243;40;5.702262552644399;73;1.3037625237981558;-0.1563476366715566;0.43034549903761354;-0.2255624891826571;183266705;88;44.52994994876789;1.565217391304348;0.6195652173913043;7;57;23;7;5;1,1,1,1,1,1,2,2,1,1,2,2,2,4,2,3,1,2,1,1,1,1,2,1,1,1,1,1,4,1,1,1,1,1,2,2,2,1,1,1,3,2,1,4,1,1,1,2,1,1,3,2,1,2,1,1,2,1,1,1,4,4,1,1,1,1,1,1,1,3,1,2,1,3,1,2,1,1,1,1,2,1,1,1,2,1,2,1,2,3,2,3
4239983;10;3820295;84;18647521;74;5.797000057692486;80;6.702262552644399;73;0.9052624949519128;-0.10423161503419998;0.3031365076941608;-0.15037499278843924;397813781;83;93.8243811354904;1.5595238095238095;0.6309523809523809;6;53;22;6;3;1,1,1,2,1,2,2,2,1,3,1,1,2,3,1,2,1,2,2,1,1,1,2,1,1,3,2,1,1,1,1,1,1,2,1,1,3,1,1,1,2,1,1,2,1,3,1,1,2,5,1,1,1,1,1,3,1,2,1,1,2,1,5,1,1,1,1,1,1,2,2,2,1,1,2,1,1,2,1,1,1,2,1,6
1981743;20;1608841;91;4653677;71;3.4736875252404644;35;5.777450049038606;68;2.3037625237981416;-0.20846271651228854;0.8282304191968752;-0.3007499855768785;88247501;88;44.53024484002214;1.5714285714285714;0.6263736263736264;6;57;21;10;3;1,1,1,2,2,2,1,1,1,1,2,2,2,1,2,2,1,2,1,4,2,1,1,2,1,1,1,1,3,1,1,1,2,1,1,3,1,3,1,6,1,1,1,1,1,1,3,1,1,2,2,1,2,1,2,2,1,3,1,1,1,1,1,2,1,1,3,1,2,1,1,2,1,1,4,1,1,1,1,3,1,1,1,1,2,1,1,1,3,3,3
3605743;28;2344447;99;13562861;71;4.849625007211561;10;6.02256254687515;65;1.1729375396635895;-0.43047829894331;0.09734359390530523;-0.6210499798076299;152410085;93;42.26870439740159;1.5656565656565657;0.6262626262626263;8;62;23;9;5;1,1,1,2,1,1,1,1,1,1,2,2,4,1,1,1,3,2,2,1,1,3,1,1,1,3,1,4,1,1,1,1,1,1,1,1,4,2,1,1,2,3,2,2,1,2,1,3,1,1,1,1,1,2,2,1,2,2,1,3,1,1,1,1,4,1,2,1,2,1,1,2,2,1,1,2,3,1,1,1,2,2,1,1,1,1,1,1,3,1,1,1,1,4,1,2,1,2,3
2826655;15;2417531;85;18647521;70;5.908275033173183;46;7.362412549759767;69;1.4541375165865844;-0.15634726234117124;0.49801462012279174;-0.2255624891826571;397813781;84;140.73658829959794;1.5529411764705883;0.6352941176470588;6;54;22;6;3;1,1,1,1,2,1,2,2,2,1,3,1,1,2,3,1,2,1,2,2,1,1,1,2,1,1,3,2,1,1,1,1,1,1,2,1,1,3,1,1,1,2,1,1,2,1,3,1,1,2,5,1,1,1,1,1,3,1,2,1,1,2,1,5,1,1,1,1,1,1,2,2,2,1,1,2,1,1,2,1,1,1,2,1,6
3159835;24;1623323;89;26382587;65;9.797000057692486;80;11.342862541105902;57;1.5458624834134156;-0.6660445281426366;0.0295935893934004;-0.9608999826922542;4216452893;81;1334.3902111977366;1.550561797752809;0.651685393258427;11;58;21;5;5;1,2,1,1,1,1,1,1,1,1,3,1,1,1,1,2,2,1,2,2,3,1,5,3,1,2,1,1,1,1,1,2,1,1,1,2,1,1,1,1,1,1,1,1,2,1,2,1,2,1,2,2,1,2,5,2,1,1,1,1,1,1,2,2,4,1,2,1,1,3,1,1,1,1,1,1,1,1,1,1,1,3,1,2,2,2,4,1,5
919791;41;909311;103;17515045;62;7.927825041827049;58;8.00301253822127;53;0.0751874963942214;-0.011459300445803677;0.022375072931595956;-0.01653747043259557;233270513;94;253.61251958325315;1.5436893203883495;0.6116504854368932;12;63;28;9;3;1,1,1,2,1,1,1,1,2,1,1,2,1,3,1,1,1,1,2,1,2,3,1,2,2,1,4,1,1,1,3,2,3,1,2,1,2,1,1,2,3,1,1,1,1,1,1,1,1,1,1,1,1,3,1,1,1,1,2,2,2,2,2,2,1,2,3,1,1,1,1,1,1,2,2,1,2,1,3,1,2,3,2,1,1,2,1,1,1,2,1,2,1,1,2,5,2,1,1,1
1422951;25;1096535;87;21121493;62;6.797000057692486;80;8.927825041827049;58;2.130824984134563;-0.26057767611007243;0.6982935667504808;-0.3759374819710999;534034781;83;375.30089300334305;1.5402298850574712;0.6666666666666666;8;58;18;6;5;1,1,2,1,1,1,3,1,3,1,1,1,1,2,1,2,1,1,1,1,6,1,2,1,3,1,1,4,2,1,1,2,2,1,1,2,2,1,1,2,1,1,2,1,1,1,1,1,1,1,1,4,1,2,1,1,1,1,1,1,2,2,1,1,3,1,2,1,2,4,1,1,2,1,1,2,1,1,1,1,1,1,1,3,1,4,3
4687079;59;3343775;98;94027861;39;6.869175015865437;22;8.058650025961619;36;1.1894750100961815;-0.3377091656599944;0.19755458888328725;-0.48721245745178976;891523421;95;190.20874642821255;1.5408163265306123;0.6122448979591837;7;60;28;5;5;1,1,2,1,1,2,2,1,2,1,1,1,1,1,1,1,2,1,2,1,1,1,2,4,2,1,2,1,1,3,1,2,1,1,2,2,1,2,1,2,1,1,1,1,4,2,1,1,4,2,3,1,1,3,1,1,2,2,3,1,1,1,1,2,1,2,1,1,2,4,1,2,1,1,1,1,1,2,1,2,1,2,2,1,1,1,1,1,2,1,2,1,1,1,1,3,1,4
1959595;3;1653409;41;242159;38;7.212037556971325;79;7.797000057692486;80;0.5849625007211614;-0.1698986020873754;0.09333452323714725;-0.24511249783653177;68802929;31;35.11079023981996;1.6585365853658536;0.6341463414634146;8;26;11;0;4;1,2,2,2,2,1,2,1,2,1,1,1,1,1,1,1,1,5,2,1,1,1,1,1,2,1,1,1,2,1,1,2,6,4,1,1,1,1,2,1,5
2204545;1;1653409;39;242159;38;7.042112555529016;77;7.797000057692486;80;0.75488750216347;-0.28768192124901226;0.05201745472454927;-0.4150374992788439;68802929;29;31.209582476202574;1.6666666666666667;0.6410256410256411;8;25;10;0;4;2,2,2,1,2,1,2,1,1,1,1,1,1,1,1,5,2,1,1,1,1,1,2,1,1,1,2,1,1,2,6,4,1,1,1,1,2,1,5
1653409;1;1240057;38;242159;37;7.797000057692486;80;8.797000057692486;80;1.0;-0.28768187084812347;0.16231812915187654;-0.4150374992788439;68802929;28;41.612770342970194;1.6578947368421053;0.6578947368421053;8;25;9;0;4;2,2,1,2,1,2,1,1,1,1,1,1,1,1,5,2,1,1,1,1,1,2,1,1,1,2,1,1,2,6,4,1,1,1,1,2,1,5
1883311;5;1787675;42;349097;37;6.797000057692486;80;7.457150054807869;76;0.6601499971153828;-0.05211550512101937;0.24495199358090292;-0.07518749639421962;208985741;27;110.96719607117466;1.6428571428571428;0.5952380952380952;11;25;10;5;2;1,1,1,2,3,1,2,1,1,1,1,1,1,1,1,1,1,1,2,3,1,2,1,1,2,1,1,3,5,1,3,1,1,2,1,2,2,1,2,4,2,3
3766623;5;1787675;40;1241233;35;5.797000057692486;80;7.457150054807869;76;1.6601499971153828;-0.7452629511708029;0.0018045475311193604;-1.0751874963942196;208985741;27;55.48358330525779;1.625;0.65;11;26;8;3;3;1,1,1,1,5,1,2,1,1,1,1,1,1,1,1,1,1,1,2,3,1,2,1,1,2,1,1,3,5,1,3,1,1,2,1,2,2,1,2,4
4458923;3;3762217;38;326527;35;2.3037625237981487;33;3.2120375569713246;79;0.9082750331731759;-0.16989884575110814;0.23882491917682103;-0.24511249783653177;22015709;33;4.937449917838904;1.6842105263157894;0.5526315789473685;4;21;12;3;2;1,2,2,2,1,1,1,1,2,2,2,1,2,2,1,2,1,4,2,1,1,2,1,1,1,1,3,1,1,1,2,1,1,3,1,3,1,6
1240057;1;930043;30;453535;29;8.797000057692486;80;9.797000057692486;80;1.0;-0.2876818036469704;0.16231819635302963;-0.4150374992788439;68802929;27;55.48368260491252;1.6333333333333333;0.6666666666666666;8;20;7;0;3;2,1,2,1,2,1,1,1,1,1,1,1,1,5,2,1,1,1,1,1,2,1,1,1,2,1,1,2,6,4
3306819;2;930043;31;453535;29;6.797000057692486;80;9.797000057692486;80;3.0;-1.2685111574605088;0.08148884253949129;-1.8300749985576878;68802929;28;20.806378879521375;1.6774193548387097;0.6774193548387096;8;21;6;0;4;1,4,1,2,1,2,1,1,1,1,1,1,1,1,5,2,1,1,1,1,1,2,1,1,1,2,1,1,2,6,4
3919195;6;2790131;34;453535;28;6.212037556971325;79;8.212037556971325;79;2.0;-0.33979772743483316;0.5602022725651669;-0.49022499567306355;68802929;31;17.55537272322505;1.6764705882352942;0.6470588235294118;8;22;7;2;3;1,2,1,1,2,3,1,3,2,1,1,1,1,1,1,1,1,5,2,1,1,1,1,1,2,1,1,1,2,1,1,2,6,4
4409095;4;2790131;32;453535;28;6.042112555529016;77;8.212037556971325;79;2.1699250014423086;-0.4575809048436721;0.5188853458053668;-0.6601499971153757;68802929;29;15.604773541962693;1.6875;0.65625;8;21;6;2;3;1,1,2,3,1,3,2,1,1,1,1,1,1,1,1,5,2,1,1,1,1,1,2,1,1,1,2,1,1,2,6,4
1039879;4;658049;31;71311;27;2.682712543990519;61;3.797000057692486;80;1.1142875137019672;-0.4575802425750197;0.04384913859086559;-0.6601499971153757;6085205;30;5.851839492864074;1.7096774193548387;0.5483870967741935;5;17;11;2;1;1,1,2,3,2,2,2,1,1,1,2,1,2,1,2,1,1,1,1,2,2,3,1,2,2,1,1,1,1,1,8
438699;3;370153;28;71311;25;3.927825041827049;58;5.212037556971325;79;1.2842125151442758;-0.16989709502889028;0.4079985367860338;-0.24511249783653177;6085205;27;13.871025463928571;1.6785714285714286;0.5714285714285714;5;16;10;1;1;1,2,2,2,1,1,1,2,1,2,1,2,1,1,1,1,2,2,3,1,2,2,1,1,1,1,1,8
877399;3;370153;28;71311;25;2.927825041827049;58;5.212037556971325;79;2.284212515144276;-0.8630454153218086;0.1648502164931156;-1.2451124978365318;6085205;27;6.935504827336252;1.7142857142857142;0.6071428571428571;5;17;8;1;2;1,1,4,2,1,1,1,2,1,2,1,2,1,1,1,1,2,2,3,1,2,2,1,1,1,1,1,8
2579407;6;1836317;30;235847;24;2.797000057692486;80;4.457150054807869;76;1.6601499971153828;-0.3397975923071854;0.4072699063947368;-0.49022499567306355;8705501;3;3.3750009207542666;1.7;0.4666666666666667;4;14;11;5;0;1,1,1,3,1,3,3,1,2,2,1,1,1,1,2,1,2,1,2,2,2,2,1,1,1,2,2,2,3,3
4268855;3;3601847;27;462601;24;5.797000057692486;80;7.212037556971325;79;1.4150374992788386;-0.16989887194940323;0.4668680027260742;-0.24511249783653177;36966293;19;8.659533528311457;1.7037037037037037;0.6666666666666666;4;18;3;4;2;1,1,3,1,1,3,1,3,1,1,1,1,2,1,2,1,1,1,1,6,1,2,1,3,1,1,4
1289703;7;688619;30;235847;23;3.797000057692486;80;5.8721875540867075;75;2.0751874963942214;-0.6274790955501377;0.3063552778272619;-0.9052624949519075;4896845;5;3.7968780409132954;1.6666666666666667;0.4666666666666667;4;14;12;4;0;1,1,2,1,1,3,3,1,2,2,1,1,1,1,2,1,2,1,2,2,2,2,1,1,1,2,2,2,3,3
1316103;4;832847;27;71311;23;2.797000057692486;80;4.042112555529016;77;1.24511249783653;-0.45758042447230984;0.1027201995541287;-0.6601499971153757;6085205;26;4.623654075706841;1.7407407407407407;0.5925925925925926;5;16;7;3;1;1,1,2,3,1,1,1,3,2,1,2,1,1,1,1,2,2,3,1,2,2,1,1,1,1,1,8
3201641;1;2401231;23;1096535;22;6.797000057692486;80;7.797000057692486;80;1.0;-0.2876819683385108;0.16231803166148923;-0.4150374992788439;36966293;18;11.546045605987679;1.6521739130434783;0.6521739130434783;4;15;4;3;1;2,1,1,1,3,1,3,1,1,1,1,2,1,2,1,1,1,1,6,1,2,1,3
2821663;14;1608841;34;326527;20;3.797000057692486;80;5.777450049038606;68;1.98044999134612;-0.5618123834627564;0.32939011264299756;-0.8105249899038149;22015709;29;7.80238781172663;1.6764705882352942;0.5882352941176471;4;20;9;3;2;1,1,1,1,2,2,2,1,2,2,1,2,1,4,2,1,1,2,1,1,1,1,3,1,1,1,2,1,1,3,1,3,1,6
4588385;1;3441289;21;1396873;20;6.797000057692486;80;7.797000057692486;80;1.0;-0.2876819998045814;0.1623180001954186;-0.4150374992788439;23545637;16;5.131573963387989;1.6666666666666667;0.5714285714285714;2;12;6;1;2;2,2,1,1,2,1,1,3,1,1,2,1,1,2,1,1,4,1,1,4,2
1583007;13;1203455;32;651335;19;5.797000057692486;80;6.777450049038606;68;0.98044999134612;-0.27412961627382515;0.16707287983192887;-0.3954874906249728;39036005;25;24.659401379779116;1.625;0.65625;7;21;4;5;2;1,1,1,1,2,1,3,2,2,1,2,1,3,1,1,1,1,1,1,1,3,1,1,1,1,4,1,3,1,1,4,3
2134427;8;1709471;27;462601;19;6.797000057692486;80;8.287225053365546;74;1.49022499567306;-0.22201426065543473;0.4485869873974423;-0.3202999942307514;36966293;19;17.31907111369937;1.6666666666666667;0.6666666666666666;4;18;4;3;2;1,2,1,1,1,3,1,3,1,1,1,1,2,1,2,1,1,1,1,6,1,2,1,3,1,1,4
3012715;3;2541979;18;543515;15;4.813537528125089;39;6.212037556971325;79;1.398500028846236;-0.16989875404321886;0.4594262589375874;-0.24511249783653177;12215285;12;4.054577017739812;1.7222222222222223;0.6666666666666666;4;12;3;1;2;1,2,2,1,2,1,1,1,3,1,1,1,5,1,1,1,1,5
3509577;1;2632183;15;750403;14;0.9278250418270488;58;1.797000057692486;80;0.8691750158654372;-0.2876819774735768;0.10344677966586996;-0.4150374992788439;5922413;3;1.6875005164440045;1.7333333333333334;0.6;3;9;3;1;2;2,1,1,3,2,1,1,1,4,1,1,1,2,1,4
1754395;30;1283293;43;121951;13;5.284212515144276;21;7.26767504471168;62;1.9834625295674044;-0.3126946375740136;0.5798635007313184;-0.4511249783653142;68365073;21;38.967890925361736;1.6744186046511629;0.627906976744186;5;27;7;5;4;1,2,1,1,1,1,1,2,1,1,1,2,1,4,1,1,1,1,1,2,1,2,3,3,1,2,3,1,1,4,3,1,3,1,1,2,1,1,1,1,4,1,4
3119623;4;1974137;17;750403;13;1.1699250014423122;2;2.797000057692486;80;1.627075056250174;-0.4575808203550782;0.2746029549575001;-0.6601499971153757;7019153;2;2.250000400689442;1.7058823529411764;0.5882352941176471;3;10;4;1;2;1,1,2,3,2,1,2,1,1,1,4,1,1,1,2,1,4
4519073;1;3389305;12;1145183;11;4.797000057692486;80;5.797000057692486;80;1.0;-0.28768199869034383;0.16231800130965618;-0.4150374992788439;12215285;11;2.7030510460884347;1.75;0.5833333333333334;3;7;3;1;1;2,2,1,2,1,1,1,3,1,1,1,5
3199593;1;2399695;10;360361;9;8.797000057692486;80;9.797000057692486;80;1.0;-0.287681968271869;0.16231803172813103;-0.4150374992788439;8098973;4;2.531251005987324;1.9;0.5;3;5;2;2;1;2,1,1,1,3,1,2,1,3,4
3746919;14;1068199;23;160411;9;3.8496250072115608;10;7.532337551202076;71;3.6827125439905153;-1.2549598495152416;0.4022607952804902;-1.810524989903815;54016577;10;14.416264936605248;1.7826086956521738;0.5652173913043478;3;13;7;0;3;1,1,2,1,1,1,2,1,1,1,2,2,4,4,1,1,2,1,2,1,1,2,6
4799401;1;3599551;10;1081085;9;8.797000057692486;80;9.797000057692486;80;1.0;-0.28768200299867175;0.16231799700132826;-0.4150374992788439;27334097;6;5.695314269426539;1.8;0.6;5;6;2;1;1;2,1,1,1,1,1,2,3,1,5
1316091;8;1054063;16;211051;8;2.797000057692486;80;3.702262552644399;73;0.9052624949519128;-0.22201375881972574;0.18535436390863502;-0.3202999942307514;5621669;7;4.271489585446599;1.75;0.625;3;10;3;0;3;1,2,1,2,1,1,1,4,1,1,1,2,1,4,1,4
4266123;3;1799771;11;360361;8;8.212037556971325;79;10.797000057692486;80;2.5849625007211614;-0.8630460176771422;0.30018710764738055;-1.2451124978365318;6399185;1;1.5000001172024342;1.9090909090909092;0.45454545454545453;2;5;3;2;1;1,2,3,1,2,1,1,2,1,3,4
4679435;3;1974137;10;1054063;7;0.5849625007211561;1;2.797000057692486;80;2.21203755697133;-0.8630460353137543;0.1323708653233442;-1.2451124978365318;7019153;1;1.5000001068505064;1.8;0.5;3;5;3;1;1;1,2,3,2,1,2,1,1,1,4
4585611;3;1934555;9;688619;6;1.797000057692486;80;3.797000057692486;80;2.0;-0.8630460315890911;0.03695396841090892;-1.2451124978365318;6878417;1;1.5000001090367239;1.8888888888888888;0.4444444444444444;2;4;2;3;0;1,2,3,1,2,1,1,3,3
2632183;3;2220905;8;1054063;5;1.797000057692486;80;2.6270750562501775;78;0.8300749985576914;-0.16989876944939297;0.20363497990156815;-0.24511249783653177;5922413;2;2.2500004748909936;1.75;0.625;3;5;1;1;1;1,1,3,2,1,1,1,4
2814235;10;2535673;15;1203455;5;4.947375050480929;70;5.702262552644399;73;0.75488750216347;-0.1042313811782698;0.23546799479529174;-0.15037499278843924;24041933;7;8.542972779458717;1.6666666666666667;0.5333333333333333;5;8;4;3;0;1,2,1,1,1,1,1,3,3,2,2,1,2,1,3
3166015;8;2535673;13;1203455;5;4.797000057692486;80;5.702262552644399;73;0.9052624949519128;-0.2220146142437187;0.18535350848464205;-0.3202999942307514;24041933;5;7.593752082665433;1.6923076923076923;0.5384615384615384;5;7;3;3;0;1,1,1,1,1,3,3,2,2,1,2,1,3
4016943;6;2859719;11;678625;5;4.398500028846243;40;6.042112555529016;77;1.643612526682773;-0.33979779732617743;0.3998278396810705;-0.49022499567306355;13557185;3;3.375000591245631;1.8181818181818181;0.45454545454545453;3;5;4;1;1;1,1,1,2,2,3,1,1,2,2,4
3947391;25;3041879;29;481235;4;4.114287513701967;19;6.02256254687515;65;1.908275033173183;-0.2605794377703692;0.5981443271575632;-0.3759374819710999;68365073;19;17.31905276168487;1.6896551724137931;0.6206896551724138;6;18;4;5;2;1,1,1,1,1,1,3,1,1,2,1,4,1,1,1,1,1,2,1,2,3,3,1,2,3,1,1,4,3
4031579;49;3192107;53;1010003;4;5.37895002019237;28;6.303762523798149;33;0.9248125036057786;-0.23347691030594042;0.18268871631665995;-0.33683746466334696;167764769;28;41.612670618633544;1.6226415094339623;0.49056603773584906;7;26;22;4;1;1,2,1,1,2,1,1,2,2,1,1,1,1,1,2,2,2,2,1,2,3,1,1,1,1,1,1,1,2,2,1,4,1,1,1,2,1,3,2,2,2,2,2,2,1,2,1,2,3,1,2,2,3
4440815;23;3041879;27;481235;4;3.9443625122596515;17;6.02256254687515;65;2.0782000346154987;-0.3783625015747383;0.5568275140022362;-0.5458624834134085;68365073;17;15.394713132611919;1.7037037037037037;0.5925925925925926;5;16;5;4;2;1,1,1,2,1,1,1,2,1,4,1,1,1,1,1,2,1,2,3,3,1,2,3,1,1,4,3
1973695;28;1283293;31;270695;3;5.114287513701967;19;7.26767504471168;62;2.153387531009713;-0.4304779898953832;0.5385463990589877;-0.6210499798076299;68365073;19;34.6381142983085;1.6774193548387097;0.6129032258064516;5;19;5;5;2;1,1,1,1,1,2,1,1,1,2,1,4,1,1,1,1,1,2,1,2,3,3,1,2,3,1,1,4,3,1,3
2960543;27;1283293;30;270695;3;4.529325012980809;18;7.26767504471168;62;2.738350031730871;-0.8359432668914994;0.3963142473873924;-1.2060124805287842;68365073;18;23.09207229889922;1.7;0.6;5;18;5;5;2;1,1,1,1,2,1,1,1,2,1,4,1,1,1,1,1,2,1,2,3,3,1,2,3,1,1,4,3,1,3
3869111;3;3264563;6;688619;3;2.797000057692486;80;3.6270750562501775;78;0.8300749985576914;-0.16989885491805268;0.20363489443290844;-0.24511249783653177;8705501;2;2.250000323071631;2.0;0.5;2;3;0;3;0;1,1,3,1,3,3
4679479;3;3948311;6;832847;3;1.1699250014423122;2;1.797000057692486;80;0.6270750562501739;-0.1698988864146287;0.11228488889794958;-0.24511249783653177;10528829;2;2.2500002671237547;2.0;0.6666666666666666;2;4;0;1;1;1,1,3,1,1,5
4799403;3;4049497;6;854191;3;8.797000057692486;80;9.627075056250177;78;0.8300749985576914;-0.169898859304201;0.2036348900467601;-0.24511249783653177;7199105;1;1.500000104179624;2.0;0.3333333333333333;1;2;3;0;1;1,2,2,2,1,4
4899807;10;4414807;13;1862497;3;7.287225053365546;74;7.702262552644399;73;0.4150374992788528;-0.10423169809463495;0.08253517658084883;-0.15037499278843924;24805277;4;5.062500829114289;1.6923076923076923;0.6923076923076923;4;9;1;1;2;1,1,1,1,3,1,2,1,1,4,1,1,4
658049;1;493537;3;277615;2;3.797000057692486;80;4.797000057692486;80;1.0;-0.28768156590401794;0.16231843409598207;-0.4150374992788439;658049;0;1.0;2.0;0.0;0;0;3;0;0;2,2,2
2339731;2;1316099;4;370153;2;1.5127875425482102;59;2.797000057692486;80;1.2842125151442758;-0.5753639074593906;0.0025317243555335045;-0.8300749985576878;3509597;1;1.50000021369978;2.25;0.5;1;2;0;1;1;1,3,1,4
2736499;2;1539281;4;432923;2;10.212037556971325;79;11.797000057692486;80;1.5849625007211614;-0.5753639418866783;0.13786918343784438;-0.8300749985576878;4104749;1;1.5000001827152138;2.25;0.25;1;1;1;2;0;1,3,2,3
3792111;11;1281283;13;360361;2;8.212037556971325;79;11.287225053365546;74;3.0751874963942214;-1.0850609364457924;0.2987734369316073;-1.5654124920672814;72890765;9;19.22168549391091;1.8461538461538463;0.6923076923076923;5;9;1;1;2;1,1,1,2,1,1,1,1,1,3,6,1,4
4679467;3;3948301;5;277615;2;0.5849625007211561;1;1.797000057692486;80;1.21203755697133;-0.16989885475505417;0.3755180458820443;-0.24511249783653177;7019201;1;1.500000106849776;2.4;0.2;1;1;2;1;1;1,2,2,3,4
1539281;1;1154461;2;432923;1;11.797000057692486;80;12.797000057692486;80;1.0;-0.2876818559004839;0.16231814409951612;-0.4150374992788439;1539281;0;1.0;2.5;0.0;0;0;1;1;0;2,3
1934555;5;1836317;6;688619;1;3.797000057692486;80;4.457150054807869;76;0.6601499971153828;-0.05211539062672621;0.24495210807519607;-0.07518749639421962;4896845;4;2.5312513730547854;1.8333333333333333;0.5;2;3;1;2;0;1,2,1,1,3,3
2177691;15;1862497;16;1396873;1;8.457150054807869;76;8.947375050480929;70;0.49022499567306;-0.15634708063554115;0.06425416741733586;-0.2255624891826571;23545637;11;10.812202925024717;1.625;0.625;3;10;4;0;2;1,2,1,1,1,2,1,1,2,1,1,4,1,1,4,2
2399695;8;1921925;9;360361;1;9.797000057692486;80;10.702262552644399;73;0.9052624949519128;-0.22201435801030556;0.1853537647180552;-0.3202999942307514;8098973;3;3.375000989709109;1.8888888888888888;0.5555555555555556;3;5;1;2;1;1,1,1,3,1,2,1,3,4
2442615;3;2060957;4;772859;1;3.2120375569713246;79;3.6270750562501775;78;0.4150374992788528;-0.16989874870103883;0.016868125974444953;-0.24511249783653177;5495885;2;2.250000511746632;2.0;0.5;2;2;0;2;0;1,1,3,3
2449903;13;1862497;14;1396873;1;8.287225053365546;74;8.947375050480929;70;0.6601499971153828;-0.2741303714040981;0.022937127297824156;-0.3954874906249728;23545637;9;9.610844592622646;1.6428571428571428;0.6428571428571429;3;9;3;0;2;1,1,1,2,1,1,2,1,1,4,1,1,4,2
2480115;2;1395065;3;1046299;1;7.797000057692486;80;9.212037556971325;79;1.4150374992788386;-0.5753639208996386;0.06140295377583882;-0.8300749985576878;3720173;1;1.5000002016035547;2.0;0.3333333333333333;1;1;1;1;0;1,3,2
2580967;18;1862497;19;1396873;1;8.212037556971325;79;8.947375050480929;70;0.7353374935096042;-0.3262460743807516;0.00465579769857033;-0.47067498701919064;23545637;14;9.122796610727685;1.631578947368421;0.631578947368421;2;12;4;1;2;1,1,2,1,1,3,1,1,2,1,1,2,1,1,4,1,1,4,2
3509623;3;2961245;4;1110467;1;1.774437510817343;15;2.2120375569713246;79;0.43760004615398174;-0.1698988362884961;0.027021184480795685;-0.24511249783653177;7896653;2;2.2500003561636106;2.0;0.5;2;2;0;2;0;1,1,3,3
3509627;5;3331405;6;1249277;1;1.774437510817343;15;2.042112555529016;77;0.26767504471167314;-0.05211562709443385;0.06833814302581907;-0.07518749639421962;5922497;3;1.6875004095876855;1.8333333333333333;0.3333333333333333;1;2;3;1;0;1,2,1,2,2,3
4104753;1;3078565;2;577231;1;9.797000057692486;80;10.797000057692486;80;1.0;-0.28768199124511185;0.16231800875488817;-0.4150374992788439;4104753;0;1.0;3.0;0.0;0;0;1;0;1;2,4
4104755;2;2308925;3;865847;1;9.797000057692486;80;11.797000057692486;80;2.0;-0.5753640095591823;0.3246359904408177;-0.8300749985576878;6157133;1;1.5000001218099497;2.3333333333333335;0.3333333333333333;1;1;0;2;0;1,3,3
4375623;17;4210093;18;1578785;1;2.192487548317459;67;2.437600046153989;64;0.24511249783653;-0.03856417196007378;0.07173645206636473;-0.05563748774034849;19958957;14;4.561397771243089;1.6666666666666667;0.4444444444444444;2;8;8;2;0;1,1,2,2,1,2,2,1,2,1,1,2,1,1,3,2,2,3
4685103;22;4278949;23;802303;1;4.212037556971325;79;4.947375050480929;70;0.7353374935096042;-0.09068048181635113;0.2402213902629708;-0.13082498413456278;85482449;14;18.24558584944664;1.6956521739130435;0.5652173913043478;5;13;6;2;2;1,1,1,2,2,2,1,1,1,1,1,2,1,1,2,3,1,3,1,1,2,4,4
4752839;5;4511485;6;1691807;1;10.532337551202076;71;11.212037556971325;79;0.6797000057692486;-0.05211575610464436;0.25374924649151753;-0.07518749639421962;10693889;2;2.2500002630007034;1.8333333333333333;0.3333333333333333;2;2;3;1;0;1,1,2,2,2,3
4864887;3;4104749;4;1539281;1;9.362412549759767;69;9.797000057692486;80;0.4345875079327186;-0.16989889214586107;0.02566548642386232;-0.24511249783653177;10945997;2;2.2500002569432755;2.0;0.5;2;2;0;2;0;1,1,3,3
