start;classe_mod_1024;reached_one;total_syracuse_steps;max_value;max_ratio;peak_step;first_positive_surplus_step;first_descent_step;max_debt;max_debt_step;max_consecutive_v2_1;total_v2;avg_v2;final_surplus
4637979;283;True;213;439600764977;94782.8278172454;71;98;98;16.532337551202076;71;8;360;1.6901408450704225;22.40298734639373
3873535;767;True;116;286185056525;73882.14035112629;55;78;78;16.17293753966358;55;8;206;1.7758620689655173;22.144349916345902
3041127;871;True;132;207572633873;68255.167861454;36;62;62;16.05865002596162;36;17;231;1.75;21.784949904807405
3041391;111;True;137;142195824593;46753.54947555247;59;98;98;15.51278754254821;59;6;239;1.7445255474452555;21.860137401201627
4497567;159;True;143;207446920397;46124.253490164796;47;68;68;15.49323753389433;47;7;249;1.7412587412587412;22.350362396874687
4561691;795;True;131;207572633873;45503.44025340603;35;61;61;15.473687525240464;35;17;230;1.7557251908396947;22.369912405528567
2684647;743;True;146;117539270981;43782.02086941039;52;62;62;15.418050037500109;52;10;253;1.7328767123287672;21.595474894711202
3219199;767;True;137;140942996837;43782.00814457261;52;82;82;15.418050037500109;52;11;239;1.7445255474452555;21.860137401201627
3877023;159;True;128;150883444325;38917.34568636812;50;59;59;15.2481250360578;50;12;225;1.7578125;22.124799907692022
1212415;1023;True;119;46548912269;38393.54698597427;38;66;66;15.228575027403934;38;14;209;1.7563025210084033;20.389462414182418
3181803;235;True;149;117539270981;36941.089998658;55;3;3;15.172937539663579;55;10;258;1.7315436241610738;21.840587392547747
159487;767;True;64;5734125917;35953.563092916665;31;45;45;15.13383752235584;31;12;119;1.859375;17.56239995384601
1441407;639;True;134;50543191457;35065.17691186459;60;94;94;15.097750043269372;60;6;233;1.7388059701492538;20.615024903365082
3579529;649;True;147;117539270981;32836.51870986378;53;1;1;15.00301253822127;53;10;255;1.7346938775510203;22.01051239399007
4292265;681;True;138;140942996837;32836.50865848218;53;1;1;15.00301253822127;53;11;241;1.7463768115942029;22.275174900480465
4562087;167;True;136;142195824593;31169.029567607984;58;97;97;14.927825041827049;58;6;238;1.75;22.445099901922788
270271;959;True;150;8216025965;30399.21399262222;87;103;103;14.891737562740587;87;7;256;1.7066666666666668;18.255624891826585
4026971;603;True;145;117539270981;29188.01028887469;51;61;61;14.833087536778962;51;10;252;1.7379310344827585;22.180437395432364
4828799;639;True;136;140942996837;29188.002407430915;51;81;81;14.833087536778962;51;11;238;1.75;22.445099901922788
1042431;1023;True;162;30079718549;28855.35690036079;92;107;107;14.816550066346366;92;10;277;1.7098765432098766;20.236074883172705
1616553;681;True;120;46548912269;28795.16617704461;39;1;1;14.813537528125089;39;14;211;1.7583333333333333;20.804499913461257
4064103;871;True;210;117026438465;28795.145808312438;39;91;91;14.813537528125089;39;17;355;1.6904761904761905;22.157874848557242
288615;871;True;143;8216025965;28467.078859380144;80;96;96;14.797000057692486;80;7;245;1.7132867132867133;18.350362396874687
1875711;767;True;135;51968116565;27705.82278666596;56;61;61;14.75790004038474;56;12;235;1.7407407407407407;21.03006240264392
3542887;871;True;217;98158530773;27705.80342330986;56;113;113;14.75790004038474;56;10;366;1.6866359447004609;22.06313734350914
212649;681;True;65;5734125917;26965.21458835922;32;1;1;14.718800023076994;32;12;121;1.8615384615384616;17.97743745312485
704511;1023;True;86;18997161173;26965.031309660175;32;46;46;14.718800023076994;32;13;156;1.813953488372093;19.693224937980574
1126015;639;True;196;30079718549;26713.426152404718;126;141;141;14.705275090865655;126;10;331;1.6887755102040816;20.347349858653388
665215;639;True;163;17494428437;26298.90852882151;61;88;88;14.682712543990519;61;9;278;1.705521472392638;19.651112382451572
1988859;251;True;157;52304792741;26298.894361540963;61;85;85;14.682712543990519;61;12;270;1.7197452229299364;21.160887386778484
3732423;967;True;222;98158530773;26298.87629912258;61;5;5;14.682712543990519;61;10;374;1.6846846846846846;22.138324839903362
4530343;167;True;143;117539270981;25944.8944552322;49;58;58;14.663162535336653;49;10;249;1.7412587412587412;22.350362396874687
1818623;1023;True;118;46548912269;25595.690953540125;37;65;65;14.643612526682773;37;13;208;1.7627118644067796;20.97442491490358
4772705;865;True;148;117539270981;24627.390752413987;54;1;1;14.587975038942432;54;10;257;1.7364864864864864;22.425549893268908
2643183;239;True;158;63486606161;24018.997610456787;83;115;115;14.551887559855942;83;10;272;1.7215189873417722;21.57592488605735
239231;639;True;63;5734125917;23968.99196592415;30;44;44;14.548875021634686;30;12;118;1.873015873015873;18.147362454567173
2237467;27;True;155;52304792741;23376.788458109102;59;83;83;14.51278754254821;59;12;267;1.7225806451612904;21.330812388220806
2162111;447;True;133;50543191457;23376.779201900365;59;93;93;14.51278754254821;59;5;232;1.744360902255639;21.199987404086244
360361;937;True;151;8216025965;22799.43158388394;88;1;1;14.476700063461749;88;7;258;1.7086092715231789;18.670662391105424
4000767;1023;True;80;87580804661;21891.00356531635;52;66;66;14.418050037500109;52;9;149;1.8625;22.202999942307514
376831;1023;True;120;8138196845;21596.41018122182;40;97;97;14.398500028846243;40;13;209;1.7416666666666667;18.804499913461257
2517151;159;True;153;52304792741;20779.362358873186;57;81;81;14.342862541105902;57;12;264;1.7254901960784315;21.50073738966313
4723849;137;True;218;98158530773;20779.354033755102;57;1;1;14.342862541105902;57;10;368;1.688073394495413;22.47817484278795
405407;927;True;149;8216025965;20266.117666937178;86;102;102;14.306775062019426;86;7;255;1.7114093959731544;18.840587392547747
1501353;169;True;197;30079718549;20035.074062528933;127;1;1;14.290237591586816;127;10;333;1.6903553299492386;20.762387357932255
886953;169;True;164;17494428437;19724.188809328116;62;1;1;14.26767504471168;62;9;280;1.7073170731707317;20.066149881730382
2471679;767;True;165;48095597285;19458.674562918568;50;93;93;14.2481250360578;50;13;283;1.715151515151515;21.48118738100925
1563647;1023;True;161;30079718549;19236.8984489466;91;106;106;14.231587565625205;91;9;276;1.7142857142857142;20.821037383893866
2022639;239;True;121;38828142341;19196.77329518515;38;87;87;14.228575027403934;38;16;213;1.7603305785123966;21.219537412740124
2424831;1023;True;119;46548912269;19196.76557624016;38;66;66;14.228575027403934;38;15;210;1.7647058823529411;21.389462414182418
432923;795;True;142;8216025965;18978.030654411985;79;94;94;14.212037556971325;79;7;244;1.7183098591549295;18.935324897595848
2813567;639;True;134;51968116565;18470.545242036176;55;60;60;14.172937539663579;55;12;234;1.7462686567164178;21.615024903365082
3191911;103;True;144;58956314129;18470.538222713603;55;96;96;14.172937539663579;55;7;250;1.7361111111111112;21.765399896153525
2870431;159;True;139;52304792741;18221.92999622705;43;67;67;14.153387531009713;43;12;242;1.7410071942446044;21.690212399759304
318975;511;True;64;5734125917;17976.725188494394;31;44;44;14.13383752235584;31;12;120;1.875;18.56239995384601
1056767;1023;True;85;18997161173;17976.679034262048;31;45;45;14.13383752235584;31;12;155;1.8235294117647058;20.278187438701735
1689023;447;True;195;30079718549;17808.94549630171;125;140;140;14.120312590144522;125;10;330;1.6923076923076923;20.932312359374578
2943135;159;True;168;52304792741;17771.795293454088;72;96;96;14.117300051923237;72;12;288;1.7142857142857142;21.726299878845794
2375451;795;True;124;42216015293;17771.789564592156;72;89;89;14.117300051923237;72;10;218;1.7580645161290323;21.46464991057664
4985343;511;True;150;88598411297;17771.77845075053;72;111;111;14.117300051923237;72;8;260;1.7333333333333334;22.255624891826585
997823;447;True;162;17494428437;17532.596900452285;60;87;87;14.097750043269372;60;9;277;1.7098765432098766;20.236074883172705
2983289;377;True;156;52304792741;17532.593302559693;60;1;1;14.097750043269372;60;12;269;1.7243589743589745;21.745849887499645
3362671;879;True;149;58956314129;17532.58470097134;60;101;101;14.097750043269372;60;7;258;1.7315436241610738;21.840587392547747
2882815;255;True;134;50543191457;17532.582374172467;60;94;94;14.097750043269372;60;7;234;1.7462686567164178;21.615024903365082
480481;225;True;152;8216025965;17099.585550729375;89;1;1;14.061662564182882;89;7;260;1.7105263157894737;19.085699890384262
1469439;1023;True;115;25074208145;17063.79655433128;36;47;47;14.058650025961619;36;12;203;1.7652173913043478;20.729312417067064
2727935;1023;True;117;46548912269;17063.79084142401;36;63;63;14.058650025961619;36;12;207;1.7692307692307692;21.55938741562474
487039;639;True;140;8216025965;16869.33893384308;77;92;92;14.042112555529016;77;7;241;1.7214285714285715;19.105249899038142
3037039;879;True;139;50543191457;16642.25960121026;65;99;99;14.02256254687515;65;6;242;1.7410071942446044;21.690212399759304
1853211;795;True;164;30079718549;16231.135336990768;94;109;109;13.98647506778866;94;11;281;1.7134146341463414;21.066149881730382
502441;681;True;121;8138196845;16197.318381660732;41;1;1;13.983462529567404;41;13;211;1.743801652892562;19.219537412740124
2431999;1023;True;102;39391746821;16197.270977907474;41;66;66;13.983462529567404;41;9;183;1.7941176470588236;21.333824926442077
3964775;871;True;157;63486606161;16012.66305427168;82;114;114;13.966925059134809;82;10;271;1.7261146496815287;22.160887386778484
358847;447;True;62;5734125917;15979.305712462414;29;42;42;13.963912520913524;29;12;117;1.8870967741935485;18.73232495528832
3252223;1023;True;108;51968116565;15979.259898537093;29;34;34;13.963912520913524;29;12;193;1.787037037037037;21.824049922115137
2672383;767;True;122;42216015293;15797.142585101014;70;87;87;13.947375050480929;70;10;215;1.7622950819672132;21.634574912018962
3356201;553;True;154;52304792741;15584.523316988463;58;1;1;13.927825041827049;58;12;266;1.7272727272727273;21.915774888941968
3243167;159;True;132;50543191457;15584.517065263675;58;92;92;13.927825041827049;58;5;231;1.75;21.784949904807405
540543;895;True;150;8216025965;15199.578877166108;87;102;102;13.891737562740587;87;7;257;1.7133333333333334;19.255624891826585
378043;187;True;67;5734125917;15167.919831870977;34;4;4;13.888725024519303;34;12;125;1.8656716417910448;18.80751245168254
2559903;927;True;117;38828142341;15167.817820050213;34;82;82;13.888725024519303;34;16;207;1.7692307692307692;21.55938741562474
3512991;671;True;142;51968116565;14793.125449225461;63;8;8;13.852637545432827;63;12;247;1.7394366197183098;21.935324897595848
3985387;1003;True;152;58956314129;14793.121503382232;63;3;3;13.852637545432827;63;7;263;1.730263157894737;22.085699890384262
2084863;1023;True;162;30079718549;14427.67152997583;92;107;107;13.816550066346366;92;11;278;1.7160493827160495;21.236074883172705
565247;1023;True;119;8138196845;14397.594051803902;39;95;95;13.813537528125089;39;12;208;1.7478991596638656;19.389462414182418
3233107;339;True;120;46548912269;14397.578635349835;39;2;2;13.813537528125089;39;13;212;1.7666666666666666;21.804499913461257
577231;719;True;143;8216025965;14233.514771382688;80;95;95;13.797000057692486;80;7;246;1.7202797202797202;19.350362396874687
3751423;511;True;135;51968116565;13852.907700624537;56;27;27;13.75790004038474;56;12;236;1.7481481481481482;22.03006240264392
3775727;239;True;152;52304792741;13852.906404779795;56;80;80;13.75790004038474;56;12;263;1.730263157894737;22.085699890384262
4255881;137;True;145;58956314129;13852.904752036065;56;1;1;13.75790004038474;56;7;252;1.7379310344827585;22.180437395432364
3888063;959;True;106;53860955093;13852.901841611105;56;82;82;13.75790004038474;56;9;190;1.7924528301886793;21.99397492355746
3827241;553;True;140;52304792741;13666.44868744874;44;1;1;13.738350031730874;44;12;244;1.7428571428571429;22.105249899038142
608111;879;True;148;8216025965;13510.73400250941;85;100;100;13.721812561298265;85;7;254;1.7162162162162162;19.425549893268908
425299;339;True;65;5734125917;13482.575592700665;32;2;2;13.718800023076994;32;12;122;1.876923076923077;18.97743745312485
1409023;1023;True;86;18997161173;13482.506086132022;32;44;44;13.718800023076994;32;14;157;1.8255813953488371;20.693224937980574
3423871;639;True;84;46162343069;13482.500675113051;32;51;51;13.718800023076994;32;9;155;1.8452380952380953;21.863149939422897
2252031;255;True;196;30079718549;13356.70714523912;126;141;141;13.705275090865655;126;10;332;1.6938775510204083;21.347349858653388
1330431;255;True;163;17494428437;13149.444380805919;61;85;85;13.682712543990519;61;9;279;1.7116564417177915;20.651112382451572
3977719;503;True;157;52304792741;13149.44387499469;61;3;3;13.682712543990519;61;12;271;1.7261146496815287;22.160887386778484
4483561;489;True;150;58956314129;13149.439503332283;61;1;1;13.682712543990519;61;7;260;1.7333333333333334;22.255624891826585
3843753;681;True;135;50543191457;13149.43792095902;61;1;1;13.682712543990519;61;7;236;1.7481481481481482;22.03006240264392
4881511;103;True;112;64189112525;13149.435190251543;61;72;72;13.682712543990519;61;5;200;1.7857142857142858;22.48419991923052
3707519;639;True;164;48095597285;12972.447959133857;49;92;92;13.663162535336653;49;13;282;1.7195121951219512;22.066149881730382
640641;641;True;153;8216025965;12824.695835889366;90;1;1;13.646625064904043;90;7;262;1.7124183006535947;19.50073738966313
2345471;511;True;160;30079718549;12824.596232057442;90;105;105;13.646625064904043;90;9;275;1.71875;21.405999884615028
3033959;871;True;120;38828142341;12797.846754356271;37;85;85;13.643612526682773;37;16;212;1.7666666666666666;21.804499913461257
3637247;1023;True;118;46548912269;12797.8419582173;37;64;64;13.643612526682773;37;14;209;1.771186440677966;21.97442491490358
649385;169;True;141;8216025965;12652.010694734248;78;1;1;13.627075056250177;78;7;243;1.7234042553191489;19.52028739831698
4049385;489;True;140;50543191457;12481.69572836369;66;1;1;13.607525047596297;66;6;244;1.7428571428571429;22.105249899038142
4220351;447;True;133;51968116565;12313.69536917664;54;25;25;13.587975038942432;54;12;233;1.7518796992481203;22.199987404086244
3905863;327;True;169;48095597285;12313.692847137752;54;97;97;13.587975038942432;54;13;290;1.7159763313609468;22.141337378124604
4787867;667;True;143;58956314129;12313.690862549023;54;95;95;13.587975038942432;54;7;249;1.7412587412587412;22.350362396874687
3428767;415;True;207;41739568049;12173.34629299687;95;118;118;13.571437568509822;95;9;350;1.6908212560386473;21.912762350720698
669921;225;True;122;8138196845;12147.994830733773;42;1;1;13.568425030288552;42;13;213;1.7459016393442623;19.634574912018962
3242665;681;True;103;39391746821;12147.954482192888;42;1;1;13.568425030288552;42;9;185;1.796116504854369;21.748862425720915
3563631;111;True;111;43290821789;12147.952969597582;42;70;70;13.568425030288552;42;7;198;1.7837837837837838;22.06916241995168
4305647;751;True;138;52304792741;12147.951920117928;42;66;66;13.568425030288552;42;12;241;1.7463768115942029;22.275174900480465
478463;255;True;63;5734125917;11984.47093505663;30;43;43;13.548875021634686;30;12;119;1.8888888888888888;19.147362454567173
1585151;1023;True;84;18997161173;11984.448909283721;30;42;42;13.548875021634686;30;11;154;1.8333333333333333;20.863149939422897
4336297;681;True;109;51968116565;11984.445845153134;30;1;1;13.548875021634686;30;12;195;1.7889908256880733;22.239087421393975
3959295;511;True;92;47449950497;11984.444325820632;30;62;62;13.548875021634686;30;8;168;1.826086956521739;22.183449933653634
2533535;159;True;194;30079718549;11872.627987772026;124;139;139;13.53535008942336;124;10;329;1.6958762886597938;21.51727486009571
4414703;239;True;167;52304792741;11847.862187105226;71;15;15;13.532337551202076;71;12;287;1.718562874251497;22.311262379566926
1327743;639;True;153;15730912385;11847.859401254611;71;118;118;13.532337551202076;71;6;263;1.7189542483660132;20.50073738966313
3563177;681;True;123;42216015293;11847.858047186543;71;1;1;13.532337551202076;71;10;217;1.7642276422764227;22.0496124112978
1496735;671;True;161;17494428437;11688.39402900313;59;83;83;13.51278754254821;59;9;276;1.7142857142857142;20.821037383893866
4474935;55;True;155;52304792741;11688.39161708494;59;3;3;13.51278754254821;59;12;268;1.729032258064516;22.330812388220806
4324223;895;True;133;50543191457;11688.386897946753;59;90;90;13.51278754254821;59;6;233;1.7518796992481203;22.199987404086244
2799007;415;True;110;32275538477;11531.067438202192;47;73;73;13.49323753389433;47;10;196;1.7818181818181817;21.654124920672842
1993215;511;True;198;22983893981;11531.066132354012;47;97;97;13.49323753389433;47;9;335;1.6919191919191918;21.177424857211122
720723;851;True;151;8216025965;11399.699974886329;88;2;2;13.476700063461749;88;7;259;1.7152317880794703;19.670662391105424
504057;249;True;68;5734125917;11375.947396822185;35;1;1;13.473687525240464;35;12;127;1.8676470588235294;19.222549950961394
2204159;511;True;114;25074208145;11375.86178900887;35;46;46;13.473687525240464;35;12;202;1.7719298245614035;21.314274917788197
4091903;1023;True;116;46548912269;11375.8591709041;35;62;62;13.473687525240464;35;11;206;1.7758620689655173;22.144349916345902
730559;447;True;139;8216025965;11246.218258894902;76;91;91;13.457150054807869;76;7;240;1.7266187050359711;19.690212399759304
3753799;839;True;128;42216015293;11246.210916727294;76;93;93;13.457150054807869;76;10;225;1.7578125;22.124799907692022
4555559;807;True;138;50543191457;11094.83851641478;64;5;5;13.437600046153989;64;6;241;1.7463768115942029;22.275174900480465
4778655;671;True;148;52304792741;10945.505114095911;52;10;10;13.418050037500109;52;12;257;1.7364864864864864;22.425549893268908
2779817;681;True;163;30079718549;10820.754945019762;93;1;1;13.401512567067527;93;11;280;1.7177914110429449;21.651112382451572
753663;1023;True;120;8138196845;10798.190762980272;40;96;96;13.398500028846243;40;14;210;1.75;19.804499913461257
4310809;793;True;121;46548912269;10798.18481148202;40;1;1;13.398500028846243;40;13;214;1.7685950413223142;22.219537412740124
3595803;539;True;123;38828142341;10798.183977542707;40;88;88;13.398500028846243;40;16;217;1.7642276422764227;22.0496124112978
4310811;795;True;121;46548912269;10798.17980166609;40;67;67;13.398500028846243;40;16;214;1.7685950413223142;22.219537412740124
3174015;639;True;96;34273584341;10798.179700158948;40;46;46;13.398500028846243;40;13;174;1.8125;21.843599930769017
3647999;511;True;101;39391746821;10798.179171924116;40;63;63;13.398500028846243;40;9;182;1.801980198019802;21.918787427163238
4454047;671;True;155;48095597285;10798.17911328731;40;83;83;13.398500028846243;40;13;268;1.729032258064516;22.330812388220806
769641;617;True;144;8216025965;10675.140701963643;81;1;1;13.381962558413647;81;7;248;1.7222222222222223;19.765399896153525
538271;671;True;61;5734125917;10652.86057952221;28;41;41;13.37895002019237;28;12;116;1.901639344262295;19.31728745600948
3644863;447;True;111;38828142341;10652.839994534774;28;76;76;13.37895002019237;28;16;198;1.7837837837837838;22.06916241995168
4878335;1023;True;107;51968116565;10652.838840506034;28;33;33;13.37895002019237;28;11;192;1.794392523364486;22.409012422836298
4799271;807;True;143;50543191457;10531.431014627013;69;5;5;13.362412549759767;69;6;249;1.7412587412587412;22.350362396874687
4008575;639;True;121;42216015293;10531.42707645485;69;86;86;13.362412549759767;69;10;214;1.7685950413223142;22.219537412740124
4864751;751;True;131;50543191457;10389.676975656103;57;88;88;13.342862541105902;57;5;230;1.7557251908396947;22.369912405528567
4063723;491;True;210;41739568049;10271.26308781381;98;3;3;13.326325070673306;98;9;355;1.6904761904761905;22.157874848557242
780391;103;True;120;7998895637;10249.856337400099;45;65;65;13.323312532452022;45;11;210;1.75;19.804499913461257
810815;831;True;149;8216025965;10133.04633609393;86;10;10;13.306775062019426;86;7;256;1.7181208053691275;19.840587392547747
567065;793;True;66;5734125917;10111.937638542318;33;1;1;13.303762523798149;33;12;124;1.878787878787879;19.392474952403703
1878697;681;True;87;18997161173;10111.88135872895;33;1;1;13.303762523798149;33;14;159;1.8275862068965518;21.108262437259413
3839855;879;True;116;38828142341;10111.87722999957;33;81;81;13.303762523798149;33;16;206;1.7758620689655173;22.144349916345902
4565161;169;True;85;46162343069;10111.876244671326;33;1;1;13.303762523798149;33;9;157;1.8470588235294119;22.278187438701735
4083327;639;True;121;41290091981;10111.874944377465;33;58;58;13.303762523798149;33;9;214;1.7685950413223142;22.219537412740124
3002707;339;True;197;30079718549;10017.533695095792;127;2;2;13.290237591586816;127;10;334;1.6954314720812182;21.762387357932255
1773907;339;True;164;17494428437;9862.088845131115;62;2;2;13.26767504471168;62;9;281;1.7134146341463414;21.066149881730382
822139;891;True;125;7998895637;9729.371355695326;50;5;5;13.2481250360578;50;11;218;1.744;19.879687409855478
687871;767;True;139;6692535845;9729.347283138844;50;92;92;13.2481250360578;50;7;240;1.7266187050359711;19.690212399759304
4587291;795;True;131;44631294353;9729.335756767992;50;55;55;13.2481250360578;50;10;230;1.7557251908396947;22.369912405528567
4943359;511;True;165;48095597285;9729.33531329608;50;93;93;13.2481250360578;50;13;284;1.7212121212121212;22.48118738100925
854191;175;True;154;8216025965;9618.48809575376;91;5;5;13.231587565625205;91;7;264;1.7142857142857142;19.915774888941968
3127295;1023;True;161;30079718549;9618.446148828301;91;106;106;13.231587565625205;91;10;277;1.720496894409938;21.821037383893866
847871;1023;True;118;8138196845;9598.390374243252;38;94;94;13.228575027403934;38;11;207;1.7542372881355932;19.97442491490358
4849661;1021;True;119;46548912269;9598.384767306416;38;1;1;13.228575027403934;38;13;211;1.773109243697479;22.389462414182418
4045279;479;True;121;38828142341;9598.384274854714;38;86;86;13.228575027403934;38;16;214;1.7685950413223142;22.219537412740124
3038655;447;True;96;29166172625;9598.382384640572;38;51;51;13.228575027403934;38;9;174;1.8125;21.843599930769017
4849663;1023;True;119;46548912269;9598.380808934558;38;65;65;13.228575027403934;38;16;211;1.773109243697479;22.389462414182418
865847;567;True;142;8216025965;9489.004367977252;79;3;3;13.212037556971325;79;7;245;1.7253521126760563;19.935324897595848
1127871;447;True;155;10702358765;9488.991883823594;79;116;116;13.212037556971325;79;7;266;1.7161290322580645;20.330812388220806
2503359;703;True;153;23119199981;9235.271481637272;55;92;92;13.172937539663579;55;8;264;1.7254901960784315;21.50073738966313
4571689;553;True;208;41739568049;9130.010385439604;96;1;1;13.156400069230983;96;9;352;1.6923076923076923;22.327799849999565
4323553;225;True;104;39391746821;9110.966564073575;43;1;1;13.153387531009713;43;9;187;1.7980769230769231;22.163899924999782
912167;807;True;147;8216025965;9007.151064443244;84;5;5;13.136850060577103;84;7;253;1.7210884353741496;20.01051239399007
1723519;127;True;207;15523957313;9007.128620572214;84;111;111;13.136850060577103;84;9;349;1.6859903381642511;20.912762350720698
637949;1021;True;64;5734125917;8988.376683716097;31;1;1;13.13383752235584;31;12;121;1.890625;19.56239995384601
2113535;1023;True;85;18997161173;8988.335264379346;31;39;39;13.13383752235584;31;13;156;1.8352941176470587;21.278187438701735
3378047;895;True;195;30079718549;8904.470112168363;125;34;34;13.120312590144522;125;10;331;1.6974358974358974;21.932312359374578
4750903;567;True;124;42216015293;8885.892911936951;72;3;3;13.117300051923237;72;10;219;1.7661290322580645;22.46464991057664
1995647;895;True;162;17494428437;8766.294057516185;60;78;78;13.097750043269372;60;9;278;1.7160493827160495;21.236074883172705
924907;235;True;123;7998895637;8648.324249897558;48;3;3;13.078200034615492;48;11;215;1.7479674796747968;20.0496124112978
3732009;553;True;111;32275538477;8648.301351095348;48;1;1;13.078200034615492;48;10;198;1.7837837837837838;22.06916241995168
4554855;103;True;109;39391746821;8648.298753966921;48;70;70;13.078200034615492;48;9;195;1.7889908256880733;22.239087421393975
960963;451;True;152;8216025965;8549.783878255459;89;2;2;13.061662564182882;89;7;261;1.7171052631578947;20.085699890384262
3518207;767;True;159;30079718549;8549.7296063023;89;104;104;13.061662564182882;89;9;274;1.7232704402515724;21.99096238533619
2226603;427;True;90;18997161173;8531.90316055444;36;3;3;13.058650025961619;36;14;164;1.8222222222222222;21.353374935095957
4550939;283;True;119;38828142341;8531.896898859774;36;82;82;13.058650025961619;36;16;211;1.773109243697479;22.389462414182418
2938879;1023;True;115;25074208145;8531.895374052487;36;47;47;13.058650025961619;36;12;204;1.7739130434782608;21.729312417067064
4395675;667;True;102;37503439181;8531.895370108117;36;54;54;13.058650025961619;36;15;184;1.803921568627451;22.333824926442077
3558763;363;True;200;30079718549;8452.296078440739;130;3;3;13.0451250937503;130;10;339;1.695;22.0074998557688
974079;255;True;140;8216025965;8434.660807798957;77;92;92;13.042112555529016;77;7;242;1.7285714285714286;20.105249899038142
1835007;1023;True;123;15445365281;8417.060687506913;24;73;73;13.039100017307746;24;17;216;1.7560975609756098;21.0496124112978
2102407;135;True;167;17494428437;8321.142593703313;65;4;4;13.02256254687515;65;9;286;1.7125748502994012;21.311262379566926
3706423;567;True;164;30079718549;8115.565478899737;94;3;3;12.98647506778866;94;10;282;1.7195121951219512;22.066149881730382
1004883;339;True;121;8138196845;8098.651131524764;41;2;2;12.983462529567404;41;12;212;1.7520661157024793;20.219537412740124
4863999;1023;True;102;39391746821;8098.633823937875;41;63;63;12.983462529567404;41;10;184;1.803921568627451;22.333824926442077
1026187;139;True;145;8216025965;8006.363328516148;82;3;3;12.966925059134809;82;7;250;1.7241379310344827;20.180437395432364
717695;895;True;62;5734125917;7989.641723852054;29;41;41;12.963912520913524;29;12;118;1.903225806451613;19.73232495528832
2377727;1023;True;83;18997161173;7989.630926090337;29;37;37;12.963912520913524;29;10;153;1.8433734939759037;21.448112440144058
4859817;937;True;112;38828142341;7989.630543907312;29;1;1;12.963912520913524;29;16;200;1.7857142857142858;22.48419991923052
3800303;239;True;193;30079718549;7915.0842838057915;123;32;32;12.950387588702199;123;10;328;1.6994818652849741;22.1022373608169
1991615;959;True;152;15730912385;7898.570951212961;70;117;117;12.947375050480929;70;5;262;1.7236842105263157;21.085699890384262
2245103;495;True;160;17494428437;7792.260950611175;58;76;76;12.927825041827049;58;9;275;1.71875;21.405999884615028
3563611;91;True;106;27768579569;7792.258910694798;58;78;78;12.927825041827049;58;9;190;1.7924528301886793;21.99397492355746
1040521;137;True;121;7998895637;7687.394715724142;46;1;1;12.908275033173183;46;11;212;1.7520661157024793;20.219537412740124
4198511;111;True;109;32275538477;7687.377376646149;46;72;72;12.908275033173183;46;10;195;1.7889908256880733;22.239087421393975
2989823;767;True;197;22983893981;7687.376135978619;46;95;95;12.908275033173183;46;9;334;1.6954314720812182;21.762387357932255
1081085;765;True;150;8216025965;7599.796468362802;87;1;1;12.891737562740587;87;7;258;1.72;20.255624891826585
756087;375;True;67;5734125917;7583.949885396786;34;3;3;12.888725024519303;34;12;126;1.8805970149253732;19.80751245168254
2504929;225;True;88;18997161173;7583.912028245112;34;1;1;12.888725024519303;34;14;161;1.8295454545454546;21.52329993653825
2268927;767;True;90;17207332949;7583.907701305507;34;43;43;12.888725024519303;34;7;164;1.8222222222222222;21.353374935095957
3609243;667;True;140;27372165569;7583.907641851768;34;76;76;12.888725024519303;34;12;244;1.7428571428571429;22.105249899038142
3306239;767;True;113;25074208145;7583.90671243065;34;45;45;12.888725024519303;34;12;201;1.7787610619469028;21.899237418509358
4945135;239;True;100;37503439181;7583.906037145599;34;51;51;12.888725024519303;34;15;181;1.81;22.5037499278844
4003609;793;True;198;30079718549;7513.150896853314;128;1;1;12.875200092307978;128;10;336;1.696969696969697;22.177424857211122
1095839;159;True;138;8216025965;7497.475418378065;75;90;90;12.872187554086707;75;7;239;1.7318840579710144;20.275174900480465
2365209;793;True;165;17494428437;7396.567676260322;63;1;1;12.852637545432827;63;9;283;1.715151515151515;21.48118738100925
113383;743;True;89;827370449;7297.129631426228;51;69;69;12.833087536778962;51;7;158;1.7752808988764044;16.938337435817118
1096185;505;True;126;7998895637;7297.030735687863;51;1;1;12.833087536778962;51;11;220;1.746031746031746;20.294724909134345
917161;681;True;140;6692535845;7297.013114382316;51;1;1;12.833087536778962;51;7;242;1.7285714285714286;20.105249899038142
3224667;91;True;89;23530407821;7297.003945213568;51;55;55;12.833087536778962;51;9;163;1.8314606741573034;21.938337435817118
1138921;233;True;155;8216025965;7213.868183131227;92;1;1;12.816550066346366;92;7;266;1.7161290322580645;20.330812388220806
4169725;1021;True;162;30079718549;7213.8374950386415;92;1;1;12.816550066346366;92;9;279;1.7222222222222223;22.236074883172705
1130495;1023;True;119;8138196845;7198.79065807456;39;94;94;12.813537528125089;39;13;209;1.7563025210084033;20.389462414182418
3483115;491;True;118;25074208145;7198.788482435981;39;3;3;12.813537528125089;39;12;209;1.771186440677966;21.97442491490358
4761023;447;True;95;34273584341;7198.785710760061;39;45;45;12.813537528125089;39;13;173;1.8210526315789475;22.428562431490178
4923135;767;True;170;35440593461;7198.785623591471;39;61;61;12.813537528125089;39;7;292;1.7176470588235293;22.55637487740347
1154461;413;True;143;8216025965;7116.76355026285;80;1;1;12.797000057692486;80;7;247;1.7272727272727273;20.350362396874687
807407;495;True;60;5734125917;7101.902655042624;27;39;39;12.793987519471216;27;12;115;1.9166666666666667;19.90224995673063
2174823;871;True;126;15445365281;7101.895317917826;27;75;75;12.793987519471216;27;18;221;1.753968253968254;21.294724909134345
2504863;159;True;88;17789272325;7101.894325158702;27;34;34;12.793987519471216;27;8;161;1.8295454545454546;21.52329993653825
1357855;31;True;134;9533450789;7020.963791421028;68;83;83;12.777450049038606;68;7;233;1.7388059701492538;20.615024903365082
4009063;103;True;104;27768579569;6926.451285250444;56;75;75;12.75790004038474;56;9;187;1.7980769230769231;22.163899924999782
1199847;743;True;160;8216025965;6847.561368241118;97;9;9;12.741362569952145;97;7;274;1.7125;20.405999884615028
1190971;59;True;124;8138196845;6833.245179773479;44;4;4;12.738350031730874;44;13;217;1.75;20.46464991057664
1170587;155;True;119;7998895637;6833.234639544092;44;63;63;12.738350031730874;44;11;209;1.7563025210084033;20.389462414182418
1216223;735;True;148;8216025965;6755.361446872818;85;6;6;12.721812561298265;85;7;255;1.722972972972973;20.425549893268908
2298025;169;True;208;15523957313;6755.347445306295;85;1;1;12.721812561298265;85;9;351;1.6875;21.327799849999565
4928623;111;True;170;33294549221;6755.34509760637;85;109;109;12.721812561298265;85;8;292;1.7176470588235293;22.55637487740347
77671;871;True;83;523608245;6741.360932651826;32;66;66;12.718800023076994;32;16;148;1.783132530120482;16.448112440144058
138367;127;True;56;932774453;6741.3071975254215;32;37;37;12.718800023076994;32;10;106;1.8928571428571428;17.24209995961526
850597;677;True;65;5734125917;6741.295721710751;32;1;1;12.718800023076994;32;12;123;1.8923076923076922;19.97743745312485
420351;511;True;86;2833697357;6741.264697835856;32;47;47;12.718800023076994;32;8;155;1.802325581395349;18.693224937980574
2818045;1021;True;86;18997161173;6741.255435239678;32;1;1;12.718800023076994;32;12;158;1.8372093023255813;21.693224937980574
3454191;239;True;125;23285566961;6741.250544917753;32;69;69;12.718800023076994;32;8;220;1.76;21.879687409855478
4060399;239;True;138;27372165569;6741.250199549355;32;74;74;12.718800023076994;32;12;241;1.7463768115942029;22.275174900480465
4504061;509;True;196;30079718549;6678.355055360041;126;1;1;12.705275090865655;126;10;333;1.6989795918367347;22.347349858653388
4995867;795;True;158;33294549221;6664.418652658287;73;97;97;12.702262552644399;73;8;273;1.7278481012658229;22.57592488605735
1450015;31;True;127;9533450789;6574.725633183105;61;76;76;12.682712543990519;61;7;222;1.7480314960629921;20.709762408413184
2660861;509;True;163;17494428437;6574.724661303239;61;1;1;12.682712543990519;61;9;280;1.7177914110429449;21.651112382451572
1233209;313;True;124;7998895637;6486.24494063861;49;1;1;12.663162535336653;49;11;217;1.75;20.46464991057664
1031807;639;True;138;6692535845;6486.228378950715;49;91;91;12.663162535336653;49;7;239;1.7318840579710144;20.275174900480465
1469799;359;True;115;9533450789;6486.227565129654;49;64;64;12.663162535336653;49;7;203;1.7652173913043478;20.729312417067064
3627751;743;True;87;23530407821;6486.224611611988;49;53;53;12.663162535336653;49;9;160;1.839080459770115;22.108262437259413
1281283;259;True;153;8216025965;6412.342913314233;90;2;2;12.646625064904043;90;7;263;1.7189542483660132;20.50073738966313
1281287;263;True;153;8216025965;6412.322894870548;90;4;4;12.646625064904043;90;7;263;1.7189542483660132;20.50073738966313
4690943;1023;True;160;30079718549;6412.296749075826;90;105;105;12.646625064904043;90;9;276;1.725;22.405999884615028
656415;31;True;105;4200355277;6398.932500019043;37;47;47;12.643612526682773;37;6;186;1.7714285714285714;19.57893742427862
1271807;1023;True;117;8138196845;6398.924400479003;37;82;82;12.643612526682773;37;10;206;1.7606837606837606;20.55938741562474
3918505;681;True;116;25074208145;6398.922074872942;37;1;1;12.643612526682773;37;12;206;1.7758620689655173;22.144349916345902
4557983;159;True;95;29166172625;6398.920887813754;37;50;50;12.643612526682773;37;9;173;1.8210526315789475;22.428562431490178
4745017;825;True;201;30079718549;6339.222504155412;131;1;1;12.630087594471433;131;10;341;1.6965174129353233;22.42253735504761
1298771;339;True;141;8216025965;6326.00047660442;78;2;2;12.627075056250177;78;7;244;1.7304964539007093;20.52028739831698
1691807;159;True;154;10702358765;6325.992719618727;78;112;112;12.627075056250177;78;7;265;1.7207792207792207;20.915774888941968
4809759;31;True;189;30079718549;6253.89308466391;119;28;28;12.610537585817582;119;10;322;1.7037037037037037;22.44208736370149
2803209;521;True;168;17494428437;6240.857687386135;66;1;1;12.607525047596297;66;9;288;1.7142857142857142;21.726299878845794
134379;235;True;92;827370449;6156.9921565125505;54;3;3;12.587975038942432;54;7;163;1.7717391304347827;17.183449933653634
3755039;31;True;152;23119199981;6156.846834613435;54;91;91;12.587975038942432;54;8;263;1.730263157894737;22.085699890384262
4941897;73;True;165;30079718549;6086.674519723903;95;1;1;12.571437568509822;95;10;284;1.7212121212121212;22.48118738100925
1339843;451;True;122;8138196845;6073.992882001847;42;2;2;12.568425030288552;42;13;214;1.7540983606557377;20.634574912018962
1316911;47;True;117;7998895637;6073.983463574988;42;61;61;12.568425030288552;42;11;206;1.7606837606837606;20.55938741562474
2884699;91;True;175;17521602389;6073.979430436243;42;56;56;12.568425030288552;42;10;299;1.7085714285714286;21.631562373797692
2479519;415;True;117;15060541697;6073.97712903188;42;68;68;12.568425030288552;42;9;207;1.7692307692307692;21.55938741562474
1368249;185;True;146;8216025965;6004.773959272033;83;1;1;12.551887559855942;83;7;252;1.726027397260274;20.595474894711202
1368251;187;True;146;8216025965;6004.765181973191;83;4;4;12.551887559855942;83;7;252;1.726027397260274;20.595474894711202
2585279;703;True;206;15523957313;6004.751252379337;83;104;104;12.551887559855942;83;9;348;1.6893203883495145;21.49772485144183
956925;509;True;63;5734125917;5992.241729498132;30;1;1;12.548875021634686;30;12;120;1.9047619047619047;20.147362454567173
3170303;1023;True;84;18997161173;5992.222564530898;30;34;34;12.548875021634686;30;12;155;1.8452380952380953;21.863149939422897
2655487;255;True;153;15730912385;5923.927469801208;71;118;118;12.532337551202076;71;7;264;1.7254901960784315;21.50073738966313
1395183;495;True;115;8153728541;5844.200037557797;59;91;91;12.51278754254821;59;8;203;1.7652173913043478;20.729312417067064
2993471;319;True;161;17494428437;5844.195062187006;59;77;77;12.51278754254821;59;9;277;1.720496894409938;21.821037383893866
4751481;121;True;107;27768579569;5844.194593012157;59;1;1;12.51278754254821;59;9;192;1.794392523364486;22.409012422836298
1027431;359;True;138;5936080241;5777.595031685826;100;115;115;12.4962500721156;100;6;239;1.7318840579710144;20.275174900480465
1387361;865;True;122;7998895637;5765.547422048046;47;1;1;12.49323753389433;47;11;214;1.7540983606557377;20.634574912018962
2612167;967;True;122;15060541697;5765.535548454597;47;5;5;12.49323753389433;47;9;215;1.7622950819672132;21.634574912018962
4121215;639;True;121;23760995861;5765.531732996216;47;63;63;12.49323753389433;47;11;214;1.7685950413223142;22.219537412740124
3986431;1023;True;198;22983893981;5765.5316198875635;47;94;94;12.49323753389433;47;9;336;1.696969696969697;22.177424857211122
1441445;677;True;151;8216025965;5699.853941704331;88;1;1;12.476700063461749;88;7;260;1.7218543046357615;20.670662391105424
1441447;679;True;151;8216025965;5699.846033187485;88;8;8;12.476700063461749;88;7;260;1.7218543046357615;20.670662391105424
1008115;499;True;68;5734125917;5687.9680562237445;35;2;2;12.473687525240464;35;12;128;1.8823529411764706;20.222549950961394
3339905;641;True;89;18997161173;5687.9345888580665;35;1;1;12.473687525240464;35;14;163;1.8314606741573034;21.938337435817118
4734255;303;True;83;26928115469;5687.930935067925;35;51;51;12.473687525240464;35;14;154;1.855421686746988;22.448112440144058
4408319;1023;True;114;25074208145;5687.929604232361;35;46;46;12.473687525240464;35;12;203;1.780701754385965;22.314274917788197
1461119;895;True;139;8216025965;5623.105280952475;76;91;91;12.457150054807869;76;6;241;1.7338129496402879;20.690212399759304
2752511;1023;True;122;15445365281;5611.372772352227;23;63;63;12.454137516586592;23;16;215;1.7622950819672132;21.634574912018962
3153611;715;True;166;17494428437;5547.427516266273;64;3;3;12.437600046153989;64;9;285;1.716867469879518;21.896224880288116
151177;649;True;90;827370449;5472.85929076513;52;1;1;12.418050037500109;52;7;160;1.7777777777777777;17.353374935095957
1222881;225;True;141;6692535845;5472.76132755354;52;1;1;12.418050037500109;52;7;244;1.7304964539007093;20.52028739831698
2138439;327;True;102;11703159125;5472.75799075868;52;61;61;12.418050037500109;52;8;183;1.7941176470588236;21.333824926442077
3663295;447;True;111;20048305409;5472.7521013186215;52;84;84;12.418050037500109;52;8;198;1.7837837837837838;22.06916241995168
1518561;993;True;156;8216025965;5410.402324964226;93;1;1;12.401512567067527;93;7;268;1.7179487179487178;20.745849887499645
1507325;1021;True;120;8138196845;5399.098963395419;40;1;1;12.398500028846243;40;12;211;1.7583333333333333;20.804499913461257
829087;671;True;67;4476320981;5399.096814930158;40;51;51;12.398500028846243;40;7;126;1.8805970149253732;19.80751245168254
3245287;231;True;173;17521602389;5399.091787259494;40;54;54;12.398500028846243;40;10;296;1.7109826589595376;21.801487375240015
4644153;313;True;119;25074208145;5399.091749345898;40;1;1;12.398500028846243;40;12;211;1.773109243697479;22.389462414182418
4439199;159;True;90;23967634805;5399.089972087307;40;53;53;12.398500028846243;40;11;165;1.8333333333333333;22.353374935095957
4187583;447;True;97;22609135469;5399.089515121253;40;55;55;12.398500028846243;40;6;176;1.8144329896907216;22.258637430047855
1539281;209;True;144;8216025965;5337.5738185555465;81;1;1;12.381962558413647;81;7;249;1.7291666666666667;20.765399896153525
1539283;211;True;144;8216025965;5337.566883412602;81;2;2;12.381962558413647;81;7;249;1.7291666666666667;20.765399896153525
1076543;319;True;61;5734125917;5326.425342043932;28;40;40;12.37895002019237;28;12;117;1.9180327868852458;20.31728745600948
3339817;553;True;89;17789272325;5326.42127547707;28;1;1;12.37895002019237;28;8;163;1.8314606741573034;21.938337435817118
3566591;1023;True;82;18997161173;5326.419870683238;28;32;32;12.37895002019237;28;9;152;1.853658536585366;22.03307494086519
1810473;41;True;135;9533450789;5265.7238130587975;69;1;1;12.362412549759767;69;7;235;1.7407407407407407;21.03006240264392
2987423;415;True;151;15730912385;5265.7130861615515;69;116;116;12.362412549759767;69;5;261;1.728476821192053;21.670662391105424
1072575;447;True;138;5571859265;5194.843498123674;57;82;82;12.342862541105902;57;9;239;1.7318840579710144;20.275174900480465
3367655;743;True;159;17494428437;5194.83986245622;57;75;75;12.342862541105902;57;9;274;1.7232704402515724;21.99096238533619
2514687;767;True;105;13063393745;5194.838858673067;57;71;71;12.342862541105902;57;7;188;1.7904761904761906;21.57893742427862
161439;671;True;83;827370449;5124.972584072002;45;58;58;12.323312532452022;45;7;149;1.7951807228915662;17.448112440144058
1587961;761;True;125;8138196845;5124.93496061931;45;1;1;12.323312532452022;45;13;219;1.752;20.879687409855478
1560783;207;True;120;7998895637;5124.924885137781;45;63;63;12.323312532452022;45;11;211;1.7583333333333333;20.804499913461257
2548479;767;True;194;13060745957;5124.918022475366;45;98;98;12.323312532452022;45;8;329;1.6958762886597938;21.51727486009571
4484735;639;True;196;22983893981;5124.91685261225;45;92;92;12.323312532452022;45;9;333;1.6989795918367347;22.347349858653388
1621629;637;True;149;8216025965;5066.526292388703;86;1;1;12.306775062019426;86;7;257;1.7248322147651007;20.840587392547747
3064033;225;True;209;15523957313;5066.51113516075;86;1;1;12.306775062019426;86;9;353;1.6889952153110048;21.742837349278375
103561;137;True;84;523608245;5056.036973378009;33;1;1;12.303762523798149;33;16;150;1.7857142857142858;16.863149939422897
184489;169;True;57;932774453;5055.989533251305;33;1;1;12.303762523798149;33;10;108;1.894736842105263;17.6571374588941
1134129;561;True;66;5734125917;5055.973277290326;33;1;1;12.303762523798149;33;12;125;1.893939393939394;20.392474952403703
161535;767;True;100;816716357;5055.9715046274805;33;55;55;12.303762523798149;33;7;176;1.76;17.5037499278844
1134131;563;True;66;5734125917;5055.964361259855;33;2;2;12.303762523798149;33;12;125;1.893939393939394;20.392474952403703
459759;1007;True;75;2324522933;5055.959607098502;33;49;49;12.303762523798149;33;18;138;1.84;19.127812445913293
3757393;337;True;87;18997161173;5055.942024962521;33;1;1;12.303762523798149;33;12;160;1.839080459770115;22.108262437259413
3054895;303;True;132;15445365281;5055.939821499594;33;73;73;12.303762523798149;33;17;231;1.75;21.784949904807405
3757395;339;True;87;18997161173;5055.9393337671445;33;2;2;12.303762523798149;33;13;160;1.839080459770115;22.108262437259413
2314735;495;True;83;11703159125;5055.939070779161;33;42;42;12.303762523798149;33;8;153;1.8433734939759037;21.448112440144058
3403391;639;True;89;17207332949;5055.937724757455;33;42;42;12.303762523798149;33;6;163;1.8314606741573034;21.938337435817118
4959359;127;True;112;25074208145;5055.937298550075;33;44;44;12.303762523798149;33;12;200;1.7857142857142858;22.48419991923052
1643759;239;True;137;8216025965;4998.315425193109;74;89;89;12.287225053365546;74;7;238;1.7372262773722629;20.860137401201627
3147243;491;True;156;15730912385;4998.315155518656;74;3;3;12.287225053365546;74;7;269;1.7243589743589745;21.745849887499645
4194303;1023;True;109;20920706405;4987.886284085818;21;34;34;12.284212515144276;21;21;195;1.7889908256880733;22.239087421393975
3547813;677;True;164;17494428437;4931.045812448401;62;1;1;12.26767504471168;62;9;282;1.7195121951219512;22.066149881730382
1933353;41;True;128;9533450789;4931.045075058719;62;1;1;12.26767504471168;62;7;224;1.75;21.124799907692022
170075;91;True;88;827370449;4864.738785829781;50;63;63;12.2481250360578;50;7;157;1.7840909090909092;17.52329993653825
1644279;759;True;125;7998895637;4864.682719295205;50;3;3;12.2481250360578;50;11;219;1.752;20.879687409855478
1375743;511;True;139;6692535845;4864.6701055357;50;92;92;12.2481250360578;50;8;241;1.7338129496402879;20.690212399759304
4837001;649;True;88;23530407821;4864.6687939489775;50;1;1;12.2481250360578;50;9;162;1.8409090909090908;22.52329993653825
1708377;345;True;154;8216025965;4809.258123353335;91;1;1;12.231587565625205;91;7;265;1.7207792207792207;20.915774888941968
1708383;351;True;154;8216025965;4809.241232791476;91;5;5;12.231587565625205;91;7;265;1.7207792207792207;20.915774888941968
1965927;871;True;116;9434862341;4799.192615493861;38;59;59;12.228575027403934;38;7;205;1.7672413793103448;21.144349916345902
1695743;1023;True;118;8138196845;4799.192356978622;38;83;83;12.228575027403934;38;12;208;1.7627118644067796;20.97442491490358
3176895;447;True;149;15246526421;4799.191166532101;38;57;57;12.228575027403934;38;8;258;1.7315436241610738;21.840587392547747
1731693;109;True;142;8216025965;4744.504923794229;79;1;1;12.212037556971325;79;7;246;1.732394366197183;20.935324897595848
2255743;895;True;155;10702358765;4744.493838615481;79;113;113;12.212037556971325;79;7;267;1.7225806451612904;21.330812388220806
1211111;743;True;59;5734125917;4734.59981537613;26;38;38;12.209025018750054;26;12;114;1.9322033898305084;20.48721245745179
3262235;795;True;125;15445365281;4734.596152944224;26;66;66;12.209025018750054;26;18;220;1.76;21.879687409855478
3757295;239;True;87;17789272325;4734.595586718637;26;33;33;12.209025018750054;26;8;160;1.839080459770115;22.108262437259413
2036783;47;True;133;9533450789;4680.64137858574;67;82;82;12.192487548317459;67;7;232;1.744360902255639;21.199987404086244
1330623;447;True;90;6144335189;4617.63789518143;55;60;60;12.172937539663579;55;6;163;1.8111111111111111;20.353374935095957
3329263;239;True;113;15373321037;4617.634905082597;55;72;72;12.172937539663579;55;6;201;1.7787610619469028;21.899237418509358
1799771;603;True;159;8216025965;4565.039643932478;96;8;8;12.156400069230983;96;7;273;1.7169811320754718;20.99096238533619
1786457;601;True;123;8138196845;4555.495511506854;43;1;1;12.153387531009713;43;13;216;1.7560975609756098;21.0496124112978
1755881;745;True;118;7998895637;4555.488462486923;43;1;1;12.153387531009713;43;11;208;1.7627118644067796;20.97442491490358
1055871;127;True;102;4810006061;4555.486476094144;43;67;67;12.153387531009713;43;8;182;1.7843137254901962;20.333824926442077
3846265;121;True;176;17521602389;4555.484967624436;43;1;1;12.153387531009713;43;10;301;1.7102272727272727;22.046599873076502
3306025;553;True;118;15060541697;4555.483306085102;43;1;1;12.153387531009713;43;9;209;1.771186440677966;21.97442491490358
3708699;795;True;123;16894913165;4555.482438720424;43;91;91;12.153387531009713;43;9;217;1.7642276422764227;22.0496124112978
3884671;639;True;70;17696549357;4555.482139156701;43;55;55;12.153387531009713;43;6;133;1.9;22.05262494951907
3927679;639;True;169;17892470477;4555.481870336145;43;88;88;12.153387531009713;43;12;290;1.7159763313609468;22.141337378124604
1824335;591;True;147;8216025965;4503.5730636094795;84;5;5;12.136850060577103;84;7;254;1.727891156462585;21.01051239399007
3447039;255;True;207;15523957313;4503.563003783827;84;90;90;12.136850060577103;84;9;350;1.6908212560386473;21.912762350720698
116507;795;True;82;523608245;4494.2213343404255;31;65;65;12.13383752235584;31;16;147;1.7926829268292683;17.03307494086519
207551;703;True;55;932774453;4494.193971602161;31;36;36;12.13383752235584;31;10;105;1.9090909090909092;17.82706246033642
1275901;1021;True;64;5734125917;4494.1777747646565;31;1;1;12.13383752235584;31;12;122;1.90625;20.56239995384601
763675;795;True;115;3432088421;4494.1741198808395;31;52;52;12.13383752235584;31;9;202;1.7565217391304349;19.729312417067064
630527;767;True;85;2833697357;4494.172901398354;31;46;46;12.13383752235584;31;8;154;1.811764705882353;19.278187438701735
4227069;1021;True;85;18997161173;4494.168695377341;31;1;1;12.13383752235584;31;11;157;1.8470588235294119;22.278187438701735
2215071;159;True;102;9954900917;4494.167869562646;31;44;44;12.13383752235584;31;7;183;1.7941176470588236;21.333824926442077
3540649;681;True;154;15730912385;4442.946020630681;72;1;1;12.117300051923237;72;7;266;1.7272727272727273;21.915774888941968
2175023;47;True;126;9533450789;4383.149414511939;60;75;75;12.097750043269372;60;7;221;1.753968253968254;21.294724909134345
3991293;765;True;162;17494428437;4383.148126935306;60;1;1;12.097750043269372;60;9;279;1.7222222222222223;22.236074883172705
3632767;639;True;120;15922942865;4383.144546567396;60;99;99;12.097750043269372;60;8;212;1.7666666666666666;21.804499913461257
1896063;639;True;164;8216025965;4333.203044941018;101;16;16;12.081212572836762;101;7;281;1.7134146341463414;21.066149881730382
191335;871;True;86;827370449;4324.198128936159;48;61;61;12.078200034615492;48;7;154;1.7906976744186047;17.693224937980574
1882027;939;True;128;8138196845;4324.165830245794;48;3;3;12.078200034615492;48;13;224;1.75;21.124799907692022
1849815;471;True;123;7998895637;4324.159787330084;48;3;3;12.078200034615492;48;11;216;1.7560975609756098;21.0496124112978
1157191;71;True;107;5003875349;4324.156815080656;48;73;73;12.078200034615492;48;5;190;1.7757009345794392;20.409012422836298
2706463;31;True;98;11703159125;4324.152639441219;48;57;57;12.078200034615492;48;8;177;1.8061224489795917;21.673674929326694
3482889;265;True;123;15060541697;4324.152075188155;48;1;1;12.078200034615492;48;9;217;1.7642276422764227;22.0496124112978
1547711;447;True;137;6692535845;4324.150855683006;48;90;90;12.078200034615492;48;7;238;1.7372262773722629;20.860137401201627
2204699;27;True;114;9533450789;4324.1507294193;48;63;63;12.078200034615492;48;7;202;1.7719298245614035;21.314274917788197
1921925;901;True;152;8216025965;4274.894163403879;89;1;1;12.061662564182882;89;7;262;1.7236842105263157;21.085699890384262
1921929;905;True;152;8216025965;4274.885266313167;89;1;1;12.061662564182882;89;7;262;1.7236842105263157;21.085699890384262
1921931;907;True;152;8216025965;4274.8808177817;89;3;3;12.061662564182882;89;7;262;1.7236842105263157;21.085699890384262
1344153;665;True;69;5734125917;4265.977100077149;36;1;1;12.058650025961619;36;12;130;1.8840579710144927;20.637587450240233
984623;559;True;104;4200355277;4265.952833724176;36;46;46;12.058650025961619;36;6;185;1.7788461538461537;20.163899924999782
4453207;855;True;90;18997161173;4265.950622326786;36;3;3;12.058650025961619;36;14;165;1.8333333333333333;22.353374935095957
1907711;1023;True;116;8138196845;4265.948482238662;36;81;81;12.058650025961619;36;9;205;1.7672413793103448;21.144349916345902
1948157;509;True;140;8216025965;4217.332568679013;77;1;1;12.042112555529016;77;7;243;1.7357142857142858;21.105249899038142
2537711;239;True;153;10702358765;4217.327648814226;77;111;111;12.042112555529016;77;7;264;1.7254901960784315;21.50073738966313
1767583;159;True;89;7438927409;4208.530750182594;24;43;43;12.039100017307746;24;10;162;1.8202247191011236;20.938337435817118
3670015;1023;True;123;15445365281;4208.52919701963;24;63;63;12.039100017307746;24;18;217;1.7642276422764227;22.0496124112978
4204815;271;True;167;17494428437;4160.570307373809;65;4;4;12.02256254687515;65;9;287;1.718562874251497;22.311262379566926
201569;865;True;91;827370449;4104.651255897485;53;1;1;12.00301253822127;53;7;162;1.7802197802197801;17.768412434374795
204015;239;True;101;837397925;4104.589981128838;53;73;73;12.00301253822127;53;7;178;1.7623762376237624;17.918787427163238
2375847;167;True;148;9751819877;4104.565604182424;53;74;74;12.00301253822127;53;7;256;1.7297297297297298;21.425549893268908
4884393;937;True;112;20048305409;4104.564356103205;53;1;1;12.00301253822127;53;8;200;1.7857142857142858;22.48419991923052
2024743;295;True;157;8216025965;4057.811764258476;94;5;5;11.98647506778866;94;7;270;1.7197452229299364;21.160887386778484
2009765;677;True;121;8138196845;4049.32758058778;41;1;1;11.983462529567404;41;13;213;1.7603305785123966;21.219537412740124
1105449;553;True;68;4476320981;4049.3238322165926;41;1;1;11.983462529567404;41;7;128;1.8823529411764706;20.222549950961394
1975367;71;True;116;7998895637;4049.321284095563;41;59;59;11.983462529567404;41;11;205;1.7672413793103448;21.144349916345902
3692539;1019;True;152;14952269681;4049.3193656180747;41;63;63;11.983462529567404;41;11;263;1.730263157894737;22.085699890384262
4327049;649;True;174;17521602389;4049.3191523830674;41;1;1;11.983462529567404;41;10;298;1.7126436781609196;22.216524874518825
3699951;239;True;118;14982276725;4049.3176058277527;41;58;58;11.983462529567404;41;15;209;1.771186440677966;21.97442491490358
3719279;111;True;116;15060541697;4049.3175416525623;41;64;64;11.983462529567404;41;9;206;1.7758620689655173;22.144349916345902
4172287;511;True;121;16894913165;4049.3171167275887;41;89;89;11.983462529567404;41;9;214;1.7685950413223142;22.219537412740124
2052375;279;True;145;8216025965;4003.1797137462695;82;3;3;11.966925059134809;82;7;251;1.7310344827586206;21.180437395432364
2052377;281;True;145;8216025965;4003.1758127283633;82;1;1;11.966925059134809;82;7;251;1.7310344827586206;21.180437395432364
3877919;31;True;205;15523957313;4003.1669854372926;82;88;88;11.966925059134809;82;9;347;1.6926829268292682;22.08268735216302
131071;1023;True;80;523608245;3994.844359164117;29;63;63;11.963912520913524;29;16;144;1.8;17.202999942307514
581883;251;True;71;2324522933;3994.828742204189;29;45;45;11.963912520913524;29;18;132;1.8591549295774648;19.467662448797924
1435389;765;True;62;5734125917;3994.8236450188765;29;1;1;11.963912520913524;29;12;119;1.9193548387096775;20.73232495528832
859135;1023;True;113;3432088421;3994.818533757791;29;50;50;11.963912520913524;29;9;199;1.761061946902655;19.899237418509358
4453089;737;True;90;17789272325;3994.816255637379;29;1;1;11.963912520913524;29;8;165;1.8333333333333333;22.353374935095957
4431615;767;True;109;17703480689;3994.814686970777;29;53;53;11.963912520913524;29;10;195;1.7889908256880733;22.239087421393975
4755455;1023;True;83;18997161173;3994.814622996117;29;33;33;11.963912520913524;29;11;154;1.855421686746988;22.448112440144058
2080383;639;True;133;8216025965;3949.285283046439;70;85;85;11.947375050480929;70;6;232;1.744360902255639;21.199987404086244
3983231;895;True;152;15730912385;3949.2844841285882;70;111;111;11.947375050480929;70;6;263;1.730263157894737;22.085699890384262
2092775;743;True;114;8153728541;3896.132427518486;58;90;90;11.927825041827049;58;8;202;1.7719298245614035;21.314274917788197
1082215;871;True;114;4216452893;3896.132370185222;58;87;87;11.927825041827049;58;11;201;1.763157894736842;20.314274917788197
4490207;991;True;160;17494428437;3896.1296076105177;58;76;76;11.927825041827049;58;9;276;1.725;22.405999884615028
2707615;159;True;98;10549217573;3896.1290925777853;58;85;85;11.927825041827049;58;8;177;1.8061224489795917;21.673674929326694
1541147;27;True;137;5936080241;3851.7287714929207;99;114;114;11.911287571394439;99;6;238;1.7372262773722629;20.860137401201627
2117281;673;True;126;8138196845;3843.70182559613;46;1;1;11.908275033173183;46;13;221;1.753968253968254;21.294724909134345
626331;667;True;189;2407427729;3843.6988253814675;46;111;111;11.908275033173183;46;13;319;1.687830687830688;19.44208736370149
2081043;275;True;121;7998895637;3843.6955108568154;46;2;2;11.908275033173183;46;11;213;1.7603305785123966;21.219537412740124
3918251;427;True;121;15060541697;3843.6898751509284;46;3;3;11.908275033173183;46;9;214;1.7685950413223142;22.219537412740124
1562367;767;True;96;6005254049;3843.6897662329015;46;59;59;11.908275033173183;46;10;173;1.8020833333333333;20.843599930769017
3694363;795;True;77;14199981041;3843.688625346237;46;59;59;11.908275033173183;46;12;144;1.87012987012987;21.957887444470984
2480287;159;True;112;9533450789;3843.6885687019285;46;61;61;11.908275033173183;46;7;199;1.7767857142857142;21.48419991923052
4395495;487;True;126;16894913165;3843.688404832675;46;94;94;11.908275033173183;46;9;222;1.7619047619047619;22.294724909134345
2162171;507;True;150;8216025965;3799.8964767356515;87;6;6;11.891737562740587;87;7;259;1.7266666666666666;21.255624891826585
2162173;509;True;150;8216025965;3799.892961849029;87;1;1;11.891737562740587;87;7;259;1.7266666666666666;21.255624891826585
4085377;641;True;210;15523957313;3799.8836614099505;87;1;1;11.891737562740587;87;9;355;1.6904761904761905;22.157874848557242
138081;865;True;85;523608245;3792.03688414771;34;1;1;11.888725024519303;34;16;152;1.7882352941176471;17.278187438701735
245985;225;True;58;932774453;3791.9972884525478;34;1;1;11.888725024519303;34;10;110;1.896551724137931;18.07217495817295
1512173;749;True;67;5734125917;3791.9774503314106;34;1;1;11.888725024519303;34;12;127;1.8955223880597014;20.80751245168254
747291;795;True;88;2833697357;3791.9597011070655;34;49;49;11.888725024519303;34;9;159;1.8068181818181819;19.52329993653825
4073193;745;True;133;15445365281;3791.9551764426583;34;1;1;11.888725024519303;34;17;233;1.7518796992481203;22.199987404086244
3086313;1001;True;84;11703159125;3791.9547126296006;34;1;1;11.888725024519303;34;8;155;1.8452380952380953;21.863149939422897
2109439;1023;True;109;7998895637;3791.953992032953;34;52;52;11.888725024519303;34;11;194;1.7798165137614679;21.239087421393975
3176607;159;True;108;12045545957;3791.9534764608907;34;44;44;11.888725024519303;34;8;193;1.787037037037037;21.824049922115137
3088383;1023;True;132;11711004461;3791.9534141328973;34;46;46;11.888725024519303;34;12;231;1.75;21.784949904807405
4537855;511;True;90;17207332949;3791.9530150258215;34;43;43;11.888725024519303;34;8;165;1.8333333333333333;22.353374935095957
2191679;319;True;138;8216025965;3748.7359987479917;75;90;90;11.872187554086707;75;6;240;1.7391304347826086;21.275174900480465
419839;1023;True;55;1570585301;3740.9228323238194;22;39;39;11.869175015865437;22;11;106;1.9272727272727272;18.82706246033642
4128767;1023;True;121;15445365281;3740.9147285376;22;61;61;11.869175015865437;22;15;214;1.7685950413223142;22.219537412740124
4730417;561;True;165;17494428437;3698.284619939426;63;1;1;11.852637545432827;63;9;284;1.7212121212121212;22.48118738100925
1506607;303;True;144;5571859265;3698.2831388676677;63;88;88;11.852637545432827;63;9;249;1.7291666666666667;20.765399896153525
4730419;563;True;165;17494428437;3698.2830563212265;63;2;2;11.852637545432827;63;9;284;1.7212121212121212;22.48118738100925
3655839;159;True;123;13520309957;3698.2782767512463;63;70;70;11.852637545432827;63;8;217;1.7642276422764227;22.0496124112978
226767;463;True;89;827370449;3648.5487262255974;51;64;64;11.833087536778962;51;7;159;1.7865168539325842;17.938337435817118
2192371;1011;True;126;7998895637;3648.5137036569085;51;2;2;11.833087536778962;51;11;221;1.753968253968254;21.294724909134345
3207659;491;True;101;11703159125;3648.504758454686;51;3;3;11.833087536778962;51;8;182;1.801980198019802;21.918787427163238
1834323;339;True;140;6692535845;3648.5045681703823;51;2;2;11.833087536778962;51;7;243;1.7357142857142858;21.105249899038142
2234815;447;True;107;8153728541;3648.5026908267573;51;83;83;11.833087536778962;51;8;191;1.7850467289719627;21.409012422836298
2333823;127;True;160;8514957653;3648.5019013866945;51;57;57;11.833087536778962;51;8;275;1.71875;21.405999884615028
2277835;459;True;155;8216025965;3606.945176011432;92;3;3;11.816550066346366;92;7;267;1.7225806451612904;21.330812388220806
2277843;467;True;155;8216025965;3606.932508078915;92;2;2;11.816550066346366;92;7;267;1.7225806451612904;21.330812388220806
2260989;1021;True;119;8138196845;3599.3969209934235;39;1;1;11.813537528125089;39;11;210;1.7647058823529411;21.389462414182418
1243631;495;True;66;4476320981;3599.396429487525;39;50;50;11.813537528125089;39;7;125;1.893939393939394;20.392474952403703
4154107;763;True;150;14952269681;3599.3944501188826;39;61;61;11.813537528125089;39;11;260;1.7333333333333334;22.255624891826585
4867931;859;True;172;17521602389;3599.394155134902;39;53;53;11.813537528125089;39;10;295;1.7151162790697674;22.386449875961148
2308925;829;True;143;8216025965;3558.3771517047976;80;1;1;11.797000057692486;80;7;248;1.7342657342657342;21.350362396874687
3007657;169;True;156;10702358765;3558.3707733295387;80;1;1;11.797000057692486;80;7;269;1.7243589743589745;21.745849887499645
654619;283;True;69;2324522933;3550.9554916676725;27;43;43;11.793987519471216;27;18;129;1.8695652173913044;19.637587450240233
1579335;327;True;103;5608138589;3550.9493483016586;27;63;63;11.793987519471216;27;14;184;1.7864077669902914;20.748862425720915
1614815;991;True;60;5734125917;3550.949128537944;27;37;37;11.793987519471216;27;12;116;1.9333333333333333;20.90224995673063
2584191;639;True;81;9176325317;3550.9470147523925;27;51;51;11.793987519471216;27;9;150;1.8518518518518519;21.618037441586353
4349647;719;True;126;15445365281;3550.9468425828577;27;66;66;11.793987519471216;27;17;222;1.7619047619047619;22.294724909134345
4983483;699;True;170;17494428437;3510.4822143468737;68;4;4;11.777450049038606;68;9;292;1.7176470588235293;22.55637487740347
2715711;63;True;134;9533450789;3510.4806030538593;68;8;8;11.777450049038606;68;7;234;1.7462686567164178;21.615024903365082
4481135;111;True;150;15730912385;3510.4749990794744;68;109;109;11.777450049038606;68;5;260;1.7333333333333334;22.255624891826585
1608863;159;True;137;5571859265;3463.227922452067;56;81;81;11.75790004038474;56;9;238;1.7372262773722629;20.860137401201627
4439017;1001;True;114;15373321037;3463.226438871489;56;1;1;11.75790004038474;56;6;203;1.780701754385965;22.314274917788197
3772031;639;True;104;13063393745;3463.225446715576;56;70;70;11.75790004038474;56;6;187;1.7980769230769231;22.163899924999782
2399695;463;True;160;8216025965;3423.7792573639567;97;8;8;11.741362569952145;97;7;275;1.71875;21.405999884615028
1733791;159;True;135;5936080241;3423.7576737911318;97;112;112;11.741362569952145;97;6;235;1.7407407407407407;21.03006240264392
198079;447;True;101;676765205;3416.6428798610655;44;71;71;11.738350031730874;44;7;178;1.7623762376237624;17.918787427163238
242159;495;True;82;827370449;3416.641334825466;44;57;57;11.738350031730874;44;7;148;1.8048780487804879;18.03307494086519
2381943;119;True;124;8138196845;3416.621155502042;44;3;3;11.738350031730874;44;13;218;1.7580645161290323;21.46464991057664
704623;111;True;187;2407427729;3416.6181475767894;44;109;109;11.738350031730874;44;13;316;1.6898395721925135;19.612012365143812
2341175;311;True;119;7998895637;3416.615860411973;44;3;3;11.738350031730874;44;11;210;1.7647058823529411;21.389462414182418
2381947;123;True;124;8138196845;3416.615417975295;44;5;5;11.738350031730874;44;13;218;1.7580645161290323;21.46464991057664
1464571;251;True;103;5003875349;3416.6150695323067;44;63;63;11.738350031730874;44;5;184;1.7864077669902914;20.748862425720915
4408033;737;True;119;15060541697;3416.6127379264176;44;1;1;11.738350031730874;44;9;211;1.773109243697479;22.389462414182418
