classe_mod;count;avg_delta;avg_ratio;positive_ratio;negative_ratio;avg_v2;min_v2;max_v2;max_delta;min_delta;max_ratio;min_ratio
3;4883;0.4054872894602451;1.500035038569859;1.0;0.0;1.0;1;1;0.5108256237659905;0.40546517478588484;1.6666666666666667;1.5000001000165828
7;4883;0.4054752389634001;1.5000155339190167;1.0;0.0;1.0;1;1;0.45198512374305744;0.4054651747858298;1.5714285714285714;1.5000001000165026
11;4883;0.4054718252593596;1.5000102140084606;1.0;0.0;1.0;1;1;0.4353180712578455;0.40546517478577826;1.5454545454545454;1.5000001000164227
15;4883;0.40547021229413666;1.5000077310488085;1.0;0.0;1.0;1;1;0.4274440148269396;0.4054651747857232;1.5333333333333334;1.5000001000163428
19;4883;0.40546927246098396;1.5000062932838114;1.0;0.0;1.0;1;1;0.4228568508200339;0.4054651747856717;1.5263157894736843;1.5000001000162626
23;4883;0.40546865705341345;1.5000053553963213;1.0;0.0;1.0;1;1;0.41985384556026384;0.4054651747856184;1.5217391304347827;1.5000001000161827
27;4883;0.4054682227581978;1.5000046952200732;1.0;0.0;1.0;1;1;0.4177352006999788;0.4054651747855633;1.5185185185185186;1.5000001000161025
31;4883;0.40546789983970033;1.500004205255248;1.0;0.0;1.0;1;1;0.41616039722491216;0.40546517478551003;1.5161290322580645;1.5000001000160226
35;4883;0.40546765029194587;1.500003827144774;1.0;0.0;1.0;1;1;0.41494385206270845;0.40546517478545674;1.5142857142857142;1.5000001000159426
39;4883;0.4054674516353975;1.5000035264729337;1.0;0.0;1.0;1;1;0.4139757977760734;0.40546517478540345;1.5128205128205128;1.5000001000158625
43;4883;0.4054672897229655;1.5000032816298474;1.0;0.0;1.0;1;1;0.4131871542020744;0.40546517478535016;1.5116279069767442;1.5000001000157825
47;4883;0.40546715520668175;1.5000030783621856;1.0;0.0;1.0;1;1;0.412532275331257;0.40546517478529687;1.5106382978723405;1.5000001000157024
51;4883;0.40546704166177344;1.5000029068882264;1.0;0.0;1.0;1;1;0.4119797891293584;0.4054651747852436;1.5098039215686274;1.5000001000156225
55;4883;0.40546694452688403;1.500002760271847;1.0;0.0;1.0;1;1;0.4115074225641271;0.40546517478519206;1.509090909090909;1.5000001000155425
59;4883;0.40546686047415675;1.5000026334578933;1.0;0.0;1.0;1;1;0.41109892582641994;0.405465174785137;1.5084745762711864;1.5000001000154624
63;4883;0.405466787018682;1.5000025226750422;1.0;0.0;1.0;1;1;0.4107421652090082;0.4054651747850837;1.507936507936508;1.5000001000153824
67;4883;0.4054667222674927;1.5000024250525839;1.0;0.0;1.0;1;1;0.41042789745029395;0.4054651747850304;1.507462686567164;1.5000001000153023
71;4883;0.4054666647532044;1.5000023383667278;1.0;0.0;1.0;1;1;0.4101489574205903;0.40546517478497535;1.5070422535211268;1.5000001000152223
75;4883;0.40546661332078393;1.5000022608680845;1.0;0.0;1.0;1;1;0.4098997051760307;0.40546517478492383;1.5066666666666666;1.5000001000151424
79;4883;0.405466567048628;1.5000021911615633;1.0;0.0;1.0;1;1;0.4096756406445081;0.40546517478487054;1.5063291139240507;1.5000001000150622
83;4883;0.4054665251924427;1.5000021281209985;1.0;0.0;1.0;1;1;0.40947312950570325;0.4054651747848155;1.5060240963855422;1.5000001000149823
87;4883;0.40546648714454236;1.50000207082733;1.0;0.0;1.0;1;1;0.4092892045465675;0.40546517478476396;1.5057471264367817;1.5000001000149021
91;4883;0.4054664524038921;1.500002018523099;1.0;0.0;1.0;1;1;0.4091214193112753;0.40546517478471067;1.5054945054945055;1.5000001000148222
95;4883;0.40546642055369636;1.500001970578397;1.0;0.0;1.0;1;1;0.4089677386593662;0.4054651747846574;1.5052631578947369;1.5000001000147423
99;4883;0.40546639124440054;1.5000019264651234;1.0;0.0;1.0;1;1;0.4088264558108694;0.4054651747846041;1.505050505050505;1.500000100014662
103;4883;0.405466364180656;1.5000018857372095;1.0;0.0;1.0;1;1;0.4086961286896109;0.4054651747845508;1.5048543689320388;1.5000001000145822
107;4883;0.40546633911121915;1.5000018480152895;1.0;0.0;1.0;1;1;0.40857553052255735;0.4054651747844975;1.5046728971962617;1.500000100014502
111;4883;0.4054663158209914;1.50000181297466;1.0;0.0;1.0;1;1;0.40846361110442153;0.4054651747844442;1.5045045045045045;1.500000100014422
115;4883;0.4054662941247659;1.5000017803358017;1.0;0.0;1.0;1;1;0.4083594661345291;0.4054651747843909;1.5043478260869565;1.5000001000143421
119;4883;0.4054662738621925;1.500001749856778;1.0;0.0;1.0;1;1;0.4082623127292253;0.40546517478433586;1.504201680672269;1.500000100014262
123;4883;0.40546625489375876;1.5000017213271168;1.0;0.0;1.0;1;1;0.40817146970590734;0.40546517478428257;1.5040650406504066;1.500000100014182
127;4883;0.4054662370974963;1.5000016945628565;1.0;0.0;1.0;1;1;0.4080863415880387;0.40546517478423105;1.5039370078740157;1.500000100014102
131;4883;0.40546622036631413;1.5000016694025087;1.0;0.0;1.0;1;1;0.4080064055368373;0.40546517478417776;1.5038167938931297;1.500000100014022
135;4883;0.40546620460579813;1.5000016457037106;1.0;0.0;1.0;1;1;0.4079312006033575;0.40546517478412447;1.5037037037037038;1.500000100013942
139;4883;0.4054661897323883;1.5000016233404905;1.0;0.0;1.0;1;1;0.40786031883411944;0.4054651747840694;1.5035971223021583;1.5000001000138619
143;4883;0.40546617567185683;1.5000016022009803;1.0;0.0;1.0;1;1;0.4077933978677555;0.4054651747840161;1.5034965034965035;1.500000100013782
147;4883;0.40546616235804694;1.5000015821854704;1.0;0.0;1.0;1;1;0.40773011473901644;0.4054651747839628;1.5034013605442176;1.500000100013702
151;4883;0.40546614973180717;1.5000015632048032;1.0;0.0;1.0;1;1;0.40767018066647864;0.40546517478390953;1.5033112582781456;1.5000001000136218
155;4883;0.4054661377400785;1.5000015451790512;1.0;0.0;1.0;1;1;0.4076133366464534;0.40546517478385624;1.5032258064516129;1.500000100013542
159;4883;0.40546612633513013;1.5000015280363135;1.0;0.0;1.0;1;1;0.4075593497112795;0.4054651747838047;1.5031446540880504;1.5000001000134617
163;4883;0.4054661154739228;1.500001511711739;1.0;0.0;1.0;1;1;0.4075080097379651;0.40546517478374966;1.5030674846625767;1.5000001000133818
167;4883;0.40546610511752923;1.5000014961467032;1.0;0.0;1.0;1;1;0.40745912671502804;0.40546517478369637;1.5029940119760479;1.5000001000133019
171;4883;0.4054660952306521;1.5000014812880562;1.0;0.0;1.0;1;1;0.4074125283925598;0.4054651747836431;1.5029239766081872;1.5000001000132217
175;4883;0.4054660857812301;1.5000014670874993;1.0;0.0;1.0;1;1;0.40736805825425026;0.4054651747835898;1.502857142857143;1.5000001000131418
179;4883;0.40546607674005763;1.5000014535010524;1.0;0.0;1.0;1;1;0.40732557376108414;0.4054651747835365;1.5027932960893855;1.5000001000130616
183;4883;0.4054660680804755;1.5000014404885962;1.0;0.0;1.0;1;1;0.4072849448251503;0.4054651747834832;1.5027322404371584;1.5000001000129817
187;4883;0.40546605977811156;1.500001428013419;1.0;0.0;1.0;1;1;0.40724605247915857;0.4054651747834299;1.5026737967914439;1.5000001000129017
191;4883;0.40546605181062306;1.5000014160418995;1.0;0.0;1.0;1;1;0.4072087877129915;0.4054651747833766;1.5026178010471205;1.5000001000128216
195;4883;0.40546604415750387;1.50000140454316;1.0;0.0;1.0;1;1;0.40717305045332086;0.40546517478332333;1.5025641025641026;1.5000001000127416
199;4883;0.4054660367998945;1.5000013934888219;1.0;0.0;1.0;1;1;0.4071387486661946;0.40546517478327004;1.5025125628140703;1.5000001000126617
203;4883;0.4054660297204166;1.5000013828527226;1.0;0.0;1.0;1;1;0.4071057975656247;0.40546517478321675;1.5024630541871922;1.5000001000125815
207;4883;0.40546602290303446;1.5000013726107342;1.0;0.0;1.0;1;1;0.40707411891386514;0.40546517478316346;1.502415458937198;1.5000001000125016
211;4883;0.4054660163329278;1.500001362740544;1.0;0.0;1.0;1;1;0.40704364040121366;0.4054651747831084;1.5023696682464456;1.5000001000124215
215;4883;0.40546600999637716;1.5000013532215157;1.0;0.0;1.0;1;1;0.407014295094994;0.4054651747830569;1.5023255813953489;1.5000001000123415
219;4883;0.40546600388066095;1.5000013440345061;1.0;0.0;1.0;1;1;0.40698602094887093;0.4054651747830018;1.5022831050228311;1.5000001000122616
223;4883;0.40546599797397165;1.5000013351617538;1.0;0.0;1.0;1;1;0.4069587603649474;0.4054651747829503;1.5022421524663676;1.5000001000121814
227;4883;0.405465992265335;1.500001326586733;1.0;0.0;1.0;1;1;0.406932459802114;0.405465174782897;1.502202643171806;1.5000001000121015
231;4883;0.40546598674452955;1.5000013182940837;1.0;0.0;1.0;1;1;0.40690706942506605;0.40546517478284194;1.5021645021645023;1.5000001000120216
235;4883;0.4054659814020342;1.5000013102694751;1.0;0.0;1.0;1;1;0.4068825427891376;0.4054651747827904;1.5021276595744681;1.5000001000119414
239;4883;0.40546597622896074;1.500001302499532;1.0;0.0;1.0;1;1;0.4068588365567676;0.40546517478273714;1.502092050209205;1.5000001000118615
243;4883;0.40546597121700495;1.5000012949717703;1.0;0.0;1.0;1;1;0.4068359102419432;0.40546517478268207;1.5020576131687242;1.5000001000117813
247;4883;0.40546596635840537;1.5000012876745157;1.0;0.0;1.0;1;1;0.40681372597945753;0.4054651747826288;1.5020242914979758;1.5000001000117014
251;4883;0.40546596164588516;1.5000012805968195;1.0;0.0;1.0;1;1;0.4067922483162274;0.4054651747825755;1.50199203187251;1.5000001000116214
255;4883;0.40546595707262945;1.500001273728423;1.0;0.0;1.0;1;1;0.4067714440222199;0.405465174782524;1.5019607843137255;1.5000001000115413
259;4883;0.4054659526322432;1.5000012670597287;1.0;0.0;1.0;1;1;0.4067512819189085;0.4054651747824707;1.501930501930502;1.5000001000114613
263;4883;0.4054659483187185;1.5000012605816877;1.0;0.0;1.0;1;1;0.4067317327233573;0.4054651747824156;1.5019011406844107;1.5000001000113814
267;4883;0.4054659441264032;1.5000012542858034;1.0;0.0;1.0;1;1;0.4067127689063197;0.4054651747823641;1.5018726591760299;1.5000001000113012
271;4883;0.40546594004998665;1.5000012481640916;1.0;0.0;1.0;1;1;0.40669436456289354;0.4054651747823108;1.5018450184501846;1.5000001000112213
275;4883;0.4054659360844567;1.5000012422090105;1.0;0.0;1.0;1;1;0.4066764952944615;0.40546517478225574;1.5018181818181817;1.5000001000111411
279;4883;0.405465932225097;1.5000012364134716;1.0;0.0;1.0;1;1;0.40665913810077203;0.40546517478220245;1.5017921146953406;1.5000001000110612
283;4883;0.4054659284674491;1.500001230770773;1.0;0.0;1.0;1;1;0.40664227128117947;0.40546517478214916;1.5017667844522968;1.5000001000109813
287;4883;0.40546592480730764;1.5000012252745898;1.0;0.0;1.0;1;1;0.406625874344126;0.40546517478209587;1.5017421602787457;1.5000001000109011
291;4883;0.40546592124069847;1.5000012199189454;1.0;0.0;1.0;1;1;0.4066099279240971;0.4054651747820426;1.5017182130584192;1.5000001000108212
295;4883;0.40546591776385627;1.5000012146981876;1.0;0.0;1.0;1;1;0.40659441370531546;0.40546517478199107;1.5016949152542374;1.5000001000107412
299;4883;0.40546591437322504;1.500001209606954;1.0;0.0;1.0;1;1;0.4065793143515677;0.405465174781936;1.5016722408026757;1.500000100010661
303;4883;0.40546591106543123;1.500001204640184;1.0;0.0;1.0;1;1;0.40656461344158146;0.4054651747818827;1.5016501650165017;1.5000001000105811
307;4883;0.40546590783727504;1.5000011997930642;1.0;0.0;1.0;1;1;0.40655029540945176;0.4054651747818294;1.501628664495114;1.500000100010501
311;4883;0.40546590468572485;1.5000011950610463;1.0;0.0;1.0;1;1;0.40653634548966355;0.4054651747817761;1.5016077170418007;1.500000100010421
315;4883;0.40546590160790147;1.5000011904397845;1.0;0.0;1.0;1;1;0.40652274966629953;0.40546517478172284;1.5015873015873016;1.5000001000103411
319;4883;0.40546589860106763;1.500001185925179;1.0;0.0;1.0;1;1;0.40650949462607056;0.40546517478166955;1.5015673981191222;1.500000100010261
323;4883;0.40546589566262187;1.5000011815133074;1.0;0.0;1.0;1;1;0.4064965677148269;0.40546517478161626;1.501547987616099;1.500000100010181
327;4883;0.40546589279009376;1.5000011772004689;1.0;0.0;1.0;1;1;0.4064839568972669;0.4054651747815612;1.5015290519877675;1.500000100010101
331;4883;0.40546588998112565;1.5000011729831184;1.0;0.0;1.0;1;1;0.40647165071956604;0.4054651747815097;1.501510574018127;1.500000100010021
335;4883;0.4054658872334736;1.5000011688578714;1.0;0.0;1.0;1;1;0.406459638274673;0.4054651747814564;1.501492537313433;1.500000100009941
339;4883;0.40546588454500393;1.5000011648215328;1.0;0.0;1.0;1;1;0.40644790917007256;0.4054651747814031;1.5014749262536873;1.500000100009861
343;4883;0.40546588191367744;1.5000011608710304;1.0;0.0;1.0;1;1;0.4064364534977969;0.4054651747813498;1.501457725947522;1.500000100009781
347;4883;0.4054658793375482;1.500001157003444;1.0;0.0;1.0;1;1;0.4064252618065076;0.4054651747812965;1.5014409221902016;1.500000100009701
351;4883;0.40546587681476326;1.5000011532159885;1.0;0.0;1.0;1;1;0.406414325075497;0.4054651747812432;1.5014245014245013;1.500000100009621
355;4883;0.4054658743435478;1.500001149505993;1.0;0.0;1.0;1;1;0.4064036346904283;0.40546517478118815;1.5014084507042254;1.5000001000095409
359;4883;0.4054658719222088;1.500001145870919;1.0;0.0;1.0;1;1;0.406393182420719;0.40546517478113486;1.501392757660167;1.500000100009461
363;4883;0.40546586954912633;1.5000011423083215;1.0;0.0;1.0;1;1;0.4063829603983935;0.40546517478108335;1.5013774104683195;1.5000001000093808
367;4883;0.4054658672227491;1.5000011388158836;1.0;0.0;1.0;1;1;0.4063729610983442;0.40546517478103006;1.5013623978201636;1.5000001000093008
371;4883;0.4054658649415983;1.5000011353913791;1.0;0.0;1.0;1;1;0.4063631773198493;0.40546517478097677;1.5013477088948788;1.500000100009221
375;4883;0.4054658627042533;1.5000011320326652;1.0;0.0;1.0;1;1;0.40635360216927996;0.4054651747809235;1.5013333333333334;1.5000001000091407
379;4883;0.40546586050935035;1.500001128737697;1.0;0.0;1.0;1;1;0.40634422904390455;0.4054651747808702;1.5013192612137203;1.5000001000090608
383;4883;0.4054658583555899;1.5000011255045238;1.0;0.0;1.0;1;1;0.406335051616705;0.4054651747808169;1.5013054830287207;1.5000001000089809
387;4883;0.4054658562417191;1.5000011223312646;1.0;0.0;1.0;1;1;0.4063260638221289;0.40546517478076183;1.5012919896640826;1.5000001000089007
391;4883;0.40546585416654113;1.5000011192161167;1.0;0.0;1.0;1;1;0.4063172598427309;0.40546517478070854;1.5012787723785166;1.5000001000088208
395;4883;0.4054658521289049;1.5000011161573428;1.0;0.0;1.0;1;1;0.4063086340966038;0.40546517478065525;1.5012658227848101;1.5000001000087408
399;4883;0.40546585012770187;1.5000011131532998;1.0;0.0;1.0;1;1;0.40630018122558553;0.40546517478060196;1.5012531328320802;1.5000001000086607
403;4883;0.4054658481618769;1.5000011102023796;1.0;0.0;1.0;1;1;0.4062918960841593;0.40546517478055044;1.501240694789082;1.5000001000085808
407;4883;0.4054658462304063;1.5000011073030548;1.0;0.0;1.0;1;1;0.40628377372900104;0.4054651747804954;1.5012285012285012;1.5000001000085008
411;4883;0.40546584433231;1.5000011044538557;1.0;0.0;1.0;1;1;0.40627580940915387;0.40546517478044386;1.5012165450121655;1.5000001000084207
415;4883;0.4054658424666464;1.5000011016533574;1.0;0.0;1.0;1;1;0.4062679985567552;0.40546517478039057;1.5012048192771084;1.5000001000083407
419;4883;0.4054658406325086;1.5000010989002155;1.0;0.0;1.0;1;1;0.40626033677830353;0.4054651747803355;1.5011933174224343;1.5000001000082608
423;4883;0.40546583882902304;1.5000010961930919;1.0;0.0;1.0;1;1;0.40625281984641415;0.405465174780284;1.5011820330969268;1.5000001000081806
427;4883;0.40546583705534955;1.500001093530746;1.0;0.0;1.0;1;1;0.40624544369204507;0.4054651747802289;1.5011709601873535;1.5000001000081007
431;4883;0.4054658353106797;1.5000010909119526;1.0;0.0;1.0;1;1;0.4062382043971535;0.40546517478017563;1.5011600928074247;1.5000001000080208
435;4883;0.4054658335942319;1.5000010883355372;1.0;0.0;1.0;1;1;0.40623109818774683;0.40546517478012234;1.5011494252873563;1.5000001000079406
439;4883;0.4054658319052552;1.5000010858003727;1.0;0.0;1.0;1;1;0.40622412142733566;0.40546517478006905;1.501138952164009;1.5000001000078607
443;4883;0.4054658302430272;1.5000010833053816;1.0;0.0;1.0;1;1;0.40621727061071855;0.40546517478001576;1.5011286681715577;1.5000001000077805
447;4883;0.40546582860684405;1.5000010808495068;1.0;0.0;1.0;1;1;0.4062105423581128;0.40546517477996247;1.5011185682326622;1.5000001000077006
451;4883;0.40546582699604;1.5000010784317268;1.0;0.0;1.0;1;1;0.4062039334095964;0.4054651747799092;1.501108647450111;1.5000001000076206
455;4883;0.40546582540995546;1.5000010760510807;1.0;0.0;1.0;1;1;0.40619744061983987;0.4054651747798559;1.501098901098901;1.5000001000075405
459;4883;0.4054658238479671;1.5000010737066154;1.0;0.0;1.0;1;1;0.4061910609531134;0.4054651747798026;1.5010893246187365;1.5000001000074605
463;4883;0.4054658223094665;1.500001071397415;1.0;0.0;1.0;1;1;0.4061847914785579;0.4054651747797493;1.5010799136069115;1.5000001000073806
467;4883;0.40546582079386945;1.5000010691225962;1.0;0.0;1.0;1;1;0.4061786293656926;0.405465174779696;1.5010706638115632;1.5000001000073004
471;4883;0.40546581930060693;1.5000010668813215;1.0;0.0;1.0;1;1;0.40617257188015543;0.4054651747796427;1.5010615711252655;1.5000001000072205
475;4883;0.4054658178291364;1.5000010646727664;1.0;0.0;1.0;1;1;0.4061666163796547;0.40546517477958943;1.5010526315789474;1.5000001000071406
479;4883;0.4054658163789221;1.5000010624961382;1.0;0.0;1.0;1;1;0.40616076031013204;0.40546517477953614;1.501043841336117;1.5000001000070604
483;4883;0.4054658149494594;1.5000010603506653;1.0;0.0;1.0;1;1;0.40615500120210246;0.40546517477948285;1.5010351966873705;1.5000001000069805
487;4883;0.40546581354024586;1.500001058235592;1.0;0.0;1.0;1;1;0.40614933666718844;0.4054651747794278;1.5010266940451746;1.5000001000069005
491;4883;0.4054658121508083;1.5000010561502168;1.0;0.0;1.0;1;1;0.40614376439481603;0.40546517477937627;1.5010183299389002;1.5000001000068204
495;4883;0.40546581078067784;1.5000010540938282;1.0;0.0;1.0;1;1;0.4061382821490689;0.405465174779323;1.501010101010101;1.5000001000067404
499;4883;0.4054658094294102;1.5000010520657567;1.0;0.0;1.0;1;1;0.40613288776570045;0.4054651747792697;1.501002004008016;1.5000001000066605
503;4883;0.40546580809656757;1.5000010500653624;1.0;0.0;1.0;1;1;0.40612757914928554;0.4054651747792146;1.5009940357852882;1.5000001000065804
507;4883;0.40546580678173044;1.5000010480919843;1.0;0.0;1.0;1;1;0.4061223542705026;0.4054651747791631;1.5009861932938855;1.5000001000065004
511;4883;0.40546580548448724;1.5000010461450297;1.0;0.0;1.0;1;1;0.4061172111635516;0.40546517477910804;1.5009784735812133;1.5000001000064205
515;4883;0.4054658042044442;1.5000010442239056;1.0;0.0;1.0;1;1;0.406112147923686;0.4054651747790565;1.5009708737864078;1.5000001000063403
519;4883;0.4054658029412214;1.500001042328034;1.0;0.0;1.0;1;1;0.4061071627048598;0.40546517477900146;1.5009633911368014;1.5000001000062604
523;4883;0.40546580169443985;1.5000010404568518;1.0;0.0;1.0;1;1;0.406102253717485;0.40546517477894994;1.5009560229445507;1.5000001000061804
527;4883;0.405465800463744;1.5000010386098082;1.0;0.0;1.0;1;1;0.40609741922629183;0.4054651747788949;1.5009487666034156;1.5000001000061003
531;4883;0.4054657992487811;1.5000010367863876;1.0;0.0;1.0;1;1;0.4060926575482764;0.40546517477884336;1.5009416195856873;1.5000001000060204
535;4883;0.4054657980492135;1.5000010349860877;1.0;0.0;1.0;1;1;0.40608796705075534;0.40546517477879007;1.5009345794392523;1.5000001000059404
539;4883;0.4054657968647089;1.5000010332083986;1.0;0.0;1.0;1;1;0.4060833461494937;0.405465174778735;1.5009276437847867;1.5000001000058603
543;4883;0.40546579569494984;1.5000010314528465;1.0;0.0;1.0;1;1;0.40607879330692764;0.4054651747786817;1.5009208103130756;1.5000001000057803
547;4883;0.40546579453962206;1.5000010297189637;1.0;0.0;1.0;1;1;0.40607430703044667;0.4054651747786284;1.5009140767824498;1.5000001000057004
551;4883;0.40546579339842637;1.5000010280062908;1.0;0.0;1.0;1;1;0.4060698858707763;0.4054651747785769;1.5009074410163339;1.5000001000056202
555;4883;0.4054657922710682;1.5000010263144012;1.0;0.0;1.0;1;1;0.40606552842040866;0.40546517477852184;1.500900900900901;1.5000001000055403
559;4883;0.4054657911572637;1.5000010246428546;1.0;0.0;1.0;1;1;0.40606123331210675;0.4054651747784703;1.5008944543828264;1.5000001000054604
563;4883;0.405465790056735;1.5000010229912402;1.0;0.0;1.0;1;1;0.4060569992174834;0.40546517477841526;1.5008880994671403;1.5000001000053802
567;4883;0.40546578896921376;1.500001021359156;1.0;0.0;1.0;1;1;0.4060528248456228;0.40546517477836197;1.5008818342151675;1.5000001000053003
571;4883;0.40546578789443377;1.500001019746194;1.0;0.0;1.0;1;1;0.4060487089417695;0.4054651747783087;1.500875656742557;1.5000001000052203
575;4883;0.40546578683214457;1.5000010181519903;1.0;0.0;1.0;1;1;0.40604465028607706;0.4054651747782554;1.5008695652173913;1.5000001000051402
579;4883;0.4054657857820994;1.5000010165761632;1.0;0.0;1.0;1;1;0.40604064769239656;0.4054651747782021;1.5008635578583764;1.5000001000050602
583;4883;0.4054657847440529;1.5000010150183514;1.0;0.0;1.0;1;1;0.4060367000071219;0.4054651747781488;1.5008576329331047;1.5000001000049803
587;4883;0.4054657837177741;1.500001013478205;1.0;0.0;1.0;1;1;0.4060328061080831;0.4054651747780955;1.5008517887563884;1.5000001000049001
591;4883;0.40546578270303346;1.5000010119553846;1.0;0.0;1.0;1;1;0.4060289649034807;0.4054651747780422;1.5008460236886634;1.5000001000048202
595;4883;0.405465781699608;1.5000010104495383;1.0;0.0;1.0;1;1;0.40602517533086857;0.40546517477798893;1.5008403361344538;1.5000001000047403
599;4883;0.40546578070728284;1.5000010089603597;1.0;0.0;1.0;1;1;0.4060214363561707;0.40546517477793564;1.5008347245409015;1.50000010000466
603;4883;0.40546577972584374;1.5000010074875307;1.0;0.0;1.0;1;1;0.40601774697273996;0.40546517477788235;1.5008291873963515;1.5000001000045802
607;4883;0.40546577875509243;1.5000010060307434;1.0;0.0;1.0;1;1;0.40601410620045986;0.40546517477782906;1.5008237232289952;1.5000001000045002
611;4883;0.4054657777948218;1.5000010045896888;1.0;0.0;1.0;1;1;0.406010513084869;0.40546517477777577;1.5008183306055647;1.5000001000044203
615;4883;0.4054657768448406;1.5000010031640805;1.0;0.0;1.0;1;1;0.4060069666963342;0.4054651747777225;1.5008130081300812;1.5000001000043401
619;4883;0.40546577590495636;1.5000010017536296;1.0;0.0;1.0;1;1;0.406003466129242;0.4054651747776692;1.5008077544426495;1.5000001000042602
623;4883;0.4054657749749876;1.5000010003580644;1.0;0.0;1.0;1;1;0.40600001050123424;0.4054651747776141;1.5008025682182986;1.5000001000041803
627;4883;0.4054657740547518;1.5000009989771046;1.0;0.0;1.0;1;1;0.4059965989524583;0.4054651747775626;1.5007974481658692;1.5000001000041001
631;4883;0.4054657731440726;1.5000009976104898;1.0;0.0;1.0;1;1;0.4059932306448655;0.4054651747775093;1.5007923930269413;1.5000001000040202
635;4883;0.4054657722427796;1.5000009962579683;1.0;0.0;1.0;1;1;0.4059899047615101;0.405465174777456;1.500787401574803;1.5000001000039402
639;4883;0.4054657713507054;1.5000009949192872;1.0;0.0;1.0;1;1;0.40598662050590395;0.40546517477740274;1.5007824726134584;1.50000010000386
643;4883;0.40546577046768445;1.5000009935941978;1.0;0.0;1.0;1;1;0.405983377101367;0.40546517477734767;1.500777604976672;1.5000001000037801
647;4883;0.4054657695935598;1.500000992282463;1.0;0.0;1.0;1;1;0.4059801737904243;0.40546517477729616;1.500772797527048;1.5000001000037002
651;4883;0.4054657687281774;1.5000009909838454;1.0;0.0;1.0;1;1;0.4059770098342135;0.40546517477724286;1.5007680491551458;1.50000010000362
655;4883;0.405465767871383;1.5000009896981195;1.0;0.0;1.0;1;1;0.40597388451191474;0.4054651747771896;1.500763358778626;1.5000001000035401
659;4883;0.4054657670230278;1.5000009884250645;1.0;0.0;1.0;1;1;0.40597079712020534;0.4054651747771363;1.5007587253414265;1.5000001000034602
663;4883;0.40546576618296953;1.5000009871644653;1.0;0.0;1.0;1;1;0.4059677469727303;0.4054651747770812;1.5007541478129713;1.50000010000338
667;4883;0.4054657653510663;1.5000009859160999;1.0;0.0;1.0;1;1;0.40596473339959704;0.4054651747770279;1.5007496251874064;1.5000001000033
671;4883;0.4054657645271788;1.5000009846797737;1.0;0.0;1.0;1;1;0.40596175574688065;0.40546517477697464;1.5007451564828613;1.5000001000032201
675;4883;0.405465763711175;1.5000009834552752;1.0;0.0;1.0;1;1;0.40595881337615314;0.4054651747769231;1.5007407407407407;1.50000010000314
679;4883;0.40546576290292136;1.5000009822424203;1.0;0.0;1.0;1;1;0.4059559056640287;0.40546517477686805;1.5007363770250368;1.50000010000306
683;4883;0.4054657621022897;1.5000009810410044;1.0;0.0;1.0;1;1;0.40595303200171884;0.40546517477681476;1.500732064421669;1.5000001000029801
687;4883;0.40546576130915624;1.500000979850831;1.0;0.0;1.0;1;1;0.4059501917946111;0.40546517477676325;1.5007278020378456;1.5000001000029002
691;4883;0.40546576052339484;1.5000009786717288;1.0;0.0;1.0;1;1;0.4059473844618573;0.4054651747767082;1.5007235890014472;1.50000010000282
695;4883;0.40546575974488896;1.5000009775035226;1.0;0.0;1.0;1;1;0.40594460943598065;0.4054651747766549;1.5007194244604316;1.50000010000274
699;4883;0.4054657589735179;1.5000009763460287;1.0;0.0;1.0;1;1;0.40594186616248695;0.4054651747766016;1.5007153075822603;1.5000001000026602
703;4883;0.4054657582091697;1.5000009751990737;1.0;0.0;1.0;1;1;0.4059391540995021;0.4054651747765501;1.500711237553343;1.50000010000258
707;4883;0.4054657574517322;1.500000974062488;1.0;0.0;1.0;1;1;0.40593647271740974;0.4054651747764968;1.5007072135785007;1.5000001000025
711;4883;0.40546575670109475;1.5000009729361066;1.0;0.0;1.0;1;1;0.40593382149851287;0.40546517477644173;1.50070323488045;1.5000001000024201
715;4883;0.40546575595714984;1.5000009718197724;1.0;0.0;1.0;1;1;0.405931199936691;0.40546517477638844;1.5006993006993008;1.50000010000234
719;4883;0.4054657552197923;1.5000009707133322;1.0;0.0;1.0;1;1;0.4059286075370876;0.40546517477633515;1.5006954102920724;1.50000010000226
723;4883;0.40546575448892125;1.5000009696166219;1.0;0.0;1.0;1;1;0.40592604381579545;0.40546517477628186;1.5006915629322268;1.50000010000218
727;4883;0.4054657537644363;1.5000009685294955;1.0;0.0;1.0;1;1;0.40592350829955137;0.40546517477622857;1.500687757909216;1.5000001000021
731;4883;0.4054657530462357;1.5000009674518051;1.0;0.0;1.0;1;1;0.4059210005254519;0.4054651747761753;1.5006839945280437;1.50000010000202
735;4883;0.4054657523342274;1.500000966383411;1.0;0.0;1.0;1;1;0.4059185200406663;0.405465174776122;1.5006802721088435;1.50000010000194
739;4883;0.4054657516283161;1.500000965324159;1.0;0.0;1.0;1;1;0.40591606640216593;0.4054651747760687;1.5006765899864682;1.5000001000018601
743;4883;0.4054657509284072;1.500000964273929;1.0;0.0;1.0;1;1;0.4059136391764602;0.4054651747760154;1.5006729475100942;1.50000010000178
747;4883;0.40546575023441417;1.500000963232575;1.0;0.0;1.0;1;1;0.4059112379393426;0.4054651747759621;1.500669344042838;1.5000001000017
751;4883;0.40546574954624603;1.5000009621999597;1.0;0.0;1.0;1;1;0.40590886227564216;0.4054651747759088;1.5006657789613849;1.50000010000162
755;4883;0.40546574886381725;1.5000009611759582;1.0;0.0;1.0;1;1;0.40590651177898174;0.40546517477585553;1.5006622516556292;1.50000010000154
759;4883;0.40546574818704223;1.5000009601604436;1.0;0.0;1.0;1;1;0.40590418605155154;0.40546517477580224;1.5006587615283267;1.50000010000146
763;4883;0.4054657475158386;1.5000009591532957;1.0;0.0;1.0;1;1;0.40590188470388355;0.40546517477574895;1.5006553079947575;1.50000010000138
767;4883;0.4054657468501253;1.5000009581543838;1.0;0.0;1.0;1;1;0.4058996073546268;0.4054651747756939;1.5006518904823989;1.5000001000013
771;4883;0.4054657461898241;1.5000009571635933;1.0;0.0;1.0;1;1;0.4058973536303476;0.40546517477564237;1.5006485084306096;1.50000010000122
775;4883;0.4054657455348546;1.5000009561808048;1.0;0.0;1.0;1;1;0.4058951231653172;0.4054651747755891;1.5006451612903227;1.50000010000114
779;4883;0.4054657448851405;1.50000095520591;1.0;0.0;1.0;1;1;0.4058929156013198;0.4054651747755358;1.5006418485237485;1.50000010000106
783;4883;0.40546574424060733;1.5000009542387966;1.0;0.0;1.0;1;1;0.4058907305874566;0.4054651747754825;1.500638569604087;1.50000010000098
787;4883;0.4054657436011792;1.500000953279336;1.0;0.0;1.0;1;1;0.4058885677799591;0.4054651747754292;1.5006353240152477;1.5000001000009
791;4883;0.40546574296679133;1.5000009523274338;1.0;0.0;1.0;1;1;0.4058864268420139;0.4054651747753759;1.5006321112515804;1.50000010000082
795;4883;0.4054657423373639;1.5000009513829877;1.0;0.0;1.0;1;1;0.40588430744358384;0.40546517477532085;1.5006289308176102;1.50000010000074
799;4883;0.40546574171283223;1.5000009504458909;1.0;0.0;1.0;1;1;0.4058822092612395;0.40546517477526933;1.5006257822277846;1.50000010000066
803;4883;0.4054657410931303;1.500000949516038;1.0;0.0;1.0;1;1;0.40588013197799366;0.40546517477521604;1.5006226650062267;1.50000010000058
807;4883;0.4054657404781868;1.5000009485933248;1.0;0.0;1.0;1;1;0.4058780752831428;0.405465174775161;1.500619578686493;1.5000001000005
811;4883;0.405465739867942;1.5000009476776612;1.0;0.0;1.0;1;1;0.40587603887211365;0.40546517477510946;1.500616522811344;1.50000010000042
815;4883;0.405465739262326;1.5000009467689541;1.0;0.0;1.0;1;1;0.40587402244630955;0.40546517477505617;1.5006134969325153;1.50000010000034
819;4883;0.40546573866128016;1.5000009458670989;1.0;0.0;1.0;1;1;0.40587202571296466;0.4054651747750029;1.5006105006105006;1.50000010000026
823;4883;0.40546573806474134;1.5000009449720133;1.0;0.0;1.0;1;1;0.4058700483850082;0.4054651747749478;1.5006075334143378;1.50000010000018
827;4883;0.4054657374726481;1.5000009440835975;1.0;0.0;1.0;1;1;0.40586809018091596;0.4054651747748945;1.5006045949214026;1.5000001000001
831;4883;0.40546573688494225;1.5000009432017667;1.0;0.0;1.0;1;1;0.405866150824588;0.40546517477484123;1.5006016847172081;1.50000010000002
835;4882;0.4054657364165851;1.500000942498969;1.0;0.0;1.0;1;1;0.4058642300452133;0.40546517478844457;1.5005988023952095;1.5000001000204242
839;4882;0.40546573583736034;1.5000009416298692;1.0;0.0;1.0;1;1;0.40586232757714136;0.4054651747883913;1.500595947556615;1.5000001000203442
843;4882;0.40546573526235347;1.5000009407670962;1.0;0.0;1.0;1;1;0.40586044315976544;0.405465174788338;1.5005931198102016;1.500000100020264
847;4882;0.405465734691507;1.5000009399105638;1.0;0.0;1.0;1;1;0.40585857653739943;0.4054651747882847;1.500590318772137;1.5000001000201841
851;4882;0.40546573412476766;1.5000009390602056;1.0;0.0;1.0;1;1;0.4058567274591649;0.4054651747882314;1.500587544065805;1.500000100020104
855;4882;0.4054657335620819;1.5000009382159218;1.0;0.0;1.0;1;1;0.40585489567887656;0.4054651747881799;1.5005847953216374;1.500000100020024
859;4882;0.4054657330033987;1.5000009373776468;1.0;0.0;1.0;1;1;0.4058530809549321;0.4054651747881248;1.5005820721769498;1.5000001000199439
863;4882;0.40546573244866657;1.500000936545304;1.0;0.0;1.0;1;1;0.4058512830502101;0.40546517478807154;1.5005793742757823;1.500000100019864
867;4882;0.40546573189783314;1.5000009357188118;1.0;0.0;1.0;1;1;0.40584950173196344;0.40546517478801825;1.5005767012687428;1.500000100019784
871;4882;0.4054657313508505;1.5000009348980994;1.0;0.0;1.0;1;1;0.4058477367717188;0.40546517478796495;1.5005740528128588;1.5000001000197039
875;4882;0.40546573080767095;1.5000009340830927;1.0;0.0;1.0;1;1;0.4058459879451819;0.40546517478791166;1.5005714285714287;1.500000100019624
879;4882;0.4054657302682462;1.5000009332737239;1.0;0.0;1.0;1;1;0.4058442550321377;0.4054651747878584;1.5005688282138794;1.5000001000195438
883;4882;0.40546572973252765;1.5000009324699206;1.0;0.0;1.0;1;1;0.4058425378163628;0.4054651747878051;1.5005662514156286;1.5000001000194638
887;4882;0.405465729200473;1.5000009316716059;1.0;0.0;1.0;1;1;0.4058408360855328;0.40546517478775;1.5005636978579482;1.5000001000193837
891;4882;0.40546572867203307;1.5000009308787199;1.0;0.0;1.0;1;1;0.40583914963113443;0.4054651747876967;1.5005611672278338;1.5000001000193037
895;4882;0.40546572814716597;1.5000009300912016;1.0;0.0;1.0;1;1;0.40583747824838223;0.40546517478764343;1.500558659217877;1.5000001000192238
899;4882;0.40546572762582617;1.5000009293089718;1.0;0.0;1.0;1;1;0.40583582173613575;0.4054651747875919;1.5005561735261401;1.5000001000191436
903;4882;0.40546572710797335;1.500000928531971;1.0;0.0;1.0;1;1;0.40583417989681614;0.40546517478753685;1.5005537098560355;1.5000001000190637
907;4882;0.40546572659356256;1.5000009277601412;1.0;0.0;1.0;1;1;0.40583255253632977;0.40546517478748534;1.5005512679162072;1.5000001000189835
911;4882;0.40546572608255266;1.5000009269934198;1.0;0.0;1.0;1;1;0.40583093946399096;0.40546517478743205;1.5005488474204172;1.5000001000189036
915;4882;0.4054657255749049;1.500000926231741;1.0;0.0;1.0;1;1;0.40582934049245;0.40546517478737876;1.5005464480874318;1.5000001000188234
919;4882;0.4054657250705776;1.500000925475035;1.0;0.0;1.0;1;1;0.40582775543761507;0.40546517478732547;1.500544069640914;1.5000001000187435
923;4882;0.4054657245695321;1.5000009247232646;1.0;0.0;1.0;1;1;0.4058261841185873;0.4054651747872704;1.5005417118093174;1.5000001000186636
927;4882;0.4054657240717279;1.5000009239763608;1.0;0.0;1.0;1;1;0.405824626357588;0.4054651747872189;1.500539374325782;1.5000001000185834
931;4882;0.4054657235771281;1.5000009232342624;1.0;0.0;1.0;1;1;0.4058230819798947;0.4054651747871656;1.5005370569280343;1.5000001000185035
935;4882;0.4054657230856959;1.5000009224969173;1.0;0.0;1.0;1;1;0.4058215508137737;0.4054651747871105;1.5005347593582887;1.5000001000184233
939;4882;0.405465722597394;1.5000009217642694;1.0;0.0;1.0;1;1;0.4058200326904169;0.40546517478705724;1.5005324813631522;1.5000001000183434
943;4882;0.4054657221121846;1.500000921036261;1.0;0.0;1.0;1;1;0.4058185274438806;0.40546517478700395;1.5005302226935313;1.5000001000182632
947;4882;0.40546572163003386;1.5000009203128444;1.0;0.0;1.0;1;1;0.4058170349110224;0.40546517478695066;1.5005279831045406;1.5000001000181833
951;4882;0.4054657211509068;1.5000009195939703;1.0;0.0;1.0;1;1;0.40581555493144617;0.40546517478689736;1.5005257623554153;1.5000001000181034
955;4882;0.4054657206747656;1.5000009188795733;1.0;0.0;1.0;1;1;0.4058140873474416;0.4054651747868441;1.500523560209424;1.5000001000180232
959;4882;0.40546572020158134;1.5000009181696121;1.0;0.0;1.0;1;1;0.40581263200392925;0.4054651747867908;1.5005213764337852;1.5000001000179433
963;4882;0.4054657197313181;1.5000009174640325;1.0;0.0;1.0;1;1;0.40581118874840705;0.4054651747867375;1.5005192107995846;1.500000100017863
967;4882;0.40546571926394165;1.5000009167627864;1.0;0.0;1.0;1;1;0.40580975743089365;0.4054651747866842;1.500517063081696;1.5000001000177832
971;4882;0.40546571879942106;1.500000916065831;1.0;0.0;1.0;1;1;0.4058083379038795;0.4054651747866309;1.5005149330587024;1.5000001000177032
975;4882;0.4054657183377237;1.5000009153731146;1.0;0.0;1.0;1;1;0.4058069300222771;0.4054651747865776;1.5005128205128204;1.500000100017623
979;4882;0.4054657178788215;1.5000009146845845;1.0;0.0;1.0;1;1;0.4058055336433668;0.40546517478652433;1.5005107252298264;1.5000001000175431
983;4882;0.4054657174226758;1.5000009140001926;1.0;0.0;1.0;1;1;0.4058041486267534;0.40546517478647104;1.5005086469989828;1.500000100017463
987;4882;0.40546571696926403;1.5000009133199;1.0;0.0;1.0;1;1;0.40580277483431715;0.40546517478641775;1.5005065856129687;1.500000100017383
991;4882;0.4054657165185538;1.5000009126436733;1.0;0.0;1.0;1;1;0.40580141213016674;0.4054651747863627;1.5005045408678104;1.5000001000173029
995;4882;0.40546571607051485;1.5000009119714426;1.0;0.0;1.0;1;1;0.40580006038059757;0.40546517478631117;1.500502512562814;1.500000100017223
999;4882;0.4054657156251184;1.5000009113031898;1.0;0.0;1.0;1;1;0.4057987194540438;0.4054651747862561;1.5005005005005005;1.500000100017143
1003;4882;0.4054657151823341;1.5000009106388517;1.0;0.0;1.0;1;1;0.40579738922104003;0.4054651747862046;1.5004985044865404;1.5000001000170629
1007;4882;0.4054657147421369;1.500000909978395;1.0;0.0;1.0;1;1;0.40579606955417713;0.4054651747861513;1.5004965243296922;1.500000100016983
1011;4882;0.4054657143045;1.5000009093217734;1.0;0.0;1.0;1;1;0.4057947603280603;0.4054651747860962;1.500494559841741;1.5000001000169028
1015;4882;0.405465713869389;1.5000009086689545;1.0;0.0;1.0;1;1;0.4057934614192744;0.4054651747860447;1.5004926108374383;1.5000001000168228
1019;4882;0.4054657134367869;1.5000009080198946;1.0;0.0;1.0;1;1;0.40579217270633716;0.40546517478598965;1.5004906771344455;1.5000001000167429
1023;4882;0.4054657130066626;1.5000009073745582;1.0;0.0;1.0;1;1;0.4057908940696713;0.40546517478593813;1.5004887585532747;1.5000001000166627
9;4883;-0.28767402093406075;0.7500061414662984;0.0;1.0;2.0;2;2;-0.25131442828090633;-0.2876820057741405;0.7777777777777778;0.7500000500082313
17;4883;-0.2876774929110933;0.7500034638141782;0.0;1.0;2.0;2;2;-0.2682639865946794;-0.28768200577424885;0.7647058823529411;0.7500000500081513
25;4883;-0.2876787578955227;0.7500024994627655;0.0;1.0;2.0;2;2;-0.2744368457017603;-0.28768200577435543;0.76;0.7500000500080714
33;4883;-0.2876794130063178;0.7500020023801441;0.0;1.0;2.0;2;2;-0.27763173659827967;-0.287682005774462;0.7575757575757576;0.7500000500079913
41;4883;-0.2876798138043729;0.7500016990469982;0.0;1.0;2.0;2;2;-0.2795848622191617;-0.2876820057745686;0.7560975609756098;0.7500000500079113
49;4883;-0.28768008442726445;0.750001494568792;0.0;1.0;2.0;2;2;-0.2809023854664021;-0.2876820057746752;0.7551020408163265;0.7500000500078312
57;4883;-0.2876802795230868;0.7500013473250418;0.0;1.0;2.0;2;2;-0.2818511521409879;-0.28768200577478176;0.7543859649122807;0.7500000500077512
65;4883;-0.28768042690473844;0.7500012361852909;0.0;1.0;2.0;2;2;-0.28256697178501033;-0.28768200577488834;0.7538461538461538;0.7500000500076712
73;4883;-0.2876805422208605;0.7500011492816813;0.0;1.0;2.0;2;2;-0.2831262559159198;-0.2876820057749949;0.7534246575342466;0.7500000500075912
81;4883;-0.28768063495061724;0.7500010794348664;0.0;1.0;2.0;2;2;-0.2835752904991278;-0.2876820057751015;0.7530864197530864;0.7500000500075111
89;4883;-0.2876807111713326;0.7500010220467802;0.0;1.0;2.0;2;2;-0.2839437503411739;-0.2876820057752081;0.7528089887640449;0.7500000500074311
97;4883;-0.2876807749589112;0.7500009740362183;0.0;1.0;2.0;2;2;-0.28425153735499187;-0.28768200577531466;0.7525773195876289;0.750000050007351
105;4883;-0.2876808291490859;0.7500009332609785;0.0;1.0;2.0;2;2;-0.2845124976905016;-0.28768200577542125;0.7523809523809524;0.7500000500072711
113;4883;-0.2876808757757645;0.7500008981854676;0.0;1.0;2.0;2;2;-0.28473656222202415;-0.2876820057755278;0.7522123893805309;0.750000050007191
121;4883;-0.2876809163357365;0.7500008676801725;0.0;1.0;2.0;2;2;-0.2849310390798916;-0.2876820057756344;0.7520661157024794;0.750000050007111
129;4883;-0.28768095195500104;0.7500008408957529;0.0;1.0;2.0;2;2;-0.2851014258582891;-0.287682005775741;0.751937984496124;0.750000050007031
137;4883;-0.28768098349689836;0.7500008171812252;0.0;1.0;2.0;2;2;-0.2852519375984892;-0.28768200577584757;0.7518248175182481;0.7500000500069509
145;4883;-0.28768101163448406;0.7500007960292644;0.0;1.0;2.0;2;2;-0.28538586019143075;-0.28768200577595415;0.7517241379310344;0.750000050006871
153;4883;-0.2876810369002167;0.7500007770386199;0.0;1.0;2.0;2;2;-0.2855057930291851;-0.2876820057760625;0.7516339869281046;0.7500000500067909
161;4883;-0.28768105972086117;0.7500007598877764;0.0;1.0;2.0;2;2;-0.2856138193877218;-0.2876820057761691;0.7515527950310559;0.7500000500067109
169;4883;-0.28768108044247004;0.7500007443161033;0.0;1.0;2.0;2;2;-0.2857116284644823;-0.2876820057762757;0.7514792899408284;0.7500000500066308
177;4883;-0.28768109934860975;0.7500007301100524;0.0;1.0;2.0;2;2;-0.2858006043520751;-0.28768200577638225;0.751412429378531;0.7500000500065509
185;4883;-0.28768111667386265;0.7500007170930069;0.0;1.0;2.0;2;2;-0.2858818919476329;-0.28768200577648884;0.7513513513513513;0.7500000500064709
193;4883;-0.2876811326139634;0.7500007051176304;0.0;1.0;2.0;2;2;-0.2859564464843114;-0.2876820057765954;0.7512953367875648;0.7500000500063908
201;4883;-0.28768114733352473;0.7500006940600221;0.0;1.0;2.0;2;2;-0.28602507124415144;-0.287682005776702;0.7512437810945274;0.7500000500063108
209;4883;-0.2876811609719914;0.7500006838152451;0.0;1.0;2.0;2;2;-0.28608844661650323;-0.2876820057768086;0.7511961722488039;0.7500000500062308
217;4883;-0.28768117364827317;0.7500006742938261;0.0;1.0;2.0;2;2;-0.2861471527336974;-0.28768200577691516;0.7511520737327189;0.7500000500061508
225;4883;-0.2876811854643922;0.7500006654190053;0.0;1.0;2.0;2;2;-0.28620168728134665;-0.2876820057770235;0.7511111111111111;0.7500000500060707
233;4883;-0.28768119650838214;0.7500006571245661;0.0;1.0;2.0;2;2;-0.2862524796421857;-0.2876820057771283;0.7510729613733905;0.7500000500059907
241;4883;-0.28768120685660503;0.7500006493530632;0.0;1.0;2.0;2;2;-0.2862999022248287;-0.2876820057772349;0.7510373443983402;0.7500000500059107
249;4883;-0.28768121657562457;0.7500006420544375;0.0;1.0;2.0;2;2;-0.28634427961012054;-0.2876820057773415;0.751004016064257;0.7500000500058307
257;4883;-0.2876812257237322;0.7500006351848458;0.0;1.0;2.0;2;2;-0.2863858959903345;-0.28768200577744807;0.7509727626459144;0.7500000500057507
265;4883;-0.28768123435219595;0.7500006287057437;0.0;1.0;2.0;2;2;-0.28642500126172976;-0.2876820057775564;0.7509433962264151;0.7500000500056706
273;4883;-0.2876812425062821;0.7500006225830874;0.0;1.0;2.0;2;2;-0.2864618160465513;-0.287682005777663;0.7509157509157509;0.7500000500055907
281;4883;-0.2876812502261174;0.7500006167867089;0.0;1.0;2.0;2;2;-0.28649653585767876;-0.2876820057777696;0.7508896797153025;0.7500000500055106
289;4883;-0.2876812575473939;0.7500006112897831;0.0;1.0;2.0;2;2;-0.2865293345719726;-0.28768200577787617;0.7508650519031141;0.7500000500054306
297;4883;-0.28768126450196574;0.7500006060683506;0.0;1.0;2.0;2;2;-0.28656036734258095;-0.28768200577798275;0.7508417508417509;0.7500000500053505
305;4883;-0.287681271118354;0.7500006011009799;0.0;1.0;2.0;2;2;-0.2865897730531719;-0.28768200577808933;0.7508196721311475;0.7500000500052706
313;4883;-0.28768127742217403;0.7500005963684168;0.0;1.0;2.0;2;2;-0.286617676395994;-0.28768200577819414;0.7507987220447284;0.7500000500051905
321;4883;-0.2876812834364915;0.7500005918533188;0.0;1.0;2.0;2;2;-0.286644189639361;-0.2876820057783025;0.7507788161993769;0.7500000500051105
329;4883;-0.2876812891821388;0.750000587540036;0.0;1.0;2.0;2;2;-0.28666941413739444;-0.2876820057784091;0.7507598784194529;0.7500000500050306
337;4883;-0.2876812946779742;0.7500005834143934;0.0;1.0;2.0;2;2;-0.2866934416248412;-0.28768200577851566;0.7507418397626113;0.7500000500049505
345;4883;-0.2876812999411144;0.7500005794635258;0.0;1.0;2.0;2;2;-0.2867163553318228;-0.287682005778624;0.7507246376811594;0.7500000500048705
353;4883;-0.28768130498712857;0.7500005756757336;0.0;1.0;2.0;2;2;-0.2867382309470745;-0.2876820057787288;0.7507082152974505;0.7500000500047904
361;4883;-0.28768130983021195;0.7500005720403544;0.0;1.0;2.0;2;2;-0.2867591374531795;-0.2876820057788354;0.7506925207756233;0.7500000500047105
369;4883;-0.2876813144833331;0.7500005685476392;0.0;1.0;2.0;2;2;-0.28677913785318854;-0.28768200577894376;0.7506775067750677;0.7500000500046304
377;4883;-0.28768131895836613;0.7500005651886669;0.0;1.0;2.0;2;2;-0.2867982898047732;-0.28768200577905034;0.7506631299734748;0.7500000500045504
385;4883;-0.2876813232662013;0.7500005619552605;0.0;1.0;2.0;2;2;-0.2868166461753523;-0.28768200577915515;0.7506493506493507;0.7500000500044705
393;4883;-0.2876813274168447;0.7500005588398937;0.0;1.0;2.0;2;2;-0.286834255529441;-0.2876820057792635;0.7506361323155216;0.7500000500043904
401;4883;-0.2876813314195112;0.7500005558356468;0.0;1.0;2.0;2;2;-0.28685116255769394;-0.2876820057793701;0.7506234413965087;0.7500000500043104
409;4883;-0.28768133528269973;0.7500005529361391;0.0;1.0;2.0;2;2;-0.2868674084556053;-0.2876820057794749;0.7506112469437652;0.7500000500042303
417;4883;-0.2876813390142523;0.7500005501354765;0.0;1.0;2.0;2;2;-0.28688303125864856;-0.2876820057795815;0.750599520383693;0.7500000500041504
425;4883;-0.2876813426214335;0.7500005474281984;0.0;1.0;2.0;2;2;-0.2868980661395728;-0.28768200577968983;0.7505882352941177;0.7500000500040703
433;4883;-0.28768134611096957;0.7500005448092588;0.0;1.0;2.0;2;2;-0.2869125456727524;-0.28768200577979464;0.7505773672055427;0.7500000500039903
441;4883;-0.28768134948910307;0.7500005422739612;0.0;1.0;2.0;2;2;-0.28692650006978315;-0.2876820057799012;0.7505668934240363;0.7500000500039103
449;4883;-0.2876813527616336;0.7500005398179571;0.0;1.0;2.0;2;2;-0.286939957389893;-0.2876820057800096;0.7505567928730512;0.7500000500038303
457;4883;-0.28768135593395766;0.7500005374371912;0.0;1.0;2.0;2;2;-0.28695294372826563;-0.28768200578011616;0.75054704595186;0.7500000500037503
465;4883;-0.28768135901110437;0.7500005351278813;0.0;1.0;2.0;2;2;-0.2869654833849289;-0.28768200578022274;0.7505376344086021;0.7500000500036703
473;4883;-0.2876813619977633;0.750000532886502;0.0;1.0;2.0;2;2;-0.28697759901651665;-0.2876820057803311;0.7505285412262156;0.7500000500035903
481;4883;-0.28768136489831714;0.750000530709778;0.0;1.0;2.0;2;2;-0.28698931177288056;-0.2876820057804359;0.7505197505197505;0.7500000500035102
489;4883;-0.2876813677168609;0.7500005285946187;0.0;1.0;2.0;2;2;-0.2870006414203017;-0.2876820057805425;0.7505112474437627;0.7500000500034303
497;4883;-0.2876813704572309;0.7500005265381473;0.0;1.0;2.0;2;2;-0.287011606452813;-0.28768200578064906;0.7505030181086519;0.7500000500033502
505;4883;-0.28768137312302106;0.7500005245376669;0.0;1.0;2.0;2;2;-0.2870222241929339;-0.28768200578075565;0.7504950495049505;0.7500000500032702
513;4883;-0.2876813757176037;0.7500005225906387;0.0;1.0;2.0;2;2;-0.28703251088298476;-0.287682005780864;0.7504873294346979;0.7500000500031903
521;4883;-0.287681378244147;0.7500005206946968;0.0;1.0;2.0;2;2;-0.28704248176800107;-0.2876820057809688;0.7504798464491362;0.7500000500031102
529;4883;-0.287681380705626;0.7500005188475872;0.0;1.0;2.0;2;2;-0.2870521511711086;-0.2876820057810754;0.7504725897920604;0.7500000500030302
537;4883;-0.28768138310484676;0.7500005170472237;0.0;1.0;2.0;2;2;-0.28706153256218236;-0.28768200578118375;0.750465549348231;0.7500000500029502
545;4883;-0.2876813854444458;0.7500005152916133;0.0;1.0;2.0;2;2;-0.2870706386204418;-0.28768200578128855;0.7504587155963303;0.7500000500028702
553;4883;-0.28768138772690904;0.7500005135788871;0.0;1.0;2.0;2;2;-0.2870794812916371;-0.28768200578139513;0.7504520795660036;0.7500000500027901
561;4883;-0.2876813899545892;0.7500005119072908;0.0;1.0;2.0;2;2;-0.2870880718403148;-0.2876820057815017;0.750445632798574;0.7500000500027102
569;4883;-0.28768139212970006;0.7500005102751536;0.0;1.0;2.0;2;2;-0.28709642089770604;-0.2876820057816101;0.7504393673110721;0.7500000500026301
577;4883;-0.28768139425433703;0.7500005086809006;0.0;1.0;2.0;2;2;-0.28710453850561013;-0.28768200578171665;0.7504332755632582;0.7500000500025501
585;4883;-0.28768139633048806;0.7500005071230458;0.0;1.0;2.0;2;2;-0.2871124341566853;-0.28768200578182324;0.7504273504273504;0.7500000500024702
593;4883;-0.287681398360026;0.7500005056001792;0.0;1.0;2.0;2;2;-0.28712011683148564;-0.2876820057819298;0.7504215851602024;0.7500000500023901
601;4883;-0.2876814003447303;0.7500005041109608;0.0;1.0;2.0;2;2;-0.28712759503252894;-0.2876820057820364;0.7504159733777038;0.7500000500023101
609;4883;-0.28768140228628686;0.7500005026541356;0.0;1.0;2.0;2;2;-0.28713487681569205;-0.287682005782143;0.7504105090311987;0.7500000500022301
617;4883;-0.28768140418629823;0.7500005012284883;0.0;1.0;2.0;2;2;-0.28714196981915396;-0.28768200578224956;0.7504051863857374;0.7500000500021501
625;4883;-0.28768140604628123;0.750000499832887;0.0;1.0;2.0;2;2;-0.28714888129012195;-0.28768200578235614;0.7504;0.75000005000207
633;4883;-0.2876814078676818;0.7500004984662425;0.0;1.0;2.0;2;2;-0.2871556181095345;-0.2876820057824627;0.7503949447077409;0.7500000500019901
641;4883;-0.2876814096518729;0.750000497127527;0.0;1.0;2.0;2;2;-0.2871621868149088;-0.2876820057825693;0.750390015600624;0.7500000500019101
649;4883;-0.2876814114001586;0.7500004958157642;0.0;1.0;2.0;2;2;-0.2871685936215007;-0.28768200578267766;0.7503852080123267;0.7500000500018301
657;4883;-0.287681413113786;0.7500004945300108;0.0;1.0;2.0;2;2;-0.2871748444419202;-0.28768200578278247;0.7503805175038052;0.7500000500017501
665;4883;-0.28768141479393755;0.7500004932693823;0.0;1.0;2.0;2;2;-0.28718094490433543;-0.28768200578288905;0.750375939849624;0.75000005000167
673;4883;-0.28768141644174494;0.7500004920330291;0.0;1.0;2.0;2;2;-0.28718690036936767;-0.28768200578299563;0.75037147102526;0.7500000500015901
681;4883;-0.2876814180582837;0.7500004908201479;0.0;1.0;2.0;2;2;-0.28719271594580764;-0.287682005783104;0.750367107195301;0.75000005000151
689;4883;-0.2876814196445847;0.7500004896299541;0.0;1.0;2.0;2;2;-0.2871983965052296;-0.2876820057832088;0.7503628447024674;0.75000005000143
697;4883;-0.28768142120162626;0.7500004884617223;0.0;1.0;2.0;2;2;-0.2872039466956009;-0.2876820057833154;0.7503586800573888;0.7500000500013501
705;4883;-0.28768142273035097;0.7500004873147468;0.0;1.0;2.0;2;2;-0.2872093709539696;-0.28768200578342196;0.750354609929078;0.75000005000127
713;4883;-0.287681424231653;0.7500004861883466;0.0;1.0;2.0;2;2;-0.28721467351828966;-0.2876820057835303;0.7503506311360448;0.7500000500011901
721;4883;-0.28768142570639244;0.7500004850818823;0.0;1.0;2.0;2;2;-0.2872198584384682;-0.2876820057836369;0.7503467406380028;0.75000005000111
729;4883;-0.2876814271553902;0.7500004839947394;0.0;1.0;2.0;2;2;-0.2872249295866771;-0.2876820057837435;0.7503429355281207;0.75000005000103
737;4883;-0.28768142857943013;0.7500004829263244;0.0;1.0;2.0;2;2;-0.28722989066700144;-0.28768200578385006;0.7503392130257802;0.75000005000095
745;4883;-0.2876814299792684;0.7500004818760758;0.0;1.0;2.0;2;2;-0.2872347452244606;-0.28768200578395664;0.7503355704697987;0.75000005000087
753;4883;-0.28768143135562696;0.7500004808434446;0.0;1.0;2.0;2;2;-0.28723949665345216;-0.28768200578406145;0.750332005312085;0.7500000500007901
761;4883;-0.28768143270919644;0.7500004798279168;0.0;1.0;2.0;2;2;-0.28724414820567556;-0.2876820057841698;0.7503285151116952;0.75000005000071
769;4883;-0.28768143404064256;0.75000047882899;0.0;1.0;2.0;2;2;-0.28724870299754457;-0.2876820057842764;0.7503250975292588;0.75000005000063
777;4883;-0.28768143535060026;0.7500004778461892;0.0;1.0;2.0;2;2;-0.28725316401715517;-0.28768200578438297;0.7503217503217503;0.75000005000055
785;4883;-0.2876814366396867;0.7500004768790578;0.0;1.0;2.0;2;2;-0.28725753413082167;-0.28768200578448955;0.7503184713375797;0.75000005000047
793;4883;-0.2876814379084854;0.7500004759271431;0.0;1.0;2.0;2;2;-0.2872618160892175;-0.28768200578459613;0.7503152585119798;0.75000005000039
801;4883;-0.2876814391575624;0.75000047499003;0.0;1.0;2.0;2;2;-0.2872660125331521;-0.2876820057847045;0.7503121098626716;0.75000005000031
809;4883;-0.28768144038746346;0.7500004740673083;0.0;1.0;2.0;2;2;-0.28727012599899293;-0.2876820057848093;0.7503090234857849;0.75000005000023
817;4883;-0.2876814415987089;0.7500004731585888;0.0;1.0;2.0;2;2;-0.2872741589237915;-0.2876820057849159;0.7503059975520195;0.75000005000015
825;4883;-0.2876814427918028;0.7500004722634905;0.0;1.0;2.0;2;2;-0.2872781136500846;-0.28768200578502245;0.7503030303030302;0.75000005000007
833;4882;-0.2876814438521507;0.7500004714679592;0.0;1.0;2.0;2;2;-0.28728199243044195;-0.2876820057714724;0.7503001200480192;0.7500000500102321
841;4882;-0.2876814450106109;0.7500004705988469;0.0;1.0;2.0;2;2;-0.28728579743173555;-0.28768200577158076;0.7502972651605232;0.750000050010152
849;4882;-0.2876814461523174;0.7500004697423097;0.0;1.0;2.0;2;2;-0.2872895307391845;-0.28768200577168734;0.7502944640753828;0.7500000500100721
857;4882;-0.28768144727770184;0.7500004688980204;0.0;1.0;2.0;2;2;-0.2872931943601609;-0.2876820057717939;0.750291715285881;0.750000050009992
865;4882;-0.2876814483871805;0.7500004680656658;0.0;1.0;2.0;2;2;-0.28729679022778853;-0.2876820057719005;0.7502890173410405;0.750000050009912
873;4882;-0.28768144948115654;0.7500004672449432;0.0;1.0;2.0;2;2;-0.28730032020435026;-0.2876820057720071;0.7502863688430699;0.7500000500098319
881;4882;-0.2876814505600191;0.750000466435565;0.0;1.0;2.0;2;2;-0.28730378608449403;-0.28768200577211367;0.7502837684449489;0.7500000500097519
889;4882;-0.28768145162414177;0.7500004656372424;0.0;1.0;2.0;2;2;-0.2873071895982813;-0.28768200577222025;0.750281214848144;0.7500000500096718
897;4882;-0.2876814526738869;0.7500004648497164;0.0;1.0;2.0;2;2;-0.2873105324140681;-0.2876820057723286;0.750278706800446;0.7500000500095918
905;4882;-0.28768145370960535;0.7500004640727075;0.0;1.0;2.0;2;2;-0.2873138161412294;-0.2876820057724352;0.7502762430939226;0.7500000500095118
913;4882;-0.28768145473163426;0.7500004633059774;0.0;1.0;2.0;2;2;-0.28731704233274247;-0.28768200577254177;0.7502738225629791;0.7500000500094318
921;4882;-0.28768145574029796;0.7500004625492717;0.0;1.0;2.0;2;2;-0.2873202124876366;-0.2876820057726466;0.750271444082519;0.7500000500093518
929;4882;-0.28768145673591566;0.7500004618023586;0.0;1.0;2.0;2;2;-0.28732332805331406;-0.28768200577275493;0.7502691065662002;0.7500000500092717
937;4882;-0.28768145771878945;0.7500004610650043;0.0;1.0;2.0;2;2;-0.287326390427757;-0.2876820057728615;0.7502668089647813;0.7500000500091917
945;4882;-0.287681458689215;0.750000460336992;0.0;1.0;2.0;2;2;-0.28732940096161563;-0.2876820057729663;0.7502645502645503;0.7500000500091116
953;4882;-0.2876814596474802;0.7500004596181067;0.0;1.0;2.0;2;2;-0.2873323609601943;-0.2876820057730747;0.7502623294858342;0.7500000500090316
961;4882;-0.2876814605938581;0.7500004589081384;0.0;1.0;2.0;2;2;-0.28733527168534323;-0.28768200577318126;0.7502601456815817;0.7500000500089516
969;4882;-0.2876814615286193;0.7500004582068883;0.0;1.0;2.0;2;2;-0.2873381343572472;-0.28768200577328784;0.7502579979360166;0.7500000500088716
977;4882;-0.28768146245202003;0.7500004575141633;0.0;1.0;2.0;2;2;-0.28734095015613104;-0.2876820057733944;0.7502558853633572;0.7500000500087916
985;4882;-0.28768146336431427;0.7500004568297706;0.0;1.0;2.0;2;2;-0.28734372022388754;-0.287682005773501;0.750253807106599;0.7500000500087115
993;4882;-0.28768146426574426;0.7500004561535281;0.0;1.0;2.0;2;2;-0.2873464456656132;-0.2876820057736076;0.7502517623363545;0.7500000500086315
1001;4882;-0.287681465156544;0.7500004554852673;0.0;1.0;2.0;2;2;-0.287349127551086;-0.28768200577371417;0.7502497502497503;0.7500000500085514
1009;4882;-0.28768146603694467;0.7500004548248043;0.0;1.0;2.0;2;2;-0.28735176691616005;-0.2876820057738225;0.7502477700693756;0.7500000500084715
1017;4882;-0.28768146690716806;0.7500004541719802;0.0;1.0;2.0;2;2;-0.28735436476410303;-0.28768200577392733;0.7502458210422812;0.7500000500083914
1;4882;-0.28768146776742665;0.7500004535266338;0.0;1.0;2.0;2;2;-0.2873569220668646;-0.2876820057740357;0.7502439024390244;0.7500000500083114
13;4883;-0.9808234648351335;0.3750021953949539;0.0;1.0;3.0;3;3;-0.9555114450274365;-0.9808291863341392;0.38461538461538464;0.3750000250040957
29;4883;-0.9808263108789862;0.3750011083407916;0.0;1.0;3.0;3;3;-0.9694005571881035;-0.9808291863343541;0.3793103448275862;0.37500002500401564
45;4883;-0.9808271416246973;0.3750007938729902;0.0;1.0;3.0;3;3;-0.9734491457141035;-0.9808291863345655;0.37777777777777777;0.37500002500393564
61;4883;-0.98082753856821;0.3750006440649115;0.0;1.0;3.0;3;3;-0.9753796482441617;-0.9808291863347804;0.3770491803278688;0.3750000250038556
77;4883;-0.9808277715300823;0.3750005562791686;0.0;1.0;3.0;3;3;-0.97650959186721;-0.9808291863349936;0.37662337662337664;0.37500002500377555
93;4883;-0.9808279249791491;0.37500049851023615;0.0;1.0;3.0;3;3;-0.9772514316638428;-0.9808291863352068;0.3763440860215054;0.37500002500369556
109;4883;-0.9808280338639754;0.3750004575445616;0.0;1.0;3.0;3;3;-0.9777758155248355;-0.9808291863354199;0.3761467889908257;0.3750000250036155
125;4883;-0.9808281152637689;0.37500042693372376;0.0;1.0;3.0;3;3;-0.9781661355922431;-0.9808291863356331;0.376;0.3750000250035355
141;4883;-0.9808281785150688;0.37500040315606775;0.0;1.0;3.0;3;3;-0.9784679768260465;-0.9808291863358463;0.375886524822695;0.3750000250034555
157;4883;-0.9808282291528413;0.3750003841253786;0.0;1.0;3.0;3;3;-0.978708361442588;-0.9808291863360612;0.37579617834394907;0.3750000250033755
173;4883;-0.9808282706667432;0.3750003685270898;0.0;1.0;3.0;3;3;-0.9789043246021425;-0.9808291863362744;0.37572254335260113;0.37500002500329543
189;4883;-0.9808283053660568;0.37500035549167354;0.0;1.0;3.0;3;3;-0.9790671380183271;-0.9808291863364875;0.37566137566137564;0.3750000250032154
205;4883;-0.9808283348399716;0.3750003444209749;0.0;1.0;3.0;3;3;-0.9792045572847243;-0.9808291863367007;0.375609756097561;0.3750000250031354
221;4883;-0.9808283602179965;0.37500033488997664;0.0;1.0;3.0;3;3;-0.9793220937211542;-0.9808291863369138;0.3755656108597285;0.37500002500305535
237;4883;-0.9808283823250374;0.37500032658836685;0.0;1.0;3.0;3;3;-0.9794237714029919;-0.980829186337127;0.3755274261603376;0.37500002500297536
253;4883;-0.9808284017776316;0.3750003192842679;0.0;1.0;3.0;3;3;-0.9795125971269796;-0.9808291863373402;0.37549407114624506;0.3750000250028953
269;4883;-0.9808284190458622;0.37500031280091467;0.0;1.0;3.0;3;3;-0.9795908627605794;-0.9808291863375551;0.3754646840148699;0.3750000250028153
285;4883;-0.9808284344944461;0.3750003070011869;0.0;1.0;3.0;3;3;-0.979660345806745;-0.9808291863377683;0.37543859649122807;0.3750000250027353
301;4883;-0.9808284484107136;0.3750003017770799;0.0;1.0;3.0;3;3;-0.9797224460365346;-0.9808291863379814;0.3754152823920266;0.3750000250026553
317;4883;-0.9808284610241167;0.3750002970423503;0.0;1.0;3.0;3;3;-0.9797782807657507;-0.9808291863381946;0.3753943217665615;0.3750000250025753
333;4883;-0.9808284725201198;0.37500029272729746;0.0;1.0;3.0;3;3;-0.9798287526781424;-0.9808291863384078;0.37537537537537535;0.37500002500249524
349;4883;-0.9808284830502904;0.3750002887749671;0.0;1.0;3.0;3;3;-0.9798745990012758;-0.9808291863386209;0.3753581661891118;0.37500002500241525
365;4883;-0.9808284927396945;0.3750002851383687;0.0;1.0;3.0;3;3;-0.9799164277543664;-0.9808291863388341;0.37534246575342467;0.3750000250023352
381;4883;-0.9808285016924834;0.37500028177837613;0.0;1.0;3.0;3;3;-0.9799547448667942;-0.980829186339049;0.3753280839895013;0.3750000250022552
397;4883;-0.9808285099960757;0.3750002786621449;0.0;1.0;3.0;3;3;-0.9799899747417316;-0.9808291863392604;0.37531486146095716;0.37500002500217516
413;4883;-0.9808285177244082;0.37500027576190137;0.0;1.0;3.0;3;3;-0.9800224760417864;-0.9808291863394736;0.37530266343825663;0.37500002500209517
429;4883;-0.9808285249404509;0.3750002730539947;0.0;1.0;3.0;3;3;-0.9800525539435538;-0.9808291863396885;0.3752913752913753;0.3750000250020152
445;4883;-0.9808285316981686;0.37500027051815454;0.0;1.0;3.0;3;3;-0.9800804697494847;-0.9808291863399017;0.3752808988764045;0.37500002500193513
461;4883;-0.980828538044073;0.3750002681369161;0.0;1.0;3.0;3;3;-0.9801064484988693;-0.9808291863401148;0.3752711496746204;0.37500002500185514
477;4883;-0.9808285440184862;0.3750002658951285;0.0;1.0;3.0;3;3;-0.9801306850475866;-0.980829186340328;0.3752620545073375;0.37500002500177515
493;4883;-0.9808285496565335;0.3750002637796105;0.0;1.0;3.0;3;3;-0.9801533489643655;-0.9808291863405412;0.3752535496957404;0.3750000250016951
509;4883;-0.9808285549889556;0.37500026177881135;0.0;1.0;3.0;3;3;-0.9801745885038926;-0.9808291863407543;0.37524557956778;0.3750000250016151
525;4883;-0.9808285600427872;0.3750002598825849;0.0;1.0;3.0;3;3;-0.9801945338536351;-0.9808291863409693;0.37523809523809526;0.3750000250015351
541;4883;-0.9808285648418856;0.3750002580819711;0.0;1.0;3.0;3;3;-0.980213299804694;-0.9808291863411807;0.3752310536044362;0.3750000250014551
557;4883;-0.9808285694074027;0.375000256369028;0.0;1.0;3.0;3;3;-0.9802309879624733;-0.9808291863413938;0.3752244165170557;0.3750000250013751
573;4883;-0.9808285737581458;0.3750002547366933;0.0;1.0;3.0;3;3;-0.9802476885870774;-0.980829186341607;0.37521815008726006;0.3750000250012951
589;4883;-0.9808285779109133;0.37500025317866215;0.0;1.0;3.0;3;3;-0.9802634821338341;-0.9808291863418219;0.37521222410865873;0.37500002500121504
605;4883;-0.9808285818807494;0.3750002516892874;0.0;1.0;3.0;3;3;-0.9802784405494389;-0.9808291863420351;0.3752066115702479;0.37500002500113505
621;4883;-0.980828585681146;0.3750002502635007;0.0;1.0;3.0;3;3;-0.9802926283677786;-0.9808291863422482;0.3752012882447665;0.37500002500105506
637;4883;-0.9808285893242903;0.3750002488967279;0.0;1.0;3.0;3;3;-0.9803061036406522;-0.9808291863424614;0.3751962323390895;0.375000025000975
653;4883;-0.9808285928211771;0.3750002475848461;0.0;1.0;3.0;3;3;-0.9803189187317036;-0.9808291863426746;0.37519142419601836;0.375000025000895
669;4883;-0.9808285961817598;0.3750002463241112;0.0;1.0;3.0;3;3;-0.9803311209964454;-0.9808291863428877;0.375186846038864;0.37500002500081503
685;4883;-0.9808285994150948;0.37500024511113056;0.0;1.0;3.0;3;3;-0.9803427533670055;-0.9808291863431027;0.37518248175182484;0.37500002500073504
701;4883;-0.9808286025294156;0.37500024394281056;0.0;1.0;3.0;3;3;-0.9803538548568254;-0.9808291863433158;0.3751783166904422;0.375000025000655
717;4883;-0.980828605532237;0.37500024281633065;0.0;1.0;3.0;3;3;-0.9803644609977811;-0.9808291863435272;0.37517433751743373;0.375000025000575
733;4883;-0.9808286084304245;0.37500024172911384;0.0;1.0;3.0;3;3;-0.9803746042200796;-0.9808291863437422;0.37517053206002726;0.375000025000495
749;4883;-0.9808286112302856;0.37500024067879456;0.0;1.0;3.0;3;3;-0.9803843141834738;-0.9808291863439553;0.3751668891855808;0.375000025000415
765;4883;-0.98082861393759;0.37500023966320367;0.0;1.0;3.0;3;3;-0.9803936180669144;-0.9808291863441685;0.37516339869281046;0.375000025000335
781;4883;-0.9808286165576583;0.37500023868034643;0.0;1.0;3.0;3;3;-0.9804025408226185;-0.9808291863443817;0.37516005121638923;0.375000025000255
797;4883;-0.9808286190953994;0.37500023772838226;0.0;1.0;3.0;3;3;-0.9804111053995284;-0.9808291863445948;0.3751568381430364;0.375000025000175
813;4883;-0.9808286215553351;0.3750002368056105;0.0;1.0;3.0;3;3;-0.9804193329403983;-0.980829186344808;0.3751537515375154;0.375000025000095
829;4883;-0.9808286239416382;0.37500023591046655;0.0;1.0;3.0;3;3;-0.9804272429560612;-0.9808291863450211;0.3751507840772014;0.375000025000015
845;4882;-0.9808286261434734;0.37500023508451363;0.0;1.0;3.0;3;3;-0.9804348534798937;-0.9808291863315795;0.37514792899408284;0.375000025005056
861;4882;-0.9808286283943516;0.37500023424018447;0.0;1.0;3.0;3;3;-0.9804421812050741;-0.9808291863317926;0.37514518002322883;0.375000025004976
877;4882;-0.9808286305824016;0.3750002334194276;0.0;1.0;3.0;3;3;-0.9804492416068111;-0.9808291863320058;0.3751425313568985;0.37500002500489593
893;4882;-0.980828632710733;0.37500023262107324;0.0;1.0;3.0;3;3;-0.9804560490514325;-0.9808291863322189;0.3751399776035834;0.37500002500481594
909;4882;-0.9808286347822516;0.37500023184403536;0.0;1.0;3.0;3;3;-0.9804626168939619;-0.9808291863324321;0.37513751375137516;0.3750000250047359
925;4882;-0.9808286367996637;0.3750002310873017;0.0;1.0;3.0;3;3;-0.9804689575655656;-0.980829186332647;0.37513513513513513;0.37500002500465585
941;4882;-0.9808286387654889;0.37500023034992197;0.0;1.0;3.0;3;3;-0.9804750826520827;-0.9808291863328602;0.3751328374070138;0.37500002500457585
957;4882;-0.9808286406820833;0.37500022963101115;0.0;1.0;3.0;3;3;-0.9804810029646758;-0.9808291863330716;0.37513061650992685;0.3750000250044958
973;4882;-0.980828642551669;0.3750002289297365;0.0;1.0;3.0;3;3;-0.9804867286035135;-0.9808291863332865;0.3751284686536485;0.37500002500441576
989;4882;-0.980828644376317;0.3750002282453212;0.0;1.0;3.0;3;3;-0.9804922690152775;-0.9808291863334997;0.3751263902932255;0.37500002500433577
1005;4882;-0.9808286461579759;0.375000227577035;0.0;1.0;3.0;3;3;-0.9804976330451654;-0.9808291863337129;0.37512437810945276;0.3750000250042557
1021;4882;-0.9808286478984762;0.37500022692419077;0.0;1.0;3.0;3;3;-0.9805028289840196;-0.9808291863339278;0.3751224289911851;0.3750000250041757
5;4883;-1.6739626124559244;0.1875026731801744;0.0;1.0;4.0;4;4;-1.6094379124341003;-1.6739763668939798;0.2;0.18750001250206785
37;4883;-1.6739739960506312;0.18750045858733236;0.0;1.0;4.0;4;4;-1.6650077635889111;-1.6739763668944043;0.1891891891891892;0.1875000125019878
69;4883;-1.6739748489956465;0.18750029755767794;0.0;1.0;4.0;4;4;-1.669157147135723;-1.6739763668948306;0.18840579710144928;0.1875000125019078
101;4883;-1.6739751642313714;0.18750023821288964;0.0;1.0;4.0;4;4;-1.6706815376748194;-1.6739763668952587;0.18811881188118812;0.18750001250182777
133;4883;-1.6739753293096524;0.18750020717233037;0.0;1.0;4.0;4;4;-1.6714733033535532;-1.673976366895685;0.18796992481203006;0.18750001250174775
165;4883;-1.6739754314449207;0.18750018797971554;0.0;1.0;4.0;4;4;-1.671958269415434;-1.6739763668961132;0.18787878787878787;0.18750001250166773
197;4883;-1.6739755012369624;0.18750017487026568;0.0;1.0;4.0;4;4;-1.6722858160937641;-1.6739763668965395;0.18781725888324874;0.1875000125015877
229;4883;-1.6739755521977715;0.18750016530075383;0.0;1.0;4.0;4;4;-1.6725218878606776;-1.6739763668969676;0.18777292576419213;0.1875000125015077
261;4883;-1.6739755912198495;0.18750015797467712;0.0;1.0;4.0;4;4;-1.6727001092120672;-1.6739763668973922;0.18773946360153257;0.18750001250142767
293;4883;-1.6739756221885564;0.18750015216150615;0.0;1.0;4.0;4;4;-1.6728394237845965;-1.6739763668978203;0.18771331058020477;0.18750001250134765
325;4883;-1.673975647461568;0.18750014741809168;0.0;1.0;4.0;4;4;-1.672951318156426;-1.6739763668982466;0.18769230769230769;0.18750001250126763
357;4883;-1.6739756685530873;0.18750014345990582;0.0;1.0;4.0;4;4;-1.673043162388673;-1.673976366898673;0.1876750700280112;0.1875000125011876
389;4883;-1.6739756864804665;0.18750014009581695;0.0;1.0;4.0;4;4;-1.673119902470055;-1.673976366899101;0.18766066838046272;0.1875000125011076
421;4883;-1.6739757019528483;0.18750013719262248;0.0;1.0;4.0;4;4;-1.6731849812153596;-1.6739763668995273;0.1876484560570071;0.18750001250102757
453;4883;-1.6739757154798915;0.18750013465460252;0.0;1.0;4.0;4;4;-1.6732408689927176;-1.6739763668999537;0.18763796909492272;0.18750001250094758
485;4883;-1.6739757274374858;0.18750013241117125;0.0;1.0;4.0;4;4;-1.6732893844206336;-1.67397636690038;0.18762886597938144;0.18750001250086756
517;4883;-1.6739757381090818;0.1875001304091064;0.0;1.0;4.0;4;4;-1.6733318960050463;-1.6739763669008063;0.18762088974854932;0.18750001250078754
549;4883;-1.6739757477125565;0.1875001286074999;0.0;1.0;4.0;4;4;-1.6733694532798946;-1.6739763669012326;0.18761384335154827;0.18750001250070755
581;4883;-1.673975756418247;0.18750012697437857;0.0;1.0;4.0;4;4;-1.6734028746227674;-1.6739763669016607;0.18760757314974183;0.18750001250062753
613;4883;-1.673975764361281;0.1875001254843713;0.0;1.0;4.0;4;4;-1.6734328075729614;-1.673976366902087;0.18760195758564438;0.1875000125005475
645;4883;-1.673975771650312;0.18750012411708455;0.0;1.0;4.0;4;4;-1.673459771199031;-1.6739763669025134;0.1875968992248062;0.18750001250046752
677;4883;-1.6739757783737512;0.18750012285592627;0.0;1.0;4.0;4;4;-1.6734841864536838;-1.6739763669029415;0.18759231905465287;0.1875000125003875
709;4883;-1.673975784604269;0.1875001216872534;0.0;1.0;4.0;4;4;-1.6735063983103737;-1.673976366903366;0.18758815232722145;0.1875000125003075
741;4883;-1.673975790402218;0.18750012059974078;0.0;1.0;4.0;4;4;-1.673526692165395;-1.6739763669037941;0.18758434547908232;0.1875000125002275
773;4883;-1.6739757958181565;0.18750011958390067;0.0;1.0;4.0;4;4;-1.6735453061668482;-1.6739763669042205;0.18758085381630013;0.1875000125001475
805;4883;-1.673975800894772;0.18750011863172447;0.0;1.0;4.0;4;4;-1.6735624406036393;-1.6739763669046468;0.18757763975155278;0.1875000125000675
837;4882;-1.6739758055533933;0.18750011775795253;0.0;1.0;4.0;4;4;-1.6735782651411677;-1.6739763668914165;0.1875746714456392;0.18750001250254802
869;4882;-1.6739758100559725;0.18750011691346777;0.0;1.0;4.0;4;4;-1.6735929244586298;-1.6739763668918446;0.18757192174913695;0.18750001250246798
901;4882;-1.6739758143133692;0.187500116114978;0.0;1.0;4.0;4;4;-1.6736065426852642;-1.673976366892271;0.18756936736958935;0.18750001250238796
933;4882;-1.6739758183488196;0.1875001153581252;0.0;1.0;4.0;4;4;-1.6736192269238295;-1.673976366892699;0.18756698821007503;0.18750001250230794
965;4882;-1.6739758221825587;0.1875001146391092;0.0;1.0;4.0;4;4;-1.67363107007316;-1.6739763668931253;0.18756476683937823;0.1875000125022279
997;4882;-1.67397582583235;0.18750011395460287;0.0;1.0;4.0;4;4;-1.6736421531072514;-1.6739763668935517;0.18756268806419257;0.18750001250214787
53;4883;-2.367121730965232;0.09375017692653488;0.0;1.0;5.0;5;5;-2.360854001118022;-2.3671235474545647;0.09433962264150944;0.0937500062509739
117;4883;-2.3671224384163474;0.09375011030250874;0.0;1.0;5.0;5;5;-2.3642786619993856;-2.3671235474554173;0.09401709401709402;0.09375000625089387
181;4883;-2.3671226498756357;0.09375009043284031;0.0;1.0;5.0;5;5;-2.36528368720961;-2.3671235474562717;0.09392265193370165;0.09375000625081385
245;4883;-2.3671227534707833;0.09375008070593936;0.0;1.0;5.0;5;5;-2.3657639946155777;-2.3671235474571244;0.09387755102040816;0.09375000625073383
309;4883;-2.367122815987667;0.093750074838309;0.0;1.0;5.0;5;5;-2.3660454469112717;-2.367123547457977;0.09385113268608414;0.09375000625065381
373;4883;-2.367122858422247;0.09375007085649542;0.0;1.0;5.0;5;5;-2.3662303581544024;-2.3671235474588315;0.0938337801608579;0.09375000625057381
437;4883;-2.3671228894934284;0.09375006794142904;0.0;1.0;5.0;5;5;-2.366361128391282;-2.367123547459686;0.09382151029748284;0.09375000625049379
501;4883;-2.367122913479067;0.0937500656913839;0.0;1.0;5.0;5;5;-2.366458499374806;-2.3671235474605403;0.09381237524950099;0.09375000625041378
565;4883;-2.3671229327284062;0.09375006388579876;0.0;1.0;5.0;5;5;-2.3665338175943194;-2.367123547461393;0.09380530973451327;0.09375000625033376
629;4883;-2.3671229486415597;0.09375006239325112;0.0;1.0;5.0;5;5;-2.3665938127947213;-2.3671235474622456;0.09379968203497616;0.09375000625025376
693;4883;-2.367122962106544;0.09375006113039232;0.0;1.0;5.0;5;5;-2.3666427292942664;-2.3671235474630983;0.09379509379509379;0.09375000625017375
757;4883;-2.367122973715053;0.09375006004169674;0.0;1.0;5.0;5;5;-2.366683376396133;-2.3671235474639527;0.09379128137384413;0.09375000625009375
821;4883;-2.3671229838773318;0.0937500590886701;0.0;1.0;5.0;5;5;-2.3667176875987437;-2.3671235474648054;0.09378806333739342;0.09375000625001376
885;4882;-2.3671229927737376;0.09375005825438015;0.0;1.0;5.0;5;5;-2.366747037211331;-2.367123547452003;0.09378531073446328;0.09375000625121399
949;4882;-2.3671230008496837;0.09375005749705248;0.0;1.0;5.0;5;5;-2.3667724288777885;-2.367123547452856;0.09378292939936776;0.09375000625113396
1013;4882;-2.3671230081531474;0.09375005681218097;0.0;1.0;5.0;5;5;-2.3667946126481425;-2.3671235474537102;0.09378084896347483;0.09375000625105392
21;4883;-3.0602669670993734;0.04687518061587571;0.0;1.0;6.0;6;6;-3.044522437723423;-3.0602707280140837;0.047619047619047616;0.04687500312550696
149;4883;-3.0602697468373017;0.04687504914284294;0.0;1.0;6.0;6;6;-3.0580361568901457;-3.060270728015791;0.04697986577181208;0.04687500312542693
277;4883;-3.0602699686579307;0.046875038727866504;0.0;1.0;6.0;6;6;-3.059068148725802;-3.060270728017496;0.04693140794223827;0.04687500312534691
405;4883;-3.060270055607826;0.04687503464832373;0.0;1.0;6.0;6;6;-3.0594480879400985;-3.060270728019205;0.04691358024691358;0.0468750031252669
533;4883;-3.060270104152646;0.04687503237135569;0.0;1.0;6.0;6;6;-3.0596455992976437;-3.0602707280209103;0.04690431519699812;0.04687500312518689
661;4883;-3.06027013619775;0.04687503086853823;0.0;1.0;6.0;6;6;-3.0597666353665396;-3.0602707280226173;0.046898638426626324;0.04687500312510688
789;4883;-3.0602701595163686;0.04687502977507639;0.0;1.0;6.0;6;6;-3.0598484082016495;-3.0602707280243244;0.046894803548795945;0.046875003125026876
917;4882;-3.0602701774773973;0.0468750289328991;0.0;1.0;6.0;6;6;-3.0599073565629022;-3.060270728012375;0.04689203925845147;0.046875003125586984
213;4883;-3.753417070223401;0.023437521217786927;0.0;1.0;7.0;7;7;-3.751854253275325;-3.753417908576589;0.023474178403755867;0.02343750156269346
469;4883;-3.7534172633152005;0.02343751668746592;0.0;1.0;7.0;7;7;-3.7527074956479085;-3.7534179085800012;0.023454157782515993;0.023437501562613445
725;4883;-3.753417329233793;0.023437515141747956;0.0;1.0;7.0;7;7;-3.7529583107984585;-3.7534179085834154;0.023448275862068966;0.02343750156253344
981;4882;-3.753417365709272;0.023437514286591785;0.0;1.0;7.0;7;7;-3.753078243636214;-3.7534179085731747;0.023445463812436288;0.023437501562773487
85;4883;-4.446563758193644;0.01171876639692567;0.0;1.0;8.0;8;8;-4.442651256490317;-4.446565089134827;0.011764705882352941;0.011718750781366737
597;4883;-4.446564482717556;0.0117187578883038;0.0;1.0;8.0;8;8;-4.446006964337289;-4.446565089141654;0.011725293132328308;0.011718750781286721
853;4882;-5.139711710636655;0.00585937866655199;0.0;1.0;9.0;9;9;-5.139321635057579;-5.139712269691358;0.005861664712778429;0.005859375390703375
341;4883;-6.52543811801049;0.001953289797427963;0.0;1.0;10.999180831456073;10;22;-5.831882477283517;-14.15062544523208;0.002932551319648094;7.152559078349847e-07
