node,K,L,b,total_lift_classes,canonical_source_classes,shadowed_initial_classes,no_initial_classes,internal_hit_classes,external_hit_classes,below_start_classes,budget_classes,max_steps_observed,max_bit_length_observed
K10:L7:w1-1-1-1-1-1-4:b1,10,7,1,64,26,38,0,26,0,0,0,1,18
K10:L7:w1-1-1-1-1-2-3:b1,10,7,1,64,26,38,0,26,0,0,0,1,18
K10:L7:w1-1-1-1-1-3-2:b1,10,7,1,64,26,38,0,26,0,0,0,1,18
K10:L7:w1-1-1-1-1-3-2:b2,10,7,2,64,64,0,0,64,0,0,0,1,28
K10:L7:w1-1-1-1-2-1-3:b1,10,7,1,64,27,37,0,27,0,0,0,1,18
K10:L7:w1-1-1-1-2-1-3:b2,10,7,2,64,64,0,0,64,0,0,0,1,28
K10:L7:w1-1-1-1-2-2-2:b1,10,7,1,64,27,37,0,27,0,0,0,1,18
K10:L7:w1-1-1-1-2-2-2:b2,10,7,2,64,64,0,0,64,0,0,0,1,28
K10:L7:w1-1-1-1-3-1-2:b1,10,7,1,64,27,37,0,27,0,0,0,1,18
K10:L7:w1-1-1-1-3-1-2:b2,10,7,2,64,64,0,0,64,0,0,0,1,28
K10:L7:w1-1-1-2-1-1-3:b1,10,7,1,64,29,35,0,29,0,0,0,1,18
K10:L7:w1-1-1-2-1-1-3:b2,10,7,2,64,63,1,0,63,0,0,0,1,28
K10:L7:w1-1-1-2-1-2-2:b1,10,7,1,64,29,35,0,29,0,0,0,1,18
K10:L7:w1-1-1-2-1-2-2:b2,10,7,2,64,64,0,0,64,0,0,0,1,28
K10:L7:w1-1-1-2-2-1-2:b1,10,7,1,64,28,36,0,28,0,0,0,1,18
K10:L7:w1-1-1-2-2-1-2:b2,10,7,2,64,64,0,0,64,0,0,0,1,28
K10:L7:w1-1-1-3-1-1-2:b1,10,7,1,64,30,34,0,30,0,0,0,4,19
K10:L7:w1-1-1-3-1-1-2:b2,10,7,2,64,64,0,0,64,0,0,0,4,29
K10:L7:w1-1-2-1-1-2-2:b2,10,7,2,64,64,0,0,64,0,0,0,1,28
K10:L7:w1-1-2-1-2-1-2:b1,10,7,1,64,33,31,0,33,0,0,0,1,18
K10:L7:w1-1-2-1-2-1-2:b2,10,7,2,64,64,0,0,64,0,0,0,1,28
K10:L8:w1-1-1-1-1-1-1-3:b1,10,8,1,64,11,53,0,11,0,0,0,1,18
K10:L8:w1-1-1-1-1-1-2-2:b1,10,8,1,64,11,53,0,11,0,0,0,1,18
K10:L8:w1-1-1-1-1-2-1-2:b1,10,8,1,64,11,53,0,11,0,0,0,1,18
K10:L8:w1-1-1-1-2-1-1-2:b1,10,8,1,64,12,52,0,12,0,0,0,1,18
K10:L9:w1-1-1-1-1-1-1-1-2:b1,10,9,1,64,8,56,0,8,0,0,0,1,18
K10:L9:w1-1-1-1-1-1-1-1-2:b2,10,9,2,64,64,0,0,64,0,0,0,1,28
K11:L10:w1-1-1-1-1-1-1-1-1-2:b1,11,10,1,64,12,52,0,12,0,0,0,1,19
K11:L7:w1-1-1-1-1-1-5:b1,11,7,1,64,50,14,0,5,0,45,0,11,22
K11:L7:w1-1-1-1-1-2-4:b1,11,7,1,64,50,14,0,50,0,0,0,1,19
K11:L7:w1-1-1-1-1-3-3:b1,11,7,1,64,50,14,0,50,0,0,0,1,19
K11:L7:w1-1-1-1-1-3-3:b2,11,7,2,64,64,0,0,64,0,0,0,1,30
K11:L7:w1-1-1-1-1-4-2:b1,11,7,1,64,50,14,0,3,0,47,0,14,22
K11:L7:w1-1-1-1-2-1-4:b1,11,7,1,64,50,14,0,50,0,0,0,1,19
K11:L7:w1-1-1-1-2-2-3:b1,11,7,1,64,50,14,0,50,0,0,0,1,19
K11:L7:w1-1-1-1-2-3-2:b1,11,7,1,64,50,14,0,50,0,0,0,1,19
K11:L7:w1-1-1-1-3-1-3:b1,11,7,1,64,50,14,0,50,0,0,0,1,19
K11:L7:w1-1-1-1-3-2-2:b1,11,7,1,64,50,14,0,50,0,0,0,1,19
K11:L7:w1-1-1-1-4-1-2:b1,11,7,1,64,50,14,0,0,0,50,0,5,21
K11:L7:w1-1-1-2-1-1-4:b1,11,7,1,64,52,12,0,52,0,0,0,1,19
K11:L7:w1-1-1-2-1-2-3:b1,11,7,1,64,52,12,0,52,0,0,0,1,19
K11:L7:w1-1-1-2-1-3-2:b1,11,7,1,64,52,12,0,52,0,0,0,1,19
K11:L7:w1-1-1-2-1-3-2:b2,11,7,2,64,64,0,0,64,0,0,0,1,30
K11:L7:w1-1-1-2-2-1-3:b1,11,7,1,64,52,12,0,52,0,0,0,1,19
K11:L7:w1-1-1-2-2-2-2:b1,11,7,1,64,52,12,0,52,0,0,0,1,19
K11:L7:w1-1-1-2-3-1-2:b1,11,7,1,64,52,12,0,52,0,0,0,1,19
K11:L7:w1-1-1-3-1-1-3:b1,11,7,1,64,52,12,0,6,0,46,0,13,20
K11:L7:w1-1-1-3-1-2-2:b1,11,7,1,64,52,12,0,52,0,0,0,4,20
K11:L7:w1-1-1-3-2-1-2:b1,11,7,1,64,52,12,0,0,0,52,0,5,20
K11:L7:w1-1-1-4-1-1-2:b1,11,7,1,64,52,12,0,0,0,52,0,4,20
K11:L7:w1-1-2-1-1-2-3:b2,11,7,2,64,64,0,0,64,0,0,0,1,30
K11:L7:w1-1-2-1-1-3-2:b1,11,7,1,64,56,8,0,56,0,0,0,1,19
K11:L7:w1-1-2-1-2-1-3:b1,11,7,1,64,56,8,0,56,0,0,0,1,19
K11:L7:w1-1-2-1-2-2-2:b1,11,7,1,64,55,9,0,55,0,0,0,1,19
K11:L7:w1-1-2-1-3-1-2:b1,11,7,1,64,56,8,0,56,0,0,0,1,19
K11:L7:w1-1-2-2-1-1-3:b1,11,7,1,64,56,8,0,56,0,0,0,1,19
K11:L7:w1-1-2-2-1-1-3:b2,11,7,2,64,64,0,0,64,0,0,0,1,30
K11:L7:w1-1-2-2-1-2-2:b1,11,7,1,64,56,8,0,56,0,0,0,1,19
K11:L7:w1-1-2-2-1-2-2:b2,11,7,2,64,64,0,0,64,0,0,0,1,30
K11:L7:w1-1-2-2-2-1-2:b1,11,7,1,64,56,8,0,56,0,0,0,1,19
K11:L7:w1-1-3-1-2-1-2:b1,11,7,1,64,56,8,0,0,0,56,0,3,20
K11:L8:w1-1-1-1-1-1-1-4:b1,11,8,1,64,20,44,0,20,0,0,0,1,19
K11:L8:w1-1-1-1-1-1-2-3:b1,11,8,1,64,20,44,0,20,0,0,0,1,19
K11:L8:w1-1-1-1-1-1-3-2:b1,11,8,1,64,20,44,0,20,0,0,0,1,19
K11:L8:w1-1-1-1-1-2-1-3:b1,11,8,1,64,20,44,0,20,0,0,0,1,19
K11:L8:w1-1-1-1-1-2-2-2:b1,11,8,1,64,20,44,0,20,0,0,0,1,19
K11:L8:w1-1-1-1-1-3-1-2:b1,11,8,1,64,20,44,0,20,0,0,0,1,19
K11:L8:w1-1-1-1-2-1-1-3:b1,11,8,1,64,20,44,0,20,0,0,0,1,19
K11:L8:w1-1-1-1-2-1-2-2:b1,11,8,1,64,20,44,0,20,0,0,0,1,19
K11:L8:w1-1-1-1-2-2-1-2:b1,11,8,1,64,20,44,0,20,0,0,0,1,19
K11:L8:w1-1-1-1-3-1-1-2:b1,11,8,1,64,20,44,0,20,0,0,0,1,19
K11:L8:w1-1-1-2-1-1-1-3:b1,11,8,1,64,22,42,0,22,0,0,0,1,19
K11:L8:w1-1-1-2-1-1-1-3:b2,11,8,2,64,64,0,0,64,0,0,0,1,30
K11:L8:w1-1-1-2-1-1-2-2:b1,11,8,1,64,22,42,0,22,0,0,0,1,19
K11:L8:w1-1-1-2-1-2-1-2:b1,11,8,1,64,22,42,0,22,0,0,0,1,19
K11:L8:w1-1-1-2-2-1-1-2:b1,11,8,1,64,22,42,0,22,0,0,0,1,19
K11:L9:w1-1-1-1-1-1-1-1-3:b1,11,9,1,64,14,50,0,14,0,0,0,1,19
K11:L9:w1-1-1-1-1-1-1-2-2:b1,11,9,1,64,14,50,0,14,0,0,0,1,19
K11:L9:w1-1-1-1-1-1-2-1-2:b1,11,9,1,64,14,50,0,14,0,0,0,1,19
K11:L9:w1-1-1-1-1-2-1-1-2:b1,11,9,1,64,14,50,0,14,0,0,0,1,19
K11:L9:w1-1-1-1-2-1-1-1-2:b1,11,9,1,64,14,50,0,14,0,0,0,1,19
K11:L9:w1-1-1-1-2-1-1-1-2:b2,11,9,2,64,64,0,0,64,0,0,0,1,30
K12:L10:w1-1-1-1-1-1-1-1-1-3:b1,12,10,1,64,20,44,0,20,0,0,0,1,20
K12:L10:w1-1-1-1-1-1-1-1-2-2:b1,12,10,1,64,20,44,0,20,0,0,0,1,20
K12:L10:w1-1-1-1-1-1-1-2-1-2:b1,12,10,1,64,20,44,0,20,0,0,0,1,20
K12:L10:w1-1-1-1-1-1-2-1-1-2:b1,12,10,1,64,20,44,0,20,0,0,0,1,20
K12:L10:w1-1-1-1-1-2-1-1-1-2:b1,12,10,1,64,20,44,0,20,0,0,0,1,20
K12:L11:w1-1-1-1-1-1-1-1-1-1-2:b1,12,11,1,64,20,44,0,20,0,0,0,1,20
K12:L8:w1-1-1-1-1-1-1-5:b1,12,8,1,64,36,28,0,36,0,0,0,1,20
K12:L8:w1-1-1-1-1-1-2-4:b1,12,8,1,64,36,28,0,36,0,0,0,1,20
K12:L8:w1-1-1-1-1-1-3-3:b1,12,8,1,64,36,28,0,36,0,0,0,1,20
K12:L8:w1-1-1-1-1-1-4-2:b1,12,8,1,64,36,28,0,36,0,0,0,1,20
K12:L8:w1-1-1-1-1-2-1-4:b1,12,8,1,64,36,28,0,36,0,0,0,1,20
K12:L8:w1-1-1-1-1-2-2-3:b1,12,8,1,64,36,28,0,36,0,0,0,1,20
K12:L8:w1-1-1-1-1-2-3-2:b1,12,8,1,64,36,28,0,36,0,0,0,1,20
K12:L8:w1-1-1-1-1-3-1-3:b1,12,8,1,64,36,28,0,36,0,0,0,1,20
K12:L8:w1-1-1-1-1-3-2-2:b1,12,8,1,64,36,28,0,36,0,0,0,1,20
K12:L8:w1-1-1-1-1-4-1-2:b1,12,8,1,64,36,28,0,36,0,0,0,1,20
K12:L8:w1-1-1-1-2-1-1-4:b1,12,8,1,64,36,28,0,36,0,0,0,1,20
K12:L8:w1-1-1-1-2-1-2-3:b1,12,8,1,64,36,28,0,36,0,0,0,1,20
K12:L8:w1-1-1-1-2-1-3-2:b1,12,8,1,64,36,28,0,36,0,0,0,1,20
K12:L8:w1-1-1-1-2-2-1-3:b1,12,8,1,64,36,28,0,36,0,0,0,1,20
K12:L8:w1-1-1-1-2-2-1-3:b2,12,8,2,64,64,0,0,64,0,0,0,1,32
K12:L8:w1-1-1-1-2-2-2-2:b1,12,8,1,64,36,28,0,36,0,0,0,1,20
K12:L8:w1-1-1-1-2-3-1-2:b1,12,8,1,64,36,28,0,36,0,0,0,1,20
K12:L8:w1-1-1-1-3-1-1-3:b1,12,8,1,64,36,28,0,35,1,0,0,1,20
K12:L8:w1-1-1-1-3-1-2-2:b1,12,8,1,64,36,28,0,36,0,0,0,1,20
K12:L8:w1-1-1-1-3-2-1-2:b1,12,8,1,64,36,28,0,36,0,0,0,1,20
K12:L8:w1-1-1-1-4-1-1-2:b1,12,8,1,64,36,28,0,36,0,0,0,1,20
K12:L8:w1-1-1-2-1-1-1-4:b1,12,8,1,64,36,28,0,36,0,0,0,1,20
K12:L8:w1-1-1-2-1-1-2-3:b1,12,8,1,64,36,28,0,36,0,0,0,1,20
K12:L8:w1-1-1-2-1-1-3-2:b1,12,8,1,64,36,28,0,36,0,0,0,1,20
K12:L8:w1-1-1-2-1-2-1-3:b1,12,8,1,64,36,28,0,36,0,0,0,1,20
K12:L8:w1-1-1-2-1-2-2-2:b1,12,8,1,64,36,28,0,36,0,0,0,1,20
K12:L8:w1-1-1-2-1-3-1-2:b1,12,8,1,64,36,28,0,36,0,0,0,1,20
K12:L8:w1-1-1-2-2-1-1-3:b1,12,8,1,64,36,28,0,36,0,0,0,1,20
K12:L8:w1-1-1-2-2-1-2-2:b1,12,8,1,64,36,28,0,36,0,0,0,1,20
K12:L8:w1-1-1-2-2-2-1-2:b1,12,8,1,64,36,28,0,36,0,0,0,1,20
K12:L8:w1-1-1-2-3-1-1-2:b1,12,8,1,64,36,28,0,36,0,0,0,1,20
K12:L8:w1-1-1-3-1-1-2-2:b1,12,8,1,64,36,28,0,36,0,0,0,4,21
K12:L8:w1-1-1-3-1-2-1-2:b1,12,8,1,64,36,28,0,36,0,0,0,1,20
K12:L8:w1-1-1-3-2-1-1-2:b1,12,8,1,64,36,28,0,0,0,36,0,5,21
K12:L8:w1-1-2-1-1-3-1-2:b1,12,8,1,64,40,24,0,40,0,0,0,1,20
K12:L8:w1-1-2-1-2-1-1-3:b1,12,8,1,64,40,24,0,40,0,0,0,1,20
K12:L8:w1-1-2-1-2-1-2-2:b1,12,8,1,64,40,24,0,40,0,0,0,1,20
K12:L8:w1-1-2-1-2-2-1-2:b1,12,8,1,64,40,24,0,40,0,0,0,1,20
K12:L8:w1-1-2-2-1-2-1-2:b1,12,8,1,64,40,24,0,40,0,0,0,1,20
K12:L9:w1-1-1-1-1-1-1-1-4:b1,12,9,1,64,24,40,0,24,0,0,0,1,20
K12:L9:w1-1-1-1-1-1-1-2-3:b1,12,9,1,64,24,40,0,24,0,0,0,1,20
K12:L9:w1-1-1-1-1-1-1-2-3:b2,12,9,2,64,64,0,0,64,0,0,0,1,32
K12:L9:w1-1-1-1-1-1-1-3-2:b1,12,9,1,64,24,40,0,24,0,0,0,1,20
K12:L9:w1-1-1-1-1-1-2-1-3:b1,12,9,1,64,24,40,0,24,0,0,0,1,20
K12:L9:w1-1-1-1-1-1-2-1-3:b2,12,9,2,64,64,0,0,64,0,0,0,1,32
K12:L9:w1-1-1-1-1-1-2-2-2:b1,12,9,1,64,24,40,0,24,0,0,0,1,20
K12:L9:w1-1-1-1-1-1-3-1-2:b1,12,9,1,64,24,40,0,24,0,0,0,1,20
K12:L9:w1-1-1-1-1-1-3-1-2:b2,12,9,2,64,64,0,0,64,0,0,0,1,32
K12:L9:w1-1-1-1-1-2-1-1-3:b1,12,9,1,64,24,40,0,24,0,0,0,1,20
K12:L9:w1-1-1-1-1-2-1-2-2:b1,12,9,1,64,24,40,0,24,0,0,0,1,20
K12:L9:w1-1-1-1-1-2-2-1-2:b1,12,9,1,64,24,40,0,24,0,0,0,1,20
K12:L9:w1-1-1-1-1-3-1-1-2:b1,12,9,1,64,24,40,0,24,0,0,0,1,20
K12:L9:w1-1-1-1-2-1-1-1-3:b1,12,9,1,64,24,40,0,24,0,0,0,1,20
K12:L9:w1-1-1-1-2-1-1-2-2:b1,12,9,1,64,24,40,0,24,0,0,0,1,20
K12:L9:w1-1-1-1-2-1-2-1-2:b1,12,9,1,64,24,40,0,24,0,0,0,1,20
K12:L9:w1-1-1-1-2-2-1-1-2:b1,12,9,1,64,24,40,0,24,0,0,0,1,20
K12:L9:w1-1-1-1-3-1-1-1-2:b1,12,9,1,64,24,40,0,24,0,0,0,1,20
K12:L9:w1-1-1-2-1-1-2-1-2:b1,12,9,1,64,24,40,0,24,0,0,0,1,20
K12:L9:w1-1-1-2-1-2-1-1-2:b1,12,9,1,64,24,40,0,24,0,0,0,1,20
K13:L10:w1-1-1-1-1-1-1-1-1-4:b1,13,10,1,64,32,32,0,32,0,0,0,1,21
K13:L10:w1-1-1-1-1-1-1-1-2-3:b1,13,10,1,64,32,32,0,32,0,0,0,1,21
K13:L10:w1-1-1-1-1-1-1-1-3-2:b1,13,10,1,64,32,32,0,32,0,0,0,1,21
K13:L10:w1-1-1-1-1-1-1-2-1-3:b1,13,10,1,64,32,32,0,32,0,0,0,1,21
K13:L10:w1-1-1-1-1-1-1-2-2-2:b1,13,10,1,64,32,32,0,32,0,0,0,1,21
K13:L10:w1-1-1-1-1-1-1-3-1-2:b1,13,10,1,64,32,32,0,32,0,0,0,1,21
K13:L10:w1-1-1-1-1-1-2-1-1-3:b1,13,10,1,64,32,32,0,32,0,0,0,1,21
K13:L10:w1-1-1-1-1-1-2-1-2-2:b1,13,10,1,64,32,32,0,32,0,0,0,1,21
K13:L10:w1-1-1-1-1-1-2-2-1-2:b1,13,10,1,64,32,32,0,32,0,0,0,1,21
K13:L10:w1-1-1-1-1-1-3-1-1-2:b1,13,10,1,64,32,32,0,32,0,0,0,1,21
K13:L10:w1-1-1-1-1-2-1-1-1-3:b1,13,10,1,64,32,32,0,32,0,0,0,1,21
K13:L10:w1-1-1-1-1-2-1-1-2-2:b1,13,10,1,64,32,32,0,32,0,0,0,1,21
K13:L10:w1-1-1-1-1-2-1-2-1-2:b1,13,10,1,64,32,32,0,32,0,0,0,1,21
K13:L10:w1-1-1-1-1-2-2-1-1-2:b1,13,10,1,64,32,32,0,32,0,0,0,1,21
K13:L10:w1-1-1-1-1-3-1-1-1-2:b1,13,10,1,64,32,32,0,32,0,0,0,1,21
K13:L10:w1-1-1-1-2-1-1-1-1-3:b1,13,10,1,64,32,32,0,32,0,0,0,1,21
K13:L10:w1-1-1-1-2-1-1-1-2-2:b1,13,10,1,64,32,32,0,32,0,0,0,1,21
K13:L10:w1-1-1-1-2-1-1-2-1-2:b1,13,10,1,64,32,32,0,32,0,0,0,1,21
K13:L10:w1-1-1-1-2-1-2-1-1-2:b1,13,10,1,64,32,32,0,32,0,0,0,1,21
K13:L10:w1-1-1-1-2-2-1-1-1-2:b1,13,10,1,64,32,32,0,32,0,0,0,1,21
K13:L10:w1-1-1-2-1-1-2-1-1-2:b1,13,10,1,64,32,32,0,31,1,0,0,1,21
K13:L11:w1-1-1-1-1-1-1-1-1-1-3:b1,13,11,1,64,32,32,0,32,0,0,0,1,21
K13:L11:w1-1-1-1-1-1-1-1-1-2-2:b1,13,11,1,64,32,32,0,32,0,0,0,1,21
K13:L11:w1-1-1-1-1-1-1-1-2-1-2:b1,13,11,1,64,32,32,0,32,0,0,0,1,21
K13:L11:w1-1-1-1-1-1-1-2-1-1-2:b1,13,11,1,64,32,32,0,32,0,0,0,1,21
K13:L11:w1-1-1-1-1-1-2-1-1-1-2:b1,13,11,1,64,32,32,0,32,0,0,0,1,21
K13:L11:w1-1-1-1-1-2-1-1-1-1-2:b1,13,11,1,64,32,32,0,32,0,0,0,1,21
K13:L12:w1-1-1-1-1-1-1-1-1-1-1-2:b1,13,12,1,64,32,32,0,32,0,0,0,1,21
K13:L9:w1-1-1-1-1-1-1-1-5:b1,13,9,1,64,40,24,0,40,0,0,0,1,21
K13:L9:w1-1-1-1-1-1-1-2-4:b1,13,9,1,64,40,24,0,40,0,0,0,1,21
K13:L9:w1-1-1-1-1-1-1-3-3:b1,13,9,1,64,40,24,0,40,0,0,0,1,21
K13:L9:w1-1-1-1-1-1-1-4-2:b1,13,9,1,64,40,24,0,40,0,0,0,1,21
K13:L9:w1-1-1-1-1-1-2-1-4:b1,13,9,1,64,40,24,0,40,0,0,0,1,21
K13:L9:w1-1-1-1-1-1-2-2-3:b1,13,9,1,64,40,24,0,40,0,0,0,1,21
K13:L9:w1-1-1-1-1-1-2-3-2:b1,13,9,1,64,40,24,0,40,0,0,0,1,21
K13:L9:w1-1-1-1-1-1-3-1-3:b1,13,9,1,64,40,24,0,40,0,0,0,1,21
K13:L9:w1-1-1-1-1-1-3-2-2:b1,13,9,1,64,40,24,0,40,0,0,0,1,21
K13:L9:w1-1-1-1-1-1-4-1-2:b1,13,9,1,64,40,24,0,40,0,0,0,1,21
K13:L9:w1-1-1-1-1-2-1-1-4:b1,13,9,1,64,40,24,0,40,0,0,0,1,21
K13:L9:w1-1-1-1-1-2-1-2-3:b1,13,9,1,64,40,24,0,40,0,0,0,1,21
K13:L9:w1-1-1-1-1-2-1-3-2:b1,13,9,1,64,40,24,0,40,0,0,0,1,21
K13:L9:w1-1-1-1-1-2-2-1-3:b1,13,9,1,64,40,24,0,40,0,0,0,1,21
K13:L9:w1-1-1-1-1-2-2-2-2:b1,13,9,1,64,40,24,0,40,0,0,0,1,21
K13:L9:w1-1-1-1-1-2-3-1-2:b1,13,9,1,64,40,24,0,40,0,0,0,1,21
K13:L9:w1-1-1-1-1-3-1-1-3:b1,13,9,1,64,40,24,0,40,0,0,0,1,21
K13:L9:w1-1-1-1-1-3-1-2-2:b1,13,9,1,64,40,24,0,40,0,0,0,1,21
K13:L9:w1-1-1-1-1-3-2-1-2:b1,13,9,1,64,40,24,0,40,0,0,0,1,21
K13:L9:w1-1-1-1-1-4-1-1-2:b1,13,9,1,64,40,24,0,40,0,0,0,1,21
K13:L9:w1-1-1-1-2-1-1-1-4:b1,13,9,1,64,40,24,0,40,0,0,0,1,21
K13:L9:w1-1-1-1-2-1-1-2-3:b1,13,9,1,64,40,24,0,40,0,0,0,1,21
K13:L9:w1-1-1-1-2-1-1-3-2:b1,13,9,1,64,40,24,0,40,0,0,0,1,21
K13:L9:w1-1-1-1-2-1-2-1-3:b1,13,9,1,64,40,24,0,40,0,0,0,1,21
K13:L9:w1-1-1-1-2-1-2-2-2:b1,13,9,1,64,40,24,0,40,0,0,0,1,21
K13:L9:w1-1-1-1-2-1-3-1-2:b1,13,9,1,64,40,24,0,40,0,0,0,1,21
K13:L9:w1-1-1-1-2-2-1-1-3:b1,13,9,1,64,40,24,0,40,0,0,0,1,21
K13:L9:w1-1-1-1-2-2-1-2-2:b1,13,9,1,64,40,24,0,40,0,0,0,1,21
K13:L9:w1-1-1-1-2-2-2-1-2:b1,13,9,1,64,40,24,0,40,0,0,0,1,21
K13:L9:w1-1-1-1-2-3-1-1-2:b1,13,9,1,64,40,24,0,40,0,0,0,1,21
K13:L9:w1-1-1-1-3-1-1-1-3:b1,13,9,1,64,40,24,0,40,0,0,0,1,21
K13:L9:w1-1-1-1-3-1-1-2-2:b1,13,9,1,64,40,24,0,40,0,0,0,1,21
K13:L9:w1-1-1-1-3-1-2-1-2:b1,13,9,1,64,40,24,0,40,0,0,0,1,21
K13:L9:w1-1-1-1-3-2-1-1-2:b1,13,9,1,64,40,24,0,40,0,0,0,1,21
K13:L9:w1-1-1-1-4-1-1-1-2:b1,13,9,1,64,40,24,0,0,0,40,0,5,23
K13:L9:w1-1-1-2-1-1-1-3-2:b1,13,9,1,64,40,24,0,40,0,0,0,1,21
K13:L9:w1-1-1-2-1-1-2-1-3:b1,13,9,1,64,40,24,0,40,0,0,0,1,21
K13:L9:w1-1-1-2-1-1-2-1-3:b2,13,9,2,64,64,0,0,64,0,0,0,1,34
K13:L9:w1-1-1-2-1-1-2-2-2:b1,13,9,1,64,40,24,0,40,0,0,0,1,21
K13:L9:w1-1-1-2-1-1-3-1-2:b1,13,9,1,64,40,24,0,40,0,0,0,1,21
K13:L9:w1-1-1-2-1-2-1-1-3:b1,13,9,1,64,40,24,0,40,0,0,0,1,21
K13:L9:w1-1-1-2-1-2-1-2-2:b1,13,9,1,64,40,24,0,40,0,0,0,1,21
K13:L9:w1-1-1-2-1-2-2-1-2:b1,13,9,1,64,40,24,0,40,0,0,0,1,21
K13:L9:w1-1-1-2-1-3-1-1-2:b1,13,9,1,64,39,25,0,39,0,0,0,1,21
K13:L9:w1-1-1-2-1-3-1-1-2:b2,13,9,2,64,64,0,0,64,0,0,0,1,34
K13:L9:w1-1-1-2-2-1-1-1-3:b1,13,9,1,64,40,24,0,40,0,0,0,1,21
K13:L9:w1-1-1-2-2-1-1-2-2:b1,13,9,1,64,40,24,0,40,0,0,0,1,21
K13:L9:w1-1-1-2-2-1-2-1-2:b1,13,9,1,64,40,24,0,40,0,0,0,1,21
K13:L9:w1-1-1-2-2-2-1-1-2:b1,13,9,1,64,40,24,0,40,0,0,0,1,21
K13:L9:w1-1-1-3-1-1-2-1-2:b1,13,9,1,64,40,24,0,40,0,0,0,4,22
K13:L9:w1-1-1-3-1-2-1-1-2:b1,13,9,1,64,40,24,0,40,0,0,0,4,22
K13:L9:w1-1-2-1-2-1-1-2-2:b1,13,9,1,64,40,24,0,40,0,0,0,1,21
K13:L9:w1-1-2-1-2-1-2-1-2:b1,13,9,1,64,40,24,0,40,0,0,0,1,21
K14:L10:w1-1-1-1-1-1-1-1-1-5:b1,14,10,1,64,48,16,0,48,0,0,0,1,22
K14:L10:w1-1-1-1-1-1-1-1-2-4:b1,14,10,1,64,48,16,0,48,0,0,0,1,22
K14:L10:w1-1-1-1-1-1-1-1-3-3:b1,14,10,1,64,48,16,0,48,0,0,0,1,22
K14:L10:w1-1-1-1-1-1-1-1-4-2:b1,14,10,1,64,48,16,0,48,0,0,0,1,22
K14:L10:w1-1-1-1-1-1-1-2-1-4:b1,14,10,1,64,48,16,0,48,0,0,0,1,22
K14:L10:w1-1-1-1-1-1-1-2-2-3:b1,14,10,1,64,48,16,0,48,0,0,0,1,22
K14:L10:w1-1-1-1-1-1-1-2-3-2:b1,14,10,1,64,48,16,0,48,0,0,0,1,22
K14:L10:w1-1-1-1-1-1-1-3-1-3:b1,14,10,1,64,48,16,0,48,0,0,0,1,22
K14:L10:w1-1-1-1-1-1-1-3-2-2:b1,14,10,1,64,48,16,0,48,0,0,0,1,22
K14:L10:w1-1-1-1-1-1-1-4-1-2:b1,14,10,1,64,48,16,0,48,0,0,0,1,22
K14:L10:w1-1-1-1-1-1-2-1-1-4:b1,14,10,1,64,48,16,0,48,0,0,0,1,22
K14:L10:w1-1-1-1-1-1-2-1-2-3:b1,14,10,1,64,48,16,0,48,0,0,0,1,22
K14:L10:w1-1-1-1-1-1-2-1-3-2:b1,14,10,1,64,48,16,0,48,0,0,0,1,22
K14:L10:w1-1-1-1-1-1-2-2-1-3:b1,14,10,1,64,48,16,0,48,0,0,0,1,22
K14:L10:w1-1-1-1-1-1-2-2-2-2:b1,14,10,1,64,48,16,0,48,0,0,0,1,22
K14:L10:w1-1-1-1-1-1-2-3-1-2:b1,14,10,1,64,48,16,0,48,0,0,0,1,22
K14:L10:w1-1-1-1-1-1-3-1-1-3:b1,14,10,1,64,48,16,0,48,0,0,0,1,22
K14:L10:w1-1-1-1-1-1-3-1-2-2:b1,14,10,1,64,48,16,0,48,0,0,0,1,22
K14:L10:w1-1-1-1-1-1-3-2-1-2:b1,14,10,1,64,48,16,0,48,0,0,0,1,22
K14:L10:w1-1-1-1-1-1-4-1-1-2:b1,14,10,1,64,48,16,0,48,0,0,0,1,22
K14:L10:w1-1-1-1-1-2-1-1-1-4:b1,14,10,1,64,48,16,0,48,0,0,0,1,22
K14:L10:w1-1-1-1-1-2-1-1-2-3:b1,14,10,1,64,48,16,0,48,0,0,0,1,22
K14:L10:w1-1-1-1-1-2-1-1-3-2:b1,14,10,1,64,48,16,0,48,0,0,0,1,22
K14:L10:w1-1-1-1-1-2-1-2-1-3:b1,14,10,1,64,48,16,0,48,0,0,0,1,22
K14:L10:w1-1-1-1-1-2-1-2-2-2:b1,14,10,1,64,48,16,0,48,0,0,0,1,22
K14:L10:w1-1-1-1-1-2-1-3-1-2:b1,14,10,1,64,48,16,0,47,1,0,0,1,22
K14:L10:w1-1-1-1-1-2-2-1-1-3:b1,14,10,1,64,48,16,0,48,0,0,0,1,22
K14:L10:w1-1-1-1-1-2-2-1-2-2:b1,14,10,1,64,48,16,0,48,0,0,0,1,22
K14:L10:w1-1-1-1-1-2-2-2-1-2:b1,14,10,1,64,48,16,0,48,0,0,0,1,22
K14:L10:w1-1-1-1-1-2-3-1-1-2:b1,14,10,1,64,48,16,0,48,0,0,0,1,22
K14:L10:w1-1-1-1-1-3-1-1-1-3:b1,14,10,1,64,48,16,0,48,0,0,0,1,22
K14:L10:w1-1-1-1-1-3-1-1-2-2:b1,14,10,1,64,48,16,0,48,0,0,0,1,22
K14:L10:w1-1-1-1-1-3-1-2-1-2:b1,14,10,1,64,48,16,0,48,0,0,0,1,22
K14:L10:w1-1-1-1-1-3-2-1-1-2:b1,14,10,1,64,48,16,0,48,0,0,0,1,22
K14:L10:w1-1-1-1-1-4-1-1-1-2:b1,14,10,1,64,48,16,0,48,0,0,0,1,22
K14:L10:w1-1-1-1-2-1-1-1-1-4:b1,14,10,1,64,48,16,0,48,0,0,0,1,22
K14:L10:w1-1-1-1-2-1-1-1-2-3:b1,14,10,1,64,48,16,0,48,0,0,0,1,22
K14:L10:w1-1-1-1-2-1-1-1-3-2:b1,14,10,1,64,48,16,0,48,0,0,0,1,22
K14:L10:w1-1-1-1-2-1-1-2-1-3:b1,14,10,1,64,48,16,0,48,0,0,0,1,22
K14:L10:w1-1-1-1-2-1-1-2-2-2:b1,14,10,1,64,48,16,0,48,0,0,0,1,22
K14:L10:w1-1-1-1-2-1-1-3-1-2:b1,14,10,1,64,48,16,0,48,0,0,0,1,22
K14:L10:w1-1-1-1-2-1-2-1-1-3:b1,14,10,1,64,48,16,0,48,0,0,0,1,22
K14:L10:w1-1-1-1-2-1-2-1-2-2:b1,14,10,1,64,48,16,0,48,0,0,0,1,22
K14:L10:w1-1-1-1-2-1-2-2-1-2:b1,14,10,1,64,48,16,0,48,0,0,0,1,22
K14:L10:w1-1-1-1-2-1-3-1-1-2:b1,14,10,1,64,48,16,0,48,0,0,0,1,22
K14:L10:w1-1-1-1-2-2-1-1-1-3:b1,14,10,1,64,48,16,0,48,0,0,0,1,22
K14:L10:w1-1-1-1-2-2-1-1-2-2:b1,14,10,1,64,48,16,0,48,0,0,0,1,22
K14:L10:w1-1-1-1-2-2-1-2-1-2:b1,14,10,1,64,48,16,0,48,0,0,0,1,22
K14:L10:w1-1-1-1-2-2-2-1-1-2:b1,14,10,1,64,48,16,0,48,0,0,0,1,22
K14:L10:w1-1-1-1-2-3-1-1-1-2:b1,14,10,1,64,48,16,0,48,0,0,0,1,22
K14:L10:w1-1-1-1-3-1-1-1-2-2:b1,14,10,1,64,48,16,0,48,0,0,0,1,22
K14:L10:w1-1-1-1-3-1-1-2-1-2:b1,14,10,1,64,48,16,0,48,0,0,0,1,22
K14:L10:w1-1-1-1-3-1-2-1-1-2:b1,14,10,1,64,48,16,0,48,0,0,0,1,22
K14:L10:w1-1-1-1-3-2-1-1-1-2:b1,14,10,1,64,48,16,0,48,0,0,0,1,22
K14:L10:w1-1-1-2-1-1-1-3-1-2:b1,14,10,1,64,48,16,0,48,0,0,0,1,22
K14:L10:w1-1-1-2-1-1-2-1-1-3:b1,14,10,1,64,48,16,0,48,0,0,0,1,22
K14:L10:w1-1-1-2-1-1-2-1-2-2:b1,14,10,1,64,48,16,0,48,0,0,0,1,22
K14:L10:w1-1-1-2-1-1-2-2-1-2:b1,14,10,1,64,48,16,0,48,0,0,0,1,22
K14:L10:w1-1-1-2-1-1-3-1-1-2:b1,14,10,1,64,48,16,0,48,0,0,0,1,22
K14:L10:w1-1-1-2-1-2-1-1-1-3:b1,14,10,1,64,48,16,0,48,0,0,0,1,22
K14:L10:w1-1-1-2-1-2-1-1-2-2:b1,14,10,1,64,48,16,0,48,0,0,0,1,22
K14:L10:w1-1-1-2-1-2-1-2-1-2:b1,14,10,1,64,48,16,0,48,0,0,0,1,22
K14:L10:w1-1-1-2-1-2-2-1-1-2:b1,14,10,1,64,48,16,0,48,0,0,0,1,22
K14:L10:w1-1-1-2-2-1-1-2-1-2:b1,14,10,1,64,48,16,0,48,0,0,0,1,22
K14:L10:w1-1-1-2-2-1-2-1-1-2:b1,14,10,1,64,48,16,0,48,0,0,0,1,22
K14:L10:w1-1-1-3-1-1-2-1-1-2:b1,14,10,1,64,48,16,0,48,0,0,0,4,23
K14:L11:w1-1-1-1-1-1-1-1-1-1-4:b1,14,11,1,64,48,16,0,48,0,0,0,1,22
K14:L11:w1-1-1-1-1-1-1-1-1-2-3:b1,14,11,1,64,48,16,0,48,0,0,0,1,22
K14:L11:w1-1-1-1-1-1-1-1-1-3-2:b1,14,11,1,64,48,16,0,48,0,0,0,1,22
K14:L11:w1-1-1-1-1-1-1-1-2-1-3:b1,14,11,1,64,48,16,0,48,0,0,0,1,22
K14:L11:w1-1-1-1-1-1-1-1-2-2-2:b1,14,11,1,64,48,16,0,48,0,0,0,1,22
K14:L11:w1-1-1-1-1-1-1-1-3-1-2:b1,14,11,1,64,48,16,0,48,0,0,0,1,22
K14:L11:w1-1-1-1-1-1-1-2-1-1-3:b1,14,11,1,64,48,16,0,48,0,0,0,1,22
K14:L11:w1-1-1-1-1-1-1-2-1-2-2:b1,14,11,1,64,48,16,0,48,0,0,0,1,22
K14:L11:w1-1-1-1-1-1-1-2-2-1-2:b1,14,11,1,64,48,16,0,48,0,0,0,1,22
K14:L11:w1-1-1-1-1-1-1-3-1-1-2:b1,14,11,1,64,48,16,0,48,0,0,0,1,22
K14:L11:w1-1-1-1-1-1-2-1-1-1-3:b1,14,11,1,64,48,16,0,48,0,0,0,1,22
K14:L11:w1-1-1-1-1-1-2-1-1-2-2:b1,14,11,1,64,48,16,0,48,0,0,0,1,22
K14:L11:w1-1-1-1-1-1-2-1-2-1-2:b1,14,11,1,64,48,16,0,48,0,0,0,1,22
K14:L11:w1-1-1-1-1-1-2-2-1-1-2:b1,14,11,1,64,48,16,0,48,0,0,0,1,22
K14:L11:w1-1-1-1-1-1-3-1-1-1-2:b1,14,11,1,64,48,16,0,48,0,0,0,1,22
K14:L11:w1-1-1-1-1-2-1-1-1-1-3:b1,14,11,1,64,48,16,0,48,0,0,0,1,22
K14:L11:w1-1-1-1-1-2-1-1-1-2-2:b1,14,11,1,64,48,16,0,48,0,0,0,1,22
K14:L11:w1-1-1-1-1-2-1-1-2-1-2:b1,14,11,1,64,48,16,0,48,0,0,0,1,22
K14:L11:w1-1-1-1-1-2-1-2-1-1-2:b1,14,11,1,64,48,16,0,48,0,0,0,1,22
K14:L11:w1-1-1-1-1-2-2-1-1-1-2:b1,14,11,1,64,48,16,0,48,0,0,0,1,22
K14:L11:w1-1-1-1-1-3-1-1-1-1-2:b1,14,11,1,64,48,16,0,48,0,0,0,1,22
K14:L11:w1-1-1-1-2-1-1-1-2-1-2:b1,14,11,1,64,48,16,0,48,0,0,0,1,22
K14:L11:w1-1-1-1-2-1-1-2-1-1-2:b1,14,11,1,64,48,16,0,48,0,0,0,1,22
K14:L11:w1-1-1-1-2-1-2-1-1-1-2:b1,14,11,1,64,48,16,0,48,0,0,0,1,22
K14:L12:w1-1-1-1-1-1-1-1-1-1-1-3:b1,14,12,1,64,48,16,0,48,0,0,0,1,22
K14:L12:w1-1-1-1-1-1-1-1-1-1-2-2:b1,14,12,1,64,48,16,0,48,0,0,0,1,22
K14:L12:w1-1-1-1-1-1-1-1-1-2-1-2:b1,14,12,1,64,48,16,0,48,0,0,0,1,22
K14:L12:w1-1-1-1-1-1-1-1-2-1-1-2:b1,14,12,1,64,48,16,0,48,0,0,0,1,22
K14:L12:w1-1-1-1-1-1-1-2-1-1-1-2:b1,14,12,1,64,48,16,0,48,0,0,0,1,22
K14:L12:w1-1-1-1-1-1-2-1-1-1-1-2:b1,14,12,1,64,48,16,0,48,0,0,0,1,22
K14:L13:w1-1-1-1-1-1-1-1-1-1-1-1-2:b1,14,13,1,64,48,16,0,48,0,0,0,1,22
K14:L9:w1-1-1-1-1-1-1-1-6:b1,14,9,1,64,64,0,0,19,0,45,0,15,26
K14:L9:w1-1-1-1-1-1-1-2-5:b1,14,9,1,64,64,0,0,64,0,0,0,1,22
K14:L9:w1-1-1-1-1-1-1-3-4:b1,14,9,1,64,64,0,0,64,0,0,0,1,22
K14:L9:w1-1-1-1-1-1-1-4-3:b1,14,9,1,64,64,0,0,64,0,0,0,1,22
K14:L9:w1-1-1-1-1-1-1-5-2:b1,14,9,1,64,64,0,0,64,0,0,0,1,22
K14:L9:w1-1-1-1-1-1-2-1-5:b1,14,9,1,64,64,0,0,64,0,0,0,1,22
K14:L9:w1-1-1-1-1-1-2-2-4:b1,14,9,1,64,64,0,0,64,0,0,0,1,22
K14:L9:w1-1-1-1-1-1-2-3-3:b1,14,9,1,64,64,0,0,64,0,0,0,1,22
K14:L9:w1-1-1-1-1-1-2-4-2:b1,14,9,1,64,64,0,0,64,0,0,0,1,22
K14:L9:w1-1-1-1-1-1-3-1-4:b1,14,9,1,64,64,0,0,64,0,0,0,1,22
K14:L9:w1-1-1-1-1-1-3-2-3:b1,14,9,1,64,64,0,0,64,0,0,0,1,22
K14:L9:w1-1-1-1-1-1-3-3-2:b1,14,9,1,64,64,0,0,64,0,0,0,1,22
K14:L9:w1-1-1-1-1-1-4-1-3:b1,14,9,1,64,64,0,0,64,0,0,0,1,22
K14:L9:w1-1-1-1-1-1-4-2-2:b1,14,9,1,64,64,0,0,64,0,0,0,1,22
K14:L9:w1-1-1-1-1-1-5-1-2:b1,14,9,1,64,64,0,0,64,0,0,0,7,25
K14:L9:w1-1-1-1-1-2-1-1-5:b1,14,9,1,64,64,0,0,64,0,0,0,1,22
K14:L9:w1-1-1-1-1-2-1-2-4:b1,14,9,1,64,64,0,0,64,0,0,0,1,22
K14:L9:w1-1-1-1-1-2-1-3-3:b1,14,9,1,64,64,0,0,64,0,0,0,1,22
K14:L9:w1-1-1-1-1-2-1-4-2:b1,14,9,1,64,64,0,0,64,0,0,0,1,22
K14:L9:w1-1-1-1-1-2-2-1-4:b1,14,9,1,64,64,0,0,64,0,0,0,1,22
K14:L9:w1-1-1-1-1-2-2-2-3:b1,14,9,1,64,63,1,0,63,0,0,0,1,22
K14:L9:w1-1-1-1-1-2-2-3-2:b1,14,9,1,64,64,0,0,64,0,0,0,1,22
K14:L9:w1-1-1-1-1-2-3-1-3:b1,14,9,1,64,64,0,0,64,0,0,0,1,22
K14:L9:w1-1-1-1-1-2-3-2-2:b1,14,9,1,64,64,0,0,64,0,0,0,1,22
K14:L9:w1-1-1-1-1-2-4-1-2:b1,14,9,1,64,64,0,0,64,0,0,0,1,22
K14:L9:w1-1-1-1-1-3-1-1-4:b1,14,9,1,64,64,0,0,64,0,0,0,1,22
K14:L9:w1-1-1-1-1-3-1-2-3:b1,14,9,1,64,64,0,0,64,0,0,0,1,22
K14:L9:w1-1-1-1-1-3-1-3-2:b1,14,9,1,64,64,0,0,64,0,0,0,1,22
K14:L9:w1-1-1-1-1-3-2-1-3:b1,14,9,1,64,64,0,0,64,0,0,0,1,22
K14:L9:w1-1-1-1-1-3-2-2-2:b1,14,9,1,64,64,0,0,64,0,0,0,1,22
K14:L9:w1-1-1-1-1-3-3-1-2:b1,14,9,1,64,64,0,0,64,0,0,0,1,22
K14:L9:w1-1-1-1-1-4-1-1-3:b1,14,9,1,64,64,0,0,20,0,44,0,13,24
K14:L9:w1-1-1-1-1-4-1-2-2:b1,14,9,1,64,64,0,0,64,0,0,0,1,22
K14:L9:w1-1-1-1-1-4-2-1-2:b1,14,9,1,64,64,0,0,64,0,0,0,7,24
K14:L9:w1-1-1-1-1-5-1-1-2:b1,14,9,1,64,64,0,0,0,0,64,0,6,24
K14:L9:w1-1-1-1-2-1-1-1-5:b1,14,9,1,64,64,0,0,64,0,0,0,1,22
K14:L9:w1-1-1-1-2-1-1-2-4:b1,14,9,1,64,64,0,0,64,0,0,0,1,22
K14:L9:w1-1-1-1-2-1-1-3-3:b1,14,9,1,64,64,0,0,64,0,0,0,1,22
K14:L9:w1-1-1-1-2-1-1-4-2:b1,14,9,1,64,64,0,0,64,0,0,0,1,22
K14:L9:w1-1-1-1-2-1-2-1-4:b1,14,9,1,64,64,0,0,64,0,0,0,1,22
K14:L9:w1-1-1-1-2-1-2-2-3:b1,14,9,1,64,64,0,0,64,0,0,0,1,22
K14:L9:w1-1-1-1-2-1-2-3-2:b1,14,9,1,64,64,0,0,64,0,0,0,1,22
K14:L9:w1-1-1-1-2-1-3-1-3:b1,14,9,1,64,64,0,0,64,0,0,0,1,22
K14:L9:w1-1-1-1-2-1-3-2-2:b1,14,9,1,64,64,0,0,64,0,0,0,1,22
K14:L9:w1-1-1-1-2-1-4-1-2:b1,14,9,1,64,64,0,0,64,0,0,0,1,22
K14:L9:w1-1-1-1-2-2-1-1-4:b1,14,9,1,64,64,0,0,64,0,0,0,1,22
K14:L9:w1-1-1-1-2-2-1-2-3:b1,14,9,1,64,64,0,0,64,0,0,0,1,22
K14:L9:w1-1-1-1-2-2-1-3-2:b1,14,9,1,64,64,0,0,64,0,0,0,1,22
K14:L9:w1-1-1-1-2-2-2-1-3:b1,14,9,1,64,64,0,0,64,0,0,0,1,22
K14:L9:w1-1-1-1-2-2-2-2-2:b1,14,9,1,64,64,0,0,64,0,0,0,1,22
K14:L9:w1-1-1-1-2-2-3-1-2:b1,14,9,1,64,64,0,0,64,0,0,0,1,22
K14:L9:w1-1-1-1-2-3-1-1-3:b1,14,9,1,64,64,0,0,64,0,0,0,1,22
K14:L9:w1-1-1-1-2-3-1-2-2:b1,14,9,1,64,64,0,0,64,0,0,0,1,22
K14:L9:w1-1-1-1-2-3-2-1-2:b1,14,9,1,64,64,0,0,64,0,0,0,1,22
K14:L9:w1-1-1-1-2-4-1-1-2:b1,14,9,1,64,64,0,0,64,0,0,0,1,22
K14:L9:w1-1-1-1-3-1-1-1-4:b1,14,9,1,64,64,0,0,64,0,0,0,1,22
K14:L9:w1-1-1-1-3-1-1-2-3:b1,14,9,1,64,64,0,0,64,0,0,0,1,22
K14:L9:w1-1-1-1-3-1-1-3-2:b1,14,9,1,64,64,0,0,64,0,0,0,1,22
K14:L9:w1-1-1-1-3-1-2-1-3:b1,14,9,1,64,64,0,0,64,0,0,0,1,22
K14:L9:w1-1-1-1-3-1-2-2-2:b1,14,9,1,64,64,0,0,64,0,0,0,1,22
K14:L9:w1-1-1-1-3-1-3-1-2:b1,14,9,1,64,64,0,0,64,0,0,0,1,22
K14:L9:w1-1-1-1-3-2-1-1-3:b1,14,9,1,64,64,0,0,64,0,0,0,1,22
K14:L9:w1-1-1-1-3-2-1-2-2:b1,14,9,1,64,64,0,0,64,0,0,0,1,22
K14:L9:w1-1-1-1-3-2-2-1-2:b1,14,9,1,64,64,0,0,64,0,0,0,1,22
K14:L9:w1-1-1-1-3-3-1-1-2:b1,14,9,1,64,64,0,0,64,0,0,0,1,22
K14:L9:w1-1-1-1-4-1-1-1-3:b1,14,9,1,64,64,0,0,0,0,64,0,5,24
K14:L9:w1-1-1-1-4-1-1-2-2:b1,14,9,1,64,64,0,0,64,0,0,0,1,22
K14:L9:w1-1-1-1-4-1-2-1-2:b1,14,9,1,64,64,0,0,0,0,64,0,5,24
K14:L9:w1-1-1-1-4-2-1-1-2:b1,14,9,1,64,64,0,0,0,0,64,0,5,24
K14:L9:w1-1-1-1-5-1-1-1-2:b1,14,9,1,64,64,0,0,0,0,64,0,5,24
K14:L9:w1-1-1-2-1-1-1-3-3:b1,14,9,1,64,64,0,0,64,0,0,0,1,22
K14:L9:w1-1-1-2-1-1-1-4-2:b1,14,9,1,64,64,0,0,64,0,0,0,1,22
K14:L9:w1-1-1-2-1-1-2-1-4:b1,14,9,1,64,64,0,0,64,0,0,0,1,22
K14:L9:w1-1-1-2-1-1-2-2-3:b1,14,9,1,64,64,0,0,64,0,0,0,1,22
K14:L9:w1-1-1-2-1-1-2-3-2:b1,14,9,1,64,64,0,0,64,0,0,0,1,22
K14:L9:w1-1-1-2-1-1-3-1-3:b1,14,9,1,64,64,0,0,64,0,0,0,1,22
K14:L9:w1-1-1-2-1-1-3-2-2:b1,14,9,1,64,64,0,0,64,0,0,0,1,22
K14:L9:w1-1-1-2-1-1-4-1-2:b1,14,9,1,64,64,0,0,64,0,0,0,1,22
K14:L9:w1-1-1-2-1-2-1-1-4:b1,14,9,1,64,64,0,0,64,0,0,0,1,22
K14:L9:w1-1-1-2-1-2-1-2-3:b1,14,9,1,64,64,0,0,64,0,0,0,1,22
K14:L9:w1-1-1-2-1-2-1-3-2:b1,14,9,1,64,64,0,0,64,0,0,0,1,22
K14:L9:w1-1-1-2-1-2-2-1-3:b1,14,9,1,64,63,1,0,63,0,0,0,1,22
K14:L9:w1-1-1-2-1-2-2-2-2:b1,14,9,1,64,64,0,0,64,0,0,0,1,22
K14:L9:w1-1-1-2-1-2-3-1-2:b1,14,9,1,64,64,0,0,64,0,0,0,1,22
K14:L9:w1-1-1-2-1-3-1-1-3:b1,14,9,1,64,64,0,0,64,0,0,0,1,22
K14:L9:w1-1-1-2-1-3-1-2-2:b1,14,9,1,64,64,0,0,64,0,0,0,1,22
K14:L9:w1-1-1-2-1-3-2-1-2:b1,14,9,1,64,64,0,0,64,0,0,0,1,22
K14:L9:w1-1-1-2-1-4-1-1-2:b1,14,9,1,64,64,0,0,64,0,0,0,1,22
K14:L9:w1-1-1-2-2-1-1-1-4:b1,14,9,1,64,64,0,0,64,0,0,0,1,22
K14:L9:w1-1-1-2-2-1-1-2-3:b1,14,9,1,64,64,0,0,64,0,0,0,1,22
K14:L9:w1-1-1-2-2-1-1-3-2:b1,14,9,1,64,64,0,0,64,0,0,0,1,22
K14:L9:w1-1-1-2-2-1-2-1-3:b1,14,9,1,64,64,0,0,64,0,0,0,1,22
K14:L9:w1-1-1-2-2-1-2-2-2:b1,14,9,1,64,64,0,0,64,0,0,0,1,22
K14:L9:w1-1-1-2-2-1-3-1-2:b1,14,9,1,64,64,0,0,64,0,0,0,1,22
K14:L9:w1-1-1-2-2-2-1-1-3:b1,14,9,1,64,64,0,0,64,0,0,0,1,22
K14:L9:w1-1-1-2-2-2-1-2-2:b1,14,9,1,64,64,0,0,64,0,0,0,1,22
K14:L9:w1-1-1-2-2-2-2-1-2:b1,14,9,1,64,64,0,0,64,0,0,0,1,22
K14:L9:w1-1-1-2-2-3-1-1-2:b1,14,9,1,64,64,0,0,64,0,0,0,1,22
K14:L9:w1-1-1-2-3-1-1-1-3:b1,14,9,1,64,64,0,0,64,0,0,0,1,22
K14:L9:w1-1-1-2-3-1-1-2-2:b1,14,9,1,64,64,0,0,64,0,0,0,1,22
K14:L9:w1-1-1-2-3-1-2-1-2:b1,14,9,1,64,64,0,0,64,0,0,0,1,22
K14:L9:w1-1-1-2-3-2-1-1-2:b1,14,9,1,64,64,0,0,64,0,0,0,1,22
K14:L9:w1-1-1-3-1-1-2-1-3:b1,14,9,1,64,64,0,0,64,0,0,0,4,23
K14:L9:w1-1-1-3-1-1-2-2-2:b1,14,9,1,64,64,0,0,64,0,0,0,4,23
K14:L9:w1-1-1-3-1-1-3-1-2:b1,14,9,1,64,64,0,0,64,0,0,0,7,23
K14:L9:w1-1-1-3-1-2-1-1-3:b1,14,9,1,64,64,0,0,64,0,0,0,4,23
K14:L9:w1-1-1-3-1-2-1-2-2:b1,14,9,1,64,64,0,0,64,0,0,0,1,22
K14:L9:w1-1-1-3-1-2-2-1-2:b1,14,9,1,64,64,0,0,64,0,0,0,4,23
K14:L9:w1-1-1-3-1-3-1-1-2:b1,14,9,1,64,64,0,0,0,0,64,0,6,23
K14:L9:w1-1-1-3-2-1-1-2-2:b1,14,9,1,64,64,0,0,0,0,64,0,5,23
K14:L9:w1-1-1-3-2-1-2-1-2:b1,14,9,1,64,64,0,0,0,0,64,0,5,23
K14:L9:w1-1-1-3-2-2-1-1-2:b1,14,9,1,64,64,0,0,0,0,64,0,5,23
K14:L9:w1-1-1-4-1-1-2-1-2:b1,14,9,1,64,64,0,0,0,0,64,0,4,23
K14:L9:w1-1-1-4-1-2-1-1-2:b1,14,9,1,64,64,0,0,0,0,64,0,4,23
K14:L9:w1-1-2-1-1-3-1-1-3:b1,14,9,1,64,64,0,0,64,0,0,0,1,22
K14:L9:w1-1-2-1-1-3-1-2-2:b1,14,9,1,64,64,0,0,64,0,0,0,1,22
K14:L9:w1-1-2-1-1-3-2-1-2:b1,14,9,1,64,64,0,0,64,0,0,0,1,22
K14:L9:w1-1-2-1-2-1-1-2-3:b1,14,9,1,64,64,0,0,64,0,0,0,1,22
K14:L9:w1-1-2-1-2-1-1-3-2:b1,14,9,1,64,64,0,0,64,0,0,0,1,22
K14:L9:w1-1-2-1-2-1-2-1-3:b1,14,9,1,64,64,0,0,64,0,0,0,1,22
K14:L9:w1-1-2-1-2-1-2-2-2:b1,14,9,1,64,64,0,0,64,0,0,0,1,22
K14:L9:w1-1-2-1-2-1-3-1-2:b1,14,9,1,64,64,0,0,64,0,0,0,1,22
K14:L9:w1-1-2-1-2-2-1-1-3:b1,14,9,1,64,64,0,0,64,0,0,0,1,22
K14:L9:w1-1-2-1-2-2-1-2-2:b1,14,9,1,64,64,0,0,64,0,0,0,1,22
K14:L9:w1-1-2-1-2-2-2-1-2:b1,14,9,1,64,64,0,0,64,0,0,0,1,22
K14:L9:w1-1-2-1-3-1-1-2-2:b1,14,9,1,64,64,0,0,64,0,0,0,1,22
K14:L9:w1-1-2-1-3-1-2-1-2:b1,14,9,1,64,64,0,0,64,0,0,0,1,22
K14:L9:w1-1-2-2-1-1-3-1-2:b1,14,9,1,64,64,0,0,64,0,0,0,1,22
K14:L9:w1-1-2-2-1-2-1-1-3:b1,14,9,1,64,64,0,0,64,0,0,0,1,22
K14:L9:w1-1-2-2-1-2-1-2-2:b1,14,9,1,64,64,0,0,64,0,0,0,1,22
K14:L9:w1-1-2-2-1-2-2-1-2:b1,14,9,1,64,64,0,0,64,0,0,0,1,22
K14:L9:w1-1-2-2-2-1-2-1-2:b1,14,9,1,64,64,0,0,64,0,0,0,1,22
K14:L9:w1-1-3-1-2-1-2-1-2:b1,14,9,1,64,64,0,0,0,0,64,0,3,23
K15:L10:w1-1-1-1-1-1-1-1-1-6:b1,15,10,1,64,64,0,0,64,0,0,0,1,23
K15:L10:w1-1-1-1-1-1-1-1-2-5:b1,15,10,1,64,64,0,0,64,0,0,0,1,23
K15:L10:w1-1-1-1-1-1-1-1-3-4:b1,15,10,1,64,64,0,0,64,0,0,0,1,23
K15:L10:w1-1-1-1-1-1-1-1-4-3:b1,15,10,1,64,64,0,0,64,0,0,0,1,23
K15:L10:w1-1-1-1-1-1-1-1-5-2:b1,15,10,1,64,64,0,0,64,0,0,0,1,23
K15:L10:w1-1-1-1-1-1-1-2-1-5:b1,15,10,1,64,64,0,0,64,0,0,0,1,23
K15:L10:w1-1-1-1-1-1-1-2-2-4:b1,15,10,1,64,64,0,0,64,0,0,0,1,23
K15:L10:w1-1-1-1-1-1-1-2-3-3:b1,15,10,1,64,64,0,0,64,0,0,0,1,23
K15:L10:w1-1-1-1-1-1-1-2-4-2:b1,15,10,1,64,64,0,0,64,0,0,0,1,23
K15:L10:w1-1-1-1-1-1-1-3-1-4:b1,15,10,1,64,64,0,0,64,0,0,0,1,23
K15:L10:w1-1-1-1-1-1-1-3-2-3:b1,15,10,1,64,64,0,0,64,0,0,0,1,23
K15:L10:w1-1-1-1-1-1-1-3-3-2:b1,15,10,1,64,64,0,0,64,0,0,0,1,23
K15:L10:w1-1-1-1-1-1-1-4-1-3:b1,15,10,1,64,64,0,0,64,0,0,0,1,23
K15:L10:w1-1-1-1-1-1-1-4-2-2:b1,15,10,1,64,64,0,0,64,0,0,0,1,23
K15:L10:w1-1-1-1-1-1-1-5-1-2:b1,15,10,1,64,64,0,0,64,0,0,0,1,23
K15:L10:w1-1-1-1-1-1-2-1-1-5:b1,15,10,1,64,64,0,0,64,0,0,0,1,23
K15:L10:w1-1-1-1-1-1-2-1-2-4:b1,15,10,1,64,64,0,0,64,0,0,0,1,23
K15:L10:w1-1-1-1-1-1-2-1-3-3:b1,15,10,1,64,64,0,0,64,0,0,0,1,23
K15:L10:w1-1-1-1-1-1-2-1-4-2:b1,15,10,1,64,64,0,0,64,0,0,0,1,23
K15:L10:w1-1-1-1-1-1-2-2-1-4:b1,15,10,1,64,64,0,0,64,0,0,0,1,23
K15:L10:w1-1-1-1-1-1-2-2-2-3:b1,15,10,1,64,64,0,0,64,0,0,0,1,23
K15:L10:w1-1-1-1-1-1-2-2-3-2:b1,15,10,1,64,64,0,0,64,0,0,0,1,23
K15:L10:w1-1-1-1-1-1-2-3-1-3:b1,15,10,1,64,64,0,0,64,0,0,0,1,23
K15:L10:w1-1-1-1-1-1-2-3-2-2:b1,15,10,1,64,64,0,0,64,0,0,0,1,23
K15:L10:w1-1-1-1-1-1-2-4-1-2:b1,15,10,1,64,64,0,0,64,0,0,0,1,23
K15:L10:w1-1-1-1-1-1-3-1-1-4:b1,15,10,1,64,64,0,0,64,0,0,0,1,23
K15:L10:w1-1-1-1-1-1-3-1-2-3:b1,15,10,1,64,64,0,0,64,0,0,0,1,23
K15:L10:w1-1-1-1-1-1-3-1-3-2:b1,15,10,1,64,64,0,0,64,0,0,0,1,23
K15:L10:w1-1-1-1-1-1-3-2-1-3:b1,15,10,1,64,64,0,0,64,0,0,0,1,23
K15:L10:w1-1-1-1-1-1-3-2-2-2:b1,15,10,1,64,64,0,0,64,0,0,0,1,23
K15:L10:w1-1-1-1-1-1-3-3-1-2:b1,15,10,1,64,64,0,0,64,0,0,0,1,23
K15:L10:w1-1-1-1-1-1-4-1-1-3:b1,15,10,1,64,64,0,0,64,0,0,0,1,23
K15:L10:w1-1-1-1-1-1-4-1-2-2:b1,15,10,1,64,64,0,0,64,0,0,0,1,23
K15:L10:w1-1-1-1-1-1-4-2-1-2:b1,15,10,1,64,64,0,0,64,0,0,0,1,23
K15:L10:w1-1-1-1-1-1-5-1-1-2:b1,15,10,1,64,64,0,0,64,0,0,0,1,23
K15:L10:w1-1-1-1-1-2-1-1-1-5:b1,15,10,1,64,64,0,0,64,0,0,0,1,23
K15:L10:w1-1-1-1-1-2-1-1-2-4:b1,15,10,1,64,64,0,0,64,0,0,0,1,23
K15:L10:w1-1-1-1-1-2-1-1-3-3:b1,15,10,1,64,64,0,0,64,0,0,0,1,23
K15:L10:w1-1-1-1-1-2-1-1-4-2:b1,15,10,1,64,64,0,0,64,0,0,0,1,23
K15:L10:w1-1-1-1-1-2-1-2-1-4:b1,15,10,1,64,64,0,0,64,0,0,0,1,23
K15:L10:w1-1-1-1-1-2-1-2-2-3:b1,15,10,1,64,64,0,0,64,0,0,0,1,23
K15:L10:w1-1-1-1-1-2-1-2-3-2:b1,15,10,1,64,64,0,0,64,0,0,0,1,23
K15:L10:w1-1-1-1-1-2-1-3-1-3:b1,15,10,1,64,64,0,0,64,0,0,0,1,23
K15:L10:w1-1-1-1-1-2-1-3-2-2:b1,15,10,1,64,64,0,0,64,0,0,0,1,23
K15:L10:w1-1-1-1-1-2-1-4-1-2:b1,15,10,1,64,64,0,0,64,0,0,0,1,23
K15:L10:w1-1-1-1-1-2-2-1-1-4:b1,15,10,1,64,64,0,0,64,0,0,0,1,23
K15:L10:w1-1-1-1-1-2-2-1-2-3:b1,15,10,1,64,64,0,0,64,0,0,0,1,23
K15:L10:w1-1-1-1-1-2-2-1-3-2:b1,15,10,1,64,64,0,0,64,0,0,0,1,23
K15:L10:w1-1-1-1-1-2-2-2-1-3:b1,15,10,1,64,64,0,0,64,0,0,0,1,23
K15:L10:w1-1-1-1-1-2-2-2-2-2:b1,15,10,1,64,64,0,0,64,0,0,0,1,23
K15:L10:w1-1-1-1-1-2-2-3-1-2:b1,15,10,1,64,64,0,0,64,0,0,0,1,23
K15:L10:w1-1-1-1-1-2-3-1-1-3:b1,15,10,1,64,64,0,0,64,0,0,0,1,23
K15:L10:w1-1-1-1-1-2-3-1-2-2:b1,15,10,1,64,64,0,0,64,0,0,0,1,23
K15:L10:w1-1-1-1-1-2-3-2-1-2:b1,15,10,1,64,64,0,0,64,0,0,0,1,23
K15:L10:w1-1-1-1-1-2-4-1-1-2:b1,15,10,1,64,64,0,0,64,0,0,0,1,23
K15:L10:w1-1-1-1-1-3-1-1-1-4:b1,15,10,1,64,64,0,0,64,0,0,0,1,23
K15:L10:w1-1-1-1-1-3-1-1-2-3:b1,15,10,1,64,64,0,0,64,0,0,0,1,23
K15:L10:w1-1-1-1-1-3-1-1-3-2:b1,15,10,1,64,64,0,0,64,0,0,0,1,23
K15:L10:w1-1-1-1-1-3-1-2-1-3:b1,15,10,1,64,64,0,0,64,0,0,0,1,23
K15:L10:w1-1-1-1-1-3-1-2-2-2:b1,15,10,1,64,64,0,0,64,0,0,0,1,23
K15:L10:w1-1-1-1-1-3-1-3-1-2:b1,15,10,1,64,64,0,0,64,0,0,0,1,23
K15:L10:w1-1-1-1-1-3-2-1-1-3:b1,15,10,1,64,64,0,0,64,0,0,0,1,23
K15:L10:w1-1-1-1-1-3-2-1-2-2:b1,15,10,1,64,64,0,0,64,0,0,0,1,23
K15:L10:w1-1-1-1-1-3-2-2-1-2:b1,15,10,1,64,64,0,0,64,0,0,0,1,23
K15:L10:w1-1-1-1-1-3-3-1-1-2:b1,15,10,1,64,64,0,0,64,0,0,0,1,23
K15:L10:w1-1-1-1-1-4-1-1-1-3:b1,15,10,1,64,64,0,0,64,0,0,0,1,23
K15:L10:w1-1-1-1-1-4-1-1-2-2:b1,15,10,1,64,64,0,0,64,0,0,0,1,23
K15:L10:w1-1-1-1-1-4-1-2-1-2:b1,15,10,1,64,64,0,0,64,0,0,0,1,23
K15:L10:w1-1-1-1-1-4-2-1-1-2:b1,15,10,1,64,64,0,0,64,0,0,0,1,23
K15:L10:w1-1-1-1-1-5-1-1-1-2:b1,15,10,1,64,64,0,0,64,0,0,0,1,23
K15:L10:w1-1-1-1-2-1-1-1-1-5:b1,15,10,1,64,64,0,0,64,0,0,0,1,23
K15:L10:w1-1-1-1-2-1-1-1-2-4:b1,15,10,1,64,64,0,0,64,0,0,0,1,23
K15:L10:w1-1-1-1-2-1-1-1-3-3:b1,15,10,1,64,64,0,0,64,0,0,0,1,23
K15:L10:w1-1-1-1-2-1-1-1-4-2:b1,15,10,1,64,64,0,0,64,0,0,0,1,23
K15:L10:w1-1-1-1-2-1-1-2-1-4:b1,15,10,1,64,64,0,0,64,0,0,0,1,23
K15:L10:w1-1-1-1-2-1-1-2-2-3:b1,15,10,1,64,64,0,0,64,0,0,0,1,23
K15:L10:w1-1-1-1-2-1-1-2-3-2:b1,15,10,1,64,64,0,0,64,0,0,0,1,23
K15:L10:w1-1-1-1-2-1-1-3-1-3:b1,15,10,1,64,64,0,0,64,0,0,0,1,23
K15:L10:w1-1-1-1-2-1-1-3-2-2:b1,15,10,1,64,64,0,0,64,0,0,0,1,23
K15:L10:w1-1-1-1-2-1-1-4-1-2:b1,15,10,1,64,64,0,0,64,0,0,0,1,23
K15:L10:w1-1-1-1-2-1-2-1-1-4:b1,15,10,1,64,64,0,0,64,0,0,0,1,23
K15:L10:w1-1-1-1-2-1-2-1-2-3:b1,15,10,1,64,64,0,0,64,0,0,0,1,23
K15:L10:w1-1-1-1-2-1-2-1-3-2:b1,15,10,1,64,64,0,0,64,0,0,0,1,23
K15:L10:w1-1-1-1-2-1-2-2-1-3:b1,15,10,1,64,64,0,0,64,0,0,0,1,23
K15:L10:w1-1-1-1-2-1-2-2-2-2:b1,15,10,1,64,64,0,0,64,0,0,0,1,23
K15:L10:w1-1-1-1-2-1-2-3-1-2:b1,15,10,1,64,64,0,0,64,0,0,0,1,23
K15:L10:w1-1-1-1-2-1-3-1-1-3:b1,15,10,1,64,64,0,0,64,0,0,0,1,23
K15:L10:w1-1-1-1-2-1-3-1-2-2:b1,15,10,1,64,64,0,0,64,0,0,0,1,23
K15:L10:w1-1-1-1-2-1-3-2-1-2:b1,15,10,1,64,64,0,0,64,0,0,0,1,23
K15:L10:w1-1-1-1-2-1-4-1-1-2:b1,15,10,1,64,64,0,0,64,0,0,0,1,23
K15:L10:w1-1-1-1-2-2-1-1-1-4:b1,15,10,1,64,64,0,0,64,0,0,0,1,23
K15:L10:w1-1-1-1-2-2-1-1-2-3:b1,15,10,1,64,64,0,0,64,0,0,0,1,23
K15:L10:w1-1-1-1-2-2-1-1-3-2:b1,15,10,1,64,64,0,0,64,0,0,0,1,23
K15:L10:w1-1-1-1-2-2-1-2-1-3:b1,15,10,1,64,64,0,0,64,0,0,0,1,23
K15:L10:w1-1-1-1-2-2-1-2-2-2:b1,15,10,1,64,64,0,0,64,0,0,0,1,23
K15:L10:w1-1-1-1-2-2-1-3-1-2:b1,15,10,1,64,64,0,0,64,0,0,0,1,23
K15:L10:w1-1-1-1-2-2-2-1-1-3:b1,15,10,1,64,64,0,0,64,0,0,0,1,23
K15:L10:w1-1-1-1-2-2-2-1-2-2:b1,15,10,1,64,64,0,0,64,0,0,0,1,23
K15:L10:w1-1-1-1-2-2-2-2-1-2:b1,15,10,1,64,64,0,0,64,0,0,0,1,23
K15:L10:w1-1-1-1-2-2-3-1-1-2:b1,15,10,1,64,64,0,0,64,0,0,0,1,23
K15:L10:w1-1-1-1-2-3-1-1-1-3:b1,15,10,1,64,63,1,0,63,0,0,0,1,23
K15:L10:w1-1-1-1-2-3-1-1-1-3:b2,15,10,2,64,64,0,0,64,0,0,0,1,38
K15:L10:w1-1-1-1-2-3-1-1-2-2:b1,15,10,1,64,64,0,0,64,0,0,0,1,23
K15:L10:w1-1-1-1-2-3-1-2-1-2:b1,15,10,1,64,64,0,0,64,0,0,0,1,23
K15:L10:w1-1-1-1-2-3-2-1-1-2:b1,15,10,1,64,64,0,0,64,0,0,0,1,23
K15:L10:w1-1-1-1-2-4-1-1-1-2:b1,15,10,1,64,64,0,0,64,0,0,0,1,23
K15:L10:w1-1-1-1-3-1-1-1-1-4:b1,15,10,1,64,64,0,0,64,0,0,0,1,23
K15:L10:w1-1-1-1-3-1-1-1-2-3:b1,15,10,1,64,64,0,0,64,0,0,0,1,23
K15:L10:w1-1-1-1-3-1-1-1-3-2:b1,15,10,1,64,64,0,0,64,0,0,0,1,23
K15:L10:w1-1-1-1-3-1-1-2-1-3:b1,15,10,1,64,64,0,0,64,0,0,0,1,23
K15:L10:w1-1-1-1-3-1-1-2-2-2:b1,15,10,1,64,64,0,0,64,0,0,0,1,23
K15:L10:w1-1-1-1-3-1-1-3-1-2:b1,15,10,1,64,64,0,0,64,0,0,0,1,23
K15:L10:w1-1-1-1-3-1-2-1-1-3:b1,15,10,1,64,64,0,0,64,0,0,0,1,23
K15:L10:w1-1-1-1-3-1-2-1-2-2:b1,15,10,1,64,64,0,0,64,0,0,0,1,23
K15:L10:w1-1-1-1-3-1-2-2-1-2:b1,15,10,1,64,64,0,0,64,0,0,0,1,23
K15:L10:w1-1-1-1-3-1-3-1-1-2:b1,15,10,1,64,64,0,0,64,0,0,0,1,23
K15:L10:w1-1-1-1-3-2-1-1-1-3:b1,15,10,1,64,64,0,0,64,0,0,0,1,23
K15:L10:w1-1-1-1-3-2-1-1-2-2:b1,15,10,1,64,64,0,0,64,0,0,0,1,23
K15:L10:w1-1-1-1-3-2-1-2-1-2:b1,15,10,1,64,64,0,0,64,0,0,0,1,23
K15:L10:w1-1-1-1-3-2-2-1-1-2:b1,15,10,1,64,64,0,0,64,0,0,0,1,23
K15:L10:w1-1-1-1-3-3-1-1-1-2:b1,15,10,1,64,64,0,0,64,0,0,0,1,23
K15:L10:w1-1-1-1-4-1-1-1-2-2:b1,15,10,1,64,64,0,0,0,0,64,0,5,25
K15:L10:w1-1-1-1-4-1-1-2-1-2:b1,15,10,1,64,64,0,0,64,0,0,0,1,23
K15:L10:w1-1-1-1-4-1-2-1-1-2:b1,15,10,1,64,64,0,0,64,0,0,0,1,23
K15:L10:w1-1-1-1-4-2-1-1-1-2:b1,15,10,1,64,64,0,0,0,0,64,0,5,25
K15:L10:w1-1-1-2-1-1-1-3-1-3:b1,15,10,1,64,64,0,0,64,0,0,0,1,23
K15:L10:w1-1-1-2-1-1-1-3-2-2:b1,15,10,1,64,64,0,0,64,0,0,0,1,23
K15:L10:w1-1-1-2-1-1-1-4-1-2:b1,15,10,1,64,64,0,0,64,0,0,0,1,23
K15:L10:w1-1-1-2-1-1-2-1-1-4:b1,15,10,1,64,64,0,0,64,0,0,0,1,23
K15:L10:w1-1-1-2-1-1-2-1-2-3:b1,15,10,1,64,64,0,0,64,0,0,0,1,23
K15:L10:w1-1-1-2-1-1-2-1-3-2:b1,15,10,1,64,64,0,0,64,0,0,0,1,23
K15:L10:w1-1-1-2-1-1-2-2-1-3:b1,15,10,1,64,64,0,0,64,0,0,0,1,23
K15:L10:w1-1-1-2-1-1-2-2-2-2:b1,15,10,1,64,64,0,0,64,0,0,0,1,23
K15:L10:w1-1-1-2-1-1-2-3-1-2:b1,15,10,1,64,64,0,0,64,0,0,0,1,23
K15:L10:w1-1-1-2-1-1-3-1-1-3:b1,15,10,1,64,64,0,0,64,0,0,0,1,23
K15:L10:w1-1-1-2-1-1-3-1-2-2:b1,15,10,1,64,64,0,0,64,0,0,0,1,23
K15:L10:w1-1-1-2-1-1-3-2-1-2:b1,15,10,1,64,64,0,0,64,0,0,0,1,23
K15:L10:w1-1-1-2-1-1-4-1-1-2:b1,15,10,1,64,64,0,0,64,0,0,0,1,23
K15:L10:w1-1-1-2-1-2-1-1-1-4:b1,15,10,1,64,64,0,0,64,0,0,0,1,23
K15:L10:w1-1-1-2-1-2-1-1-2-3:b1,15,10,1,64,64,0,0,64,0,0,0,1,23
K15:L10:w1-1-1-2-1-2-1-1-3-2:b1,15,10,1,64,64,0,0,64,0,0,0,1,23
K15:L10:w1-1-1-2-1-2-1-2-1-3:b1,15,10,1,64,64,0,0,64,0,0,0,1,23
K15:L10:w1-1-1-2-1-2-1-2-2-2:b1,15,10,1,64,64,0,0,64,0,0,0,1,23
K15:L10:w1-1-1-2-1-2-1-3-1-2:b1,15,10,1,64,64,0,0,64,0,0,0,1,23
K15:L10:w1-1-1-2-1-2-2-1-1-3:b1,15,10,1,64,64,0,0,64,0,0,0,1,23
K15:L10:w1-1-1-2-1-2-2-1-2-2:b1,15,10,1,64,64,0,0,64,0,0,0,1,23
K15:L10:w1-1-1-2-1-2-2-2-1-2:b1,15,10,1,64,64,0,0,64,0,0,0,1,23
K15:L10:w1-1-1-2-1-2-3-1-1-2:b1,15,10,1,64,64,0,0,64,0,0,0,1,23
K15:L10:w1-1-1-2-1-3-1-1-1-3:b1,15,10,1,64,64,0,0,64,0,0,0,1,23
K15:L10:w1-1-1-2-1-3-1-1-2-2:b1,15,10,1,64,64,0,0,64,0,0,0,1,23
K15:L10:w1-1-1-2-1-3-1-2-1-2:b1,15,10,1,64,64,0,0,64,0,0,0,1,23
K15:L10:w1-1-1-2-1-3-2-1-1-2:b1,15,10,1,64,64,0,0,64,0,0,0,1,23
K15:L10:w1-1-1-2-2-1-1-1-2-3:b1,15,10,1,64,64,0,0,64,0,0,0,1,23
K15:L10:w1-1-1-2-2-1-1-1-3-2:b1,15,10,1,64,64,0,0,64,0,0,0,1,23
K15:L10:w1-1-1-2-2-1-1-2-1-3:b1,15,10,1,64,64,0,0,64,0,0,0,1,23
K15:L10:w1-1-1-2-2-1-1-2-2-2:b1,15,10,1,64,64,0,0,64,0,0,0,1,23
K15:L10:w1-1-1-2-2-1-1-3-1-2:b1,15,10,1,64,64,0,0,64,0,0,0,1,23
K15:L10:w1-1-1-2-2-1-2-1-1-3:b1,15,10,1,64,64,0,0,64,0,0,0,1,23
K15:L10:w1-1-1-2-2-1-2-1-2-2:b1,15,10,1,64,64,0,0,64,0,0,0,1,23
K15:L10:w1-1-1-2-2-1-2-2-1-2:b1,15,10,1,64,64,0,0,64,0,0,0,1,23
K15:L10:w1-1-1-2-2-1-3-1-1-2:b1,15,10,1,64,64,0,0,64,0,0,0,1,23
K15:L10:w1-1-1-2-2-2-1-1-1-3:b1,15,10,1,64,64,0,0,64,0,0,0,1,23
K15:L10:w1-1-1-2-2-2-1-1-2-2:b1,15,10,1,64,64,0,0,64,0,0,0,1,23
K15:L10:w1-1-1-2-2-2-1-2-1-2:b1,15,10,1,64,64,0,0,64,0,0,0,1,23
K15:L10:w1-1-1-2-2-2-2-1-1-2:b1,15,10,1,64,64,0,0,64,0,0,0,1,23
K15:L10:w1-1-1-2-3-1-1-2-1-2:b1,15,10,1,64,64,0,0,64,0,0,0,1,23
K15:L10:w1-1-1-2-3-1-2-1-1-2:b1,15,10,1,64,64,0,0,64,0,0,0,1,23
K15:L10:w1-1-1-3-1-1-2-1-1-3:b1,15,10,1,64,64,0,0,64,0,0,0,4,24
K15:L10:w1-1-1-3-1-1-2-1-2-2:b1,15,10,1,64,64,0,0,64,0,0,0,4,24
K15:L10:w1-1-1-3-1-1-2-2-1-2:b1,15,10,1,64,64,0,0,64,0,0,0,4,24
K15:L10:w1-1-1-3-1-1-3-1-1-2:b1,15,10,1,64,64,0,0,64,0,0,0,7,24
K15:L10:w1-1-1-3-1-2-1-1-2-2:b1,15,10,1,64,64,0,0,64,0,0,0,4,24
K15:L10:w1-1-1-3-1-2-1-2-1-2:b1,15,10,1,64,64,0,0,64,0,0,0,1,23
K15:L10:w1-1-1-3-1-2-2-1-1-2:b1,15,10,1,64,64,0,0,64,0,0,0,4,24
K15:L10:w1-1-1-3-2-1-1-2-1-2:b1,15,10,1,64,64,0,0,0,0,64,0,5,24
K15:L10:w1-1-1-3-2-1-2-1-1-2:b1,15,10,1,64,64,0,0,0,0,64,0,5,24
K15:L10:w1-1-1-4-1-1-2-1-1-2:b1,15,10,1,64,64,0,0,0,0,64,0,4,24
K15:L10:w1-1-2-1-1-3-1-1-2-2:b1,15,10,1,64,64,0,0,64,0,0,0,1,23
K15:L10:w1-1-2-1-1-3-1-2-1-2:b1,15,10,1,64,64,0,0,64,0,0,0,1,23
K15:L10:w1-1-2-1-2-1-1-2-1-3:b1,15,10,1,64,64,0,0,64,0,0,0,1,23
K15:L10:w1-1-2-1-2-1-1-2-2-2:b1,15,10,1,64,64,0,0,64,0,0,0,1,23
K15:L10:w1-1-2-1-2-1-1-3-1-2:b1,15,10,1,64,64,0,0,64,0,0,0,1,23
K15:L10:w1-1-2-1-2-1-2-1-1-3:b1,15,10,1,64,64,0,0,64,0,0,0,1,23
K15:L10:w1-1-2-1-2-1-2-1-2-2:b1,15,10,1,64,64,0,0,64,0,0,0,1,23
K15:L10:w1-1-2-1-2-1-2-2-1-2:b1,15,10,1,64,64,0,0,64,0,0,0,1,23
K15:L10:w1-1-2-1-2-2-1-1-2-2:b1,15,10,1,64,64,0,0,64,0,0,0,1,23
K15:L10:w1-1-2-1-2-2-1-2-1-2:b1,15,10,1,64,64,0,0,64,0,0,0,1,23
K15:L10:w1-1-2-2-1-2-1-2-1-2:b1,15,10,1,64,64,0,0,64,0,0,0,1,23
K15:L11:w1-1-1-1-1-1-1-1-1-1-5:b1,15,11,1,64,64,0,0,64,0,0,0,1,23
K15:L11:w1-1-1-1-1-1-1-1-1-2-4:b1,15,11,1,64,64,0,0,64,0,0,0,1,23
K15:L11:w1-1-1-1-1-1-1-1-1-3-3:b1,15,11,1,64,64,0,0,64,0,0,0,1,23
K15:L11:w1-1-1-1-1-1-1-1-1-4-2:b1,15,11,1,64,64,0,0,64,0,0,0,1,23
K15:L11:w1-1-1-1-1-1-1-1-2-1-4:b1,15,11,1,64,64,0,0,64,0,0,0,1,23
K15:L11:w1-1-1-1-1-1-1-1-2-2-3:b1,15,11,1,64,64,0,0,64,0,0,0,1,23
K15:L11:w1-1-1-1-1-1-1-1-2-3-2:b1,15,11,1,64,64,0,0,64,0,0,0,1,23
K15:L11:w1-1-1-1-1-1-1-1-3-1-3:b1,15,11,1,64,64,0,0,64,0,0,0,1,23
K15:L11:w1-1-1-1-1-1-1-1-3-2-2:b1,15,11,1,64,64,0,0,64,0,0,0,1,23
K15:L11:w1-1-1-1-1-1-1-1-4-1-2:b1,15,11,1,64,64,0,0,64,0,0,0,1,23
K15:L11:w1-1-1-1-1-1-1-2-1-1-4:b1,15,11,1,64,64,0,0,64,0,0,0,1,23
K15:L11:w1-1-1-1-1-1-1-2-1-2-3:b1,15,11,1,64,64,0,0,64,0,0,0,1,23
K15:L11:w1-1-1-1-1-1-1-2-1-3-2:b1,15,11,1,64,64,0,0,64,0,0,0,1,23
K15:L11:w1-1-1-1-1-1-1-2-2-1-3:b1,15,11,1,64,64,0,0,64,0,0,0,1,23
K15:L11:w1-1-1-1-1-1-1-2-2-2-2:b1,15,11,1,64,64,0,0,64,0,0,0,1,23
K15:L11:w1-1-1-1-1-1-1-2-3-1-2:b1,15,11,1,64,64,0,0,64,0,0,0,1,23
K15:L11:w1-1-1-1-1-1-1-3-1-1-3:b1,15,11,1,64,64,0,0,64,0,0,0,1,23
K15:L11:w1-1-1-1-1-1-1-3-1-2-2:b1,15,11,1,64,64,0,0,64,0,0,0,1,23
K15:L11:w1-1-1-1-1-1-1-3-2-1-2:b1,15,11,1,64,64,0,0,64,0,0,0,1,23
K15:L11:w1-1-1-1-1-1-1-4-1-1-2:b1,15,11,1,64,64,0,0,64,0,0,0,1,23
K15:L11:w1-1-1-1-1-1-2-1-1-1-4:b1,15,11,1,64,64,0,0,64,0,0,0,1,23
K15:L11:w1-1-1-1-1-1-2-1-1-2-3:b1,15,11,1,64,64,0,0,64,0,0,0,1,23
K15:L11:w1-1-1-1-1-1-2-1-1-3-2:b1,15,11,1,64,64,0,0,64,0,0,0,1,23
K15:L11:w1-1-1-1-1-1-2-1-2-1-3:b1,15,11,1,64,64,0,0,64,0,0,0,1,23
K15:L11:w1-1-1-1-1-1-2-1-2-2-2:b1,15,11,1,64,64,0,0,64,0,0,0,1,23
K15:L11:w1-1-1-1-1-1-2-1-3-1-2:b1,15,11,1,64,64,0,0,64,0,0,0,1,23
K15:L11:w1-1-1-1-1-1-2-2-1-1-3:b1,15,11,1,64,64,0,0,64,0,0,0,1,23
K15:L11:w1-1-1-1-1-1-2-2-1-2-2:b1,15,11,1,64,64,0,0,64,0,0,0,1,23
K15:L11:w1-1-1-1-1-1-2-2-2-1-2:b1,15,11,1,64,64,0,0,64,0,0,0,1,23
K15:L11:w1-1-1-1-1-1-2-3-1-1-2:b1,15,11,1,64,64,0,0,64,0,0,0,1,23
K15:L11:w1-1-1-1-1-1-3-1-1-1-3:b1,15,11,1,64,64,0,0,64,0,0,0,1,23
K15:L11:w1-1-1-1-1-1-3-1-1-2-2:b1,15,11,1,64,64,0,0,64,0,0,0,1,23
K15:L11:w1-1-1-1-1-1-3-1-2-1-2:b1,15,11,1,64,64,0,0,64,0,0,0,1,23
K15:L11:w1-1-1-1-1-1-3-2-1-1-2:b1,15,11,1,64,64,0,0,64,0,0,0,1,23
K15:L11:w1-1-1-1-1-1-4-1-1-1-2:b1,15,11,1,64,64,0,0,64,0,0,0,1,23
K15:L11:w1-1-1-1-1-2-1-1-1-1-4:b1,15,11,1,64,64,0,0,64,0,0,0,1,23
K15:L11:w1-1-1-1-1-2-1-1-1-2-3:b1,15,11,1,64,64,0,0,64,0,0,0,1,23
K15:L11:w1-1-1-1-1-2-1-1-1-3-2:b1,15,11,1,64,64,0,0,64,0,0,0,1,23
K15:L11:w1-1-1-1-1-2-1-1-2-1-3:b1,15,11,1,64,64,0,0,64,0,0,0,1,23
K15:L11:w1-1-1-1-1-2-1-1-2-2-2:b1,15,11,1,64,64,0,0,64,0,0,0,1,23
K15:L11:w1-1-1-1-1-2-1-1-3-1-2:b1,15,11,1,64,64,0,0,64,0,0,0,1,23
K15:L11:w1-1-1-1-1-2-1-2-1-1-3:b1,15,11,1,64,64,0,0,64,0,0,0,1,23
K15:L11:w1-1-1-1-1-2-1-2-1-2-2:b1,15,11,1,64,64,0,0,64,0,0,0,1,23
K15:L11:w1-1-1-1-1-2-1-2-2-1-2:b1,15,11,1,64,64,0,0,64,0,0,0,1,23
K15:L11:w1-1-1-1-1-2-1-3-1-1-2:b1,15,11,1,64,64,0,0,64,0,0,0,1,23
K15:L11:w1-1-1-1-1-2-2-1-1-1-3:b1,15,11,1,64,64,0,0,64,0,0,0,1,23
K15:L11:w1-1-1-1-1-2-2-1-1-2-2:b1,15,11,1,64,64,0,0,64,0,0,0,1,23
K15:L11:w1-1-1-1-1-2-2-1-2-1-2:b1,15,11,1,64,64,0,0,64,0,0,0,1,23
K15:L11:w1-1-1-1-1-2-2-2-1-1-2:b1,15,11,1,64,64,0,0,64,0,0,0,1,23
K15:L11:w1-1-1-1-1-2-3-1-1-1-2:b1,15,11,1,64,64,0,0,64,0,0,0,1,23
K15:L11:w1-1-1-1-1-3-1-1-1-1-3:b1,15,11,1,64,64,0,0,64,0,0,0,1,23
K15:L11:w1-1-1-1-1-3-1-1-1-2-2:b1,15,11,1,64,64,0,0,64,0,0,0,1,23
K15:L11:w1-1-1-1-1-3-1-1-2-1-2:b1,15,11,1,64,64,0,0,64,0,0,0,1,23
K15:L11:w1-1-1-1-1-3-1-2-1-1-2:b1,15,11,1,64,64,0,0,64,0,0,0,1,23
K15:L11:w1-1-1-1-1-3-2-1-1-1-2:b1,15,11,1,64,64,0,0,64,0,0,0,1,23
K15:L11:w1-1-1-1-1-4-1-1-1-1-2:b1,15,11,1,64,64,0,0,64,0,0,0,6,25
K15:L11:w1-1-1-1-2-1-1-1-1-3-2:b1,15,11,1,64,64,0,0,64,0,0,0,1,23
K15:L11:w1-1-1-1-2-1-1-1-2-1-3:b1,15,11,1,64,64,0,0,64,0,0,0,1,23
K15:L11:w1-1-1-1-2-1-1-1-2-2-2:b1,15,11,1,64,64,0,0,64,0,0,0,1,23
K15:L11:w1-1-1-1-2-1-1-1-3-1-2:b1,15,11,1,64,64,0,0,64,0,0,0,1,23
K15:L11:w1-1-1-1-2-1-1-2-1-1-3:b1,15,11,1,64,64,0,0,64,0,0,0,1,23
K15:L11:w1-1-1-1-2-1-1-2-1-2-2:b1,15,11,1,64,64,0,0,64,0,0,0,1,23
K15:L11:w1-1-1-1-2-1-1-2-2-1-2:b1,15,11,1,64,64,0,0,64,0,0,0,1,23
K15:L11:w1-1-1-1-2-1-1-3-1-1-2:b1,15,11,1,64,64,0,0,64,0,0,0,1,23
K15:L11:w1-1-1-1-2-1-2-1-1-1-3:b1,15,11,1,64,64,0,0,64,0,0,0,1,23
K15:L11:w1-1-1-1-2-1-2-1-1-2-2:b1,15,11,1,64,64,0,0,64,0,0,0,1,23
K15:L11:w1-1-1-1-2-1-2-1-2-1-2:b1,15,11,1,64,64,0,0,64,0,0,0,1,23
K15:L11:w1-1-1-1-2-1-2-2-1-1-2:b1,15,11,1,64,64,0,0,64,0,0,0,1,23
K15:L11:w1-1-1-1-2-1-3-1-1-1-2:b1,15,11,1,64,64,0,0,64,0,0,0,1,23
K15:L11:w1-1-1-1-2-2-1-1-1-1-3:b1,15,11,1,64,64,0,0,64,0,0,0,1,23
K15:L11:w1-1-1-1-2-2-1-1-1-2-2:b1,15,11,1,64,64,0,0,64,0,0,0,1,23
K15:L11:w1-1-1-1-2-2-1-1-2-1-2:b1,15,11,1,64,64,0,0,64,0,0,0,1,23
K15:L11:w1-1-1-1-2-2-1-2-1-1-2:b1,15,11,1,64,64,0,0,64,0,0,0,1,23
K15:L11:w1-1-1-1-2-2-2-1-1-1-2:b1,15,11,1,64,64,0,0,64,0,0,0,1,23
K15:L11:w1-1-1-1-3-1-1-1-2-1-2:b1,15,11,1,64,64,0,0,64,0,0,0,1,23
K15:L11:w1-1-1-1-3-1-1-2-1-1-2:b1,15,11,1,64,64,0,0,64,0,0,0,1,23
K15:L11:w1-1-1-1-3-1-2-1-1-1-2:b1,15,11,1,64,64,0,0,64,0,0,0,1,23
K15:L11:w1-1-1-2-1-1-1-3-1-1-2:b1,15,11,1,64,64,0,0,64,0,0,0,1,23
K15:L11:w1-1-1-2-1-1-2-1-1-1-3:b1,15,11,1,64,64,0,0,64,0,0,0,1,23
K15:L11:w1-1-1-2-1-1-2-1-1-2-2:b1,15,11,1,64,64,0,0,64,0,0,0,1,23
K15:L11:w1-1-1-2-1-1-2-1-2-1-2:b1,15,11,1,64,64,0,0,64,0,0,0,1,23
K15:L11:w1-1-1-2-1-1-2-2-1-1-2:b1,15,11,1,64,64,0,0,64,0,0,0,1,23
K15:L11:w1-1-1-2-1-2-1-1-1-2-2:b1,15,11,1,64,64,0,0,64,0,0,0,1,23
K15:L11:w1-1-1-2-1-2-1-1-2-1-2:b1,15,11,1,64,64,0,0,64,0,0,0,1,23
K15:L11:w1-1-1-2-1-2-1-2-1-1-2:b1,15,11,1,64,64,0,0,64,0,0,0,1,23
K15:L11:w1-1-1-2-2-1-1-2-1-1-2:b1,15,11,1,64,64,0,0,64,0,0,0,1,23
K15:L12:w1-1-1-1-1-1-1-1-1-1-1-4:b1,15,12,1,64,64,0,0,64,0,0,0,1,23
K15:L12:w1-1-1-1-1-1-1-1-1-1-2-3:b1,15,12,1,64,64,0,0,64,0,0,0,1,23
K15:L12:w1-1-1-1-1-1-1-1-1-1-3-2:b1,15,12,1,64,64,0,0,64,0,0,0,1,23
K15:L12:w1-1-1-1-1-1-1-1-1-2-1-3:b1,15,12,1,64,64,0,0,64,0,0,0,1,23
K15:L12:w1-1-1-1-1-1-1-1-1-2-2-2:b1,15,12,1,64,64,0,0,64,0,0,0,1,23
K15:L12:w1-1-1-1-1-1-1-1-1-3-1-2:b1,15,12,1,64,64,0,0,64,0,0,0,1,23
K15:L12:w1-1-1-1-1-1-1-1-2-1-1-3:b1,15,12,1,64,64,0,0,64,0,0,0,1,23
K15:L12:w1-1-1-1-1-1-1-1-2-1-2-2:b1,15,12,1,64,64,0,0,64,0,0,0,1,23
K15:L12:w1-1-1-1-1-1-1-1-2-2-1-2:b1,15,12,1,64,64,0,0,64,0,0,0,1,23
K15:L12:w1-1-1-1-1-1-1-1-3-1-1-2:b1,15,12,1,64,64,0,0,64,0,0,0,1,23
K15:L12:w1-1-1-1-1-1-1-2-1-1-1-3:b1,15,12,1,64,64,0,0,64,0,0,0,1,23
K15:L12:w1-1-1-1-1-1-1-2-1-1-2-2:b1,15,12,1,64,64,0,0,64,0,0,0,1,23
K15:L12:w1-1-1-1-1-1-1-2-1-2-1-2:b1,15,12,1,64,64,0,0,64,0,0,0,1,23
K15:L12:w1-1-1-1-1-1-1-2-2-1-1-2:b1,15,12,1,64,64,0,0,64,0,0,0,1,23
K15:L12:w1-1-1-1-1-1-1-3-1-1-1-2:b1,15,12,1,64,64,0,0,64,0,0,0,1,23
K15:L12:w1-1-1-1-1-1-2-1-1-1-1-3:b1,15,12,1,64,64,0,0,64,0,0,0,1,23
K15:L12:w1-1-1-1-1-1-2-1-1-1-2-2:b1,15,12,1,64,64,0,0,64,0,0,0,1,23
K15:L12:w1-1-1-1-1-1-2-1-1-2-1-2:b1,15,12,1,64,64,0,0,64,0,0,0,1,23
K15:L12:w1-1-1-1-1-1-2-1-2-1-1-2:b1,15,12,1,64,64,0,0,64,0,0,0,1,23
K15:L12:w1-1-1-1-1-1-2-2-1-1-1-2:b1,15,12,1,64,64,0,0,64,0,0,0,1,23
K15:L12:w1-1-1-1-1-1-3-1-1-1-1-2:b1,15,12,1,64,64,0,0,64,0,0,0,1,23
K15:L12:w1-1-1-1-1-2-1-1-1-1-1-3:b1,15,12,1,64,64,0,0,64,0,0,0,1,23
K15:L12:w1-1-1-1-1-2-1-1-1-1-2-2:b1,15,12,1,64,64,0,0,64,0,0,0,1,23
K15:L12:w1-1-1-1-1-2-1-1-1-2-1-2:b1,15,12,1,64,64,0,0,64,0,0,0,1,23
K15:L12:w1-1-1-1-1-2-1-1-2-1-1-2:b1,15,12,1,64,64,0,0,64,0,0,0,1,23
K15:L12:w1-1-1-1-1-2-1-2-1-1-1-2:b1,15,12,1,64,64,0,0,64,0,0,0,1,23
K15:L12:w1-1-1-1-1-2-2-1-1-1-1-2:b1,15,12,1,64,64,0,0,64,0,0,0,1,23
K15:L12:w1-1-1-1-2-1-1-1-2-1-1-2:b1,15,12,1,64,64,0,0,64,0,0,0,1,23
K15:L12:w1-1-1-1-2-1-1-2-1-1-1-2:b1,15,12,1,64,64,0,0,64,0,0,0,1,23
K15:L13:w1-1-1-1-1-1-1-1-1-1-1-1-3:b1,15,13,1,64,64,0,0,64,0,0,0,1,23
K15:L13:w1-1-1-1-1-1-1-1-1-1-1-2-2:b1,15,13,1,64,64,0,0,64,0,0,0,1,23
K15:L13:w1-1-1-1-1-1-1-1-1-1-2-1-2:b1,15,13,1,64,64,0,0,64,0,0,0,1,23
K15:L13:w1-1-1-1-1-1-1-1-1-2-1-1-2:b1,15,13,1,64,64,0,0,64,0,0,0,1,23
K15:L13:w1-1-1-1-1-1-1-1-2-1-1-1-2:b1,15,13,1,64,64,0,0,64,0,0,0,1,23
K15:L13:w1-1-1-1-1-1-1-2-1-1-1-1-2:b1,15,13,1,64,64,0,0,64,0,0,0,1,23
K15:L13:w1-1-1-1-1-1-2-1-1-1-1-1-2:b1,15,13,1,64,64,0,0,64,0,0,0,1,23
K15:L14:w1-1-1-1-1-1-1-1-1-1-1-1-1-2:b1,15,14,1,64,64,0,0,64,0,0,0,1,23
K16:L11:w1-1-1-1-1-1-1-1-1-1-6:b1,16,11,1,64,64,0,0,64,0,0,0,1,24
K16:L11:w1-1-1-1-1-1-1-1-1-2-5:b1,16,11,1,64,64,0,0,64,0,0,0,1,24
K16:L11:w1-1-1-1-1-1-1-1-1-3-4:b1,16,11,1,64,64,0,0,64,0,0,0,1,24
K16:L11:w1-1-1-1-1-1-1-1-1-4-3:b1,16,11,1,64,64,0,0,64,0,0,0,1,24
K16:L11:w1-1-1-1-1-1-1-1-1-5-2:b1,16,11,1,64,64,0,0,64,0,0,0,1,24
K16:L11:w1-1-1-1-1-1-1-1-2-1-5:b1,16,11,1,64,64,0,0,64,0,0,0,1,24
K16:L11:w1-1-1-1-1-1-1-1-2-2-4:b1,16,11,1,64,64,0,0,64,0,0,0,1,24
K16:L11:w1-1-1-1-1-1-1-1-2-3-3:b1,16,11,1,64,64,0,0,64,0,0,0,1,24
K16:L11:w1-1-1-1-1-1-1-1-2-4-2:b1,16,11,1,64,64,0,0,64,0,0,0,1,24
K16:L11:w1-1-1-1-1-1-1-1-3-1-4:b1,16,11,1,64,64,0,0,64,0,0,0,1,24
K16:L11:w1-1-1-1-1-1-1-1-3-2-3:b1,16,11,1,64,64,0,0,64,0,0,0,1,24
K16:L11:w1-1-1-1-1-1-1-1-3-3-2:b1,16,11,1,64,64,0,0,64,0,0,0,1,24
K16:L11:w1-1-1-1-1-1-1-1-4-1-3:b1,16,11,1,64,64,0,0,64,0,0,0,1,24
K16:L11:w1-1-1-1-1-1-1-1-4-2-2:b1,16,11,1,64,64,0,0,64,0,0,0,1,24
K16:L11:w1-1-1-1-1-1-1-1-5-1-2:b1,16,11,1,64,64,0,0,64,0,0,0,1,24
K16:L11:w1-1-1-1-1-1-1-2-1-1-5:b1,16,11,1,64,64,0,0,64,0,0,0,1,24
K16:L11:w1-1-1-1-1-1-1-2-1-2-4:b1,16,11,1,64,64,0,0,64,0,0,0,1,24
K16:L11:w1-1-1-1-1-1-1-2-1-3-3:b1,16,11,1,64,64,0,0,64,0,0,0,1,24
K16:L11:w1-1-1-1-1-1-1-2-1-4-2:b1,16,11,1,64,64,0,0,64,0,0,0,1,24
K16:L11:w1-1-1-1-1-1-1-2-2-1-4:b1,16,11,1,64,64,0,0,64,0,0,0,1,24
K16:L11:w1-1-1-1-1-1-1-2-2-2-3:b1,16,11,1,64,64,0,0,64,0,0,0,1,24
K16:L11:w1-1-1-1-1-1-1-2-2-3-2:b1,16,11,1,64,64,0,0,64,0,0,0,1,24
K16:L11:w1-1-1-1-1-1-1-2-3-1-3:b1,16,11,1,64,64,0,0,64,0,0,0,1,24
K16:L11:w1-1-1-1-1-1-1-2-3-2-2:b1,16,11,1,64,64,0,0,64,0,0,0,1,24
K16:L11:w1-1-1-1-1-1-1-2-4-1-2:b1,16,11,1,64,64,0,0,64,0,0,0,1,24
K16:L11:w1-1-1-1-1-1-1-3-1-1-4:b1,16,11,1,64,64,0,0,64,0,0,0,1,24
K16:L11:w1-1-1-1-1-1-1-3-1-2-3:b1,16,11,1,64,64,0,0,64,0,0,0,1,24
K16:L11:w1-1-1-1-1-1-1-3-1-3-2:b1,16,11,1,64,64,0,0,64,0,0,0,1,24
K16:L11:w1-1-1-1-1-1-1-3-2-1-3:b1,16,11,1,64,64,0,0,64,0,0,0,1,24
K16:L11:w1-1-1-1-1-1-1-3-2-2-2:b1,16,11,1,64,64,0,0,64,0,0,0,1,24
K16:L11:w1-1-1-1-1-1-1-3-3-1-2:b1,16,11,1,64,64,0,0,64,0,0,0,1,24
K16:L11:w1-1-1-1-1-1-1-4-1-1-3:b1,16,11,1,64,64,0,0,64,0,0,0,1,24
K16:L11:w1-1-1-1-1-1-1-4-1-2-2:b1,16,11,1,64,64,0,0,64,0,0,0,1,24
K16:L11:w1-1-1-1-1-1-1-4-2-1-2:b1,16,11,1,64,64,0,0,64,0,0,0,1,24
K16:L11:w1-1-1-1-1-1-1-5-1-1-2:b1,16,11,1,64,64,0,0,64,0,0,0,1,24
K16:L11:w1-1-1-1-1-1-2-1-1-1-5:b1,16,11,1,64,64,0,0,64,0,0,0,1,24
K16:L11:w1-1-1-1-1-1-2-1-1-2-4:b1,16,11,1,64,64,0,0,64,0,0,0,1,24
K16:L11:w1-1-1-1-1-1-2-1-1-3-3:b1,16,11,1,64,64,0,0,64,0,0,0,1,24
K16:L11:w1-1-1-1-1-1-2-1-1-4-2:b1,16,11,1,64,64,0,0,64,0,0,0,1,24
K16:L11:w1-1-1-1-1-1-2-1-2-1-4:b1,16,11,1,64,64,0,0,64,0,0,0,1,24
K16:L11:w1-1-1-1-1-1-2-1-2-2-3:b1,16,11,1,64,64,0,0,64,0,0,0,1,24
K16:L11:w1-1-1-1-1-1-2-1-2-3-2:b1,16,11,1,64,64,0,0,64,0,0,0,1,24
K16:L11:w1-1-1-1-1-1-2-1-3-1-3:b1,16,11,1,64,64,0,0,64,0,0,0,1,24
K16:L11:w1-1-1-1-1-1-2-1-3-2-2:b1,16,11,1,64,64,0,0,64,0,0,0,1,24
K16:L11:w1-1-1-1-1-1-2-1-4-1-2:b1,16,11,1,64,64,0,0,64,0,0,0,1,24
K16:L11:w1-1-1-1-1-1-2-2-1-1-4:b1,16,11,1,64,64,0,0,64,0,0,0,1,24
K16:L11:w1-1-1-1-1-1-2-2-1-2-3:b1,16,11,1,64,64,0,0,64,0,0,0,1,24
K16:L11:w1-1-1-1-1-1-2-2-1-3-2:b1,16,11,1,64,64,0,0,64,0,0,0,1,24
K16:L11:w1-1-1-1-1-1-2-2-2-1-3:b1,16,11,1,64,64,0,0,64,0,0,0,1,24
K16:L11:w1-1-1-1-1-1-2-2-2-2-2:b1,16,11,1,64,64,0,0,64,0,0,0,1,24
K16:L11:w1-1-1-1-1-1-2-2-3-1-2:b1,16,11,1,64,64,0,0,64,0,0,0,1,24
K16:L11:w1-1-1-1-1-1-2-3-1-1-3:b1,16,11,1,64,64,0,0,64,0,0,0,1,24
K16:L11:w1-1-1-1-1-1-2-3-1-2-2:b1,16,11,1,64,64,0,0,64,0,0,0,1,24
K16:L11:w1-1-1-1-1-1-2-3-2-1-2:b1,16,11,1,64,64,0,0,64,0,0,0,1,24
K16:L11:w1-1-1-1-1-1-2-4-1-1-2:b1,16,11,1,64,64,0,0,64,0,0,0,1,24
K16:L11:w1-1-1-1-1-1-3-1-1-1-4:b1,16,11,1,64,64,0,0,64,0,0,0,1,24
K16:L11:w1-1-1-1-1-1-3-1-1-2-3:b1,16,11,1,64,64,0,0,64,0,0,0,1,24
K16:L11:w1-1-1-1-1-1-3-1-1-3-2:b1,16,11,1,64,64,0,0,64,0,0,0,1,24
K16:L11:w1-1-1-1-1-1-3-1-2-1-3:b1,16,11,1,64,64,0,0,64,0,0,0,1,24
K16:L11:w1-1-1-1-1-1-3-1-2-2-2:b1,16,11,1,64,64,0,0,64,0,0,0,1,24
K16:L11:w1-1-1-1-1-1-3-1-3-1-2:b1,16,11,1,64,64,0,0,64,0,0,0,1,24
K16:L11:w1-1-1-1-1-1-3-2-1-1-3:b1,16,11,1,64,64,0,0,64,0,0,0,1,24
K16:L11:w1-1-1-1-1-1-3-2-1-2-2:b1,16,11,1,64,64,0,0,64,0,0,0,1,24
K16:L11:w1-1-1-1-1-1-3-2-2-1-2:b1,16,11,1,64,64,0,0,64,0,0,0,1,24
K16:L11:w1-1-1-1-1-1-3-3-1-1-2:b1,16,11,1,64,64,0,0,64,0,0,0,1,24
K16:L11:w1-1-1-1-1-1-4-1-1-1-3:b1,16,11,1,64,64,0,0,64,0,0,0,1,24
K16:L11:w1-1-1-1-1-1-4-1-1-2-2:b1,16,11,1,64,64,0,0,64,0,0,0,1,24
K16:L11:w1-1-1-1-1-1-4-1-2-1-2:b1,16,11,1,64,64,0,0,64,0,0,0,1,24
K16:L11:w1-1-1-1-1-1-4-2-1-1-2:b1,16,11,1,64,64,0,0,64,0,0,0,1,24
K16:L11:w1-1-1-1-1-1-5-1-1-1-2:b1,16,11,1,64,64,0,0,64,0,0,0,1,24
K16:L11:w1-1-1-1-1-2-1-1-1-1-5:b1,16,11,1,64,64,0,0,64,0,0,0,1,24
K16:L11:w1-1-1-1-1-2-1-1-1-2-4:b1,16,11,1,64,64,0,0,64,0,0,0,1,24
K16:L11:w1-1-1-1-1-2-1-1-1-3-3:b1,16,11,1,64,64,0,0,64,0,0,0,1,24
K16:L11:w1-1-1-1-1-2-1-1-1-4-2:b1,16,11,1,64,64,0,0,64,0,0,0,1,24
K16:L11:w1-1-1-1-1-2-1-1-2-1-4:b1,16,11,1,64,64,0,0,64,0,0,0,1,24
K16:L11:w1-1-1-1-1-2-1-1-2-2-3:b1,16,11,1,64,64,0,0,64,0,0,0,1,24
K16:L11:w1-1-1-1-1-2-1-1-2-3-2:b1,16,11,1,64,64,0,0,64,0,0,0,1,24
K16:L11:w1-1-1-1-1-2-1-1-3-1-3:b1,16,11,1,64,64,0,0,64,0,0,0,1,24
K16:L11:w1-1-1-1-1-2-1-1-3-2-2:b1,16,11,1,64,64,0,0,64,0,0,0,1,24
K16:L11:w1-1-1-1-1-2-1-1-4-1-2:b1,16,11,1,64,64,0,0,64,0,0,0,1,24
K16:L11:w1-1-1-1-1-2-1-2-1-1-4:b1,16,11,1,64,64,0,0,64,0,0,0,1,24
K16:L11:w1-1-1-1-1-2-1-2-1-2-3:b1,16,11,1,64,64,0,0,64,0,0,0,1,24
K16:L11:w1-1-1-1-1-2-1-2-1-3-2:b1,16,11,1,64,64,0,0,64,0,0,0,1,24
K16:L11:w1-1-1-1-1-2-1-2-2-1-3:b1,16,11,1,64,64,0,0,64,0,0,0,1,24
K16:L11:w1-1-1-1-1-2-1-2-2-2-2:b1,16,11,1,64,64,0,0,64,0,0,0,1,24
K16:L11:w1-1-1-1-1-2-1-2-3-1-2:b1,16,11,1,64,64,0,0,64,0,0,0,1,24
K16:L11:w1-1-1-1-1-2-1-3-1-1-3:b1,16,11,1,64,64,0,0,64,0,0,0,1,24
K16:L11:w1-1-1-1-1-2-1-3-1-2-2:b1,16,11,1,64,64,0,0,64,0,0,0,1,24
K16:L11:w1-1-1-1-1-2-1-3-2-1-2:b1,16,11,1,64,64,0,0,64,0,0,0,1,24
K16:L11:w1-1-1-1-1-2-1-4-1-1-2:b1,16,11,1,64,64,0,0,64,0,0,0,1,24
K16:L11:w1-1-1-1-1-2-2-1-1-1-4:b1,16,11,1,64,64,0,0,64,0,0,0,1,24
K16:L11:w1-1-1-1-1-2-2-1-1-2-3:b1,16,11,1,64,64,0,0,64,0,0,0,1,24
K16:L11:w1-1-1-1-1-2-2-1-1-3-2:b1,16,11,1,64,64,0,0,64,0,0,0,1,24
K16:L11:w1-1-1-1-1-2-2-1-2-1-3:b1,16,11,1,64,64,0,0,64,0,0,0,1,24
K16:L11:w1-1-1-1-1-2-2-1-2-2-2:b1,16,11,1,64,64,0,0,64,0,0,0,1,24
K16:L11:w1-1-1-1-1-2-2-1-3-1-2:b1,16,11,1,64,64,0,0,64,0,0,0,1,24
K16:L11:w1-1-1-1-1-2-2-2-1-1-3:b1,16,11,1,64,64,0,0,64,0,0,0,1,24
K16:L11:w1-1-1-1-1-2-2-2-1-2-2:b1,16,11,1,64,64,0,0,64,0,0,0,1,24
K16:L11:w1-1-1-1-1-2-2-2-2-1-2:b1,16,11,1,64,64,0,0,64,0,0,0,1,24
K16:L11:w1-1-1-1-1-2-2-3-1-1-2:b1,16,11,1,64,64,0,0,64,0,0,0,1,24
K16:L11:w1-1-1-1-1-2-3-1-1-1-3:b1,16,11,1,64,64,0,0,64,0,0,0,1,24
K16:L11:w1-1-1-1-1-2-3-1-1-2-2:b1,16,11,1,64,64,0,0,64,0,0,0,1,24
K16:L11:w1-1-1-1-1-2-3-1-2-1-2:b1,16,11,1,64,64,0,0,64,0,0,0,1,24
K16:L11:w1-1-1-1-1-2-3-2-1-1-2:b1,16,11,1,64,64,0,0,64,0,0,0,1,24
K16:L11:w1-1-1-1-1-2-4-1-1-1-2:b1,16,11,1,64,64,0,0,64,0,0,0,1,24
K16:L11:w1-1-1-1-1-3-1-1-1-1-4:b1,16,11,1,64,64,0,0,64,0,0,0,1,24
K16:L11:w1-1-1-1-1-3-1-1-1-2-3:b1,16,11,1,64,64,0,0,64,0,0,0,1,24
K16:L11:w1-1-1-1-1-3-1-1-1-3-2:b1,16,11,1,64,64,0,0,64,0,0,0,1,24
K16:L11:w1-1-1-1-1-3-1-1-2-1-3:b1,16,11,1,64,64,0,0,64,0,0,0,1,24
K16:L11:w1-1-1-1-1-3-1-1-2-2-2:b1,16,11,1,64,64,0,0,64,0,0,0,1,24
K16:L11:w1-1-1-1-1-3-1-1-3-1-2:b1,16,11,1,64,64,0,0,64,0,0,0,1,24
K16:L11:w1-1-1-1-1-3-1-2-1-1-3:b1,16,11,1,64,64,0,0,64,0,0,0,1,24
K16:L11:w1-1-1-1-1-3-1-2-1-2-2:b1,16,11,1,64,64,0,0,64,0,0,0,1,24
K16:L11:w1-1-1-1-1-3-1-2-2-1-2:b1,16,11,1,64,64,0,0,64,0,0,0,1,24
K16:L11:w1-1-1-1-1-3-1-3-1-1-2:b1,16,11,1,64,64,0,0,64,0,0,0,1,24
K16:L11:w1-1-1-1-1-3-2-1-1-1-3:b1,16,11,1,64,64,0,0,64,0,0,0,1,24
K16:L11:w1-1-1-1-1-3-2-1-1-2-2:b1,16,11,1,64,64,0,0,64,0,0,0,1,24
K16:L11:w1-1-1-1-1-3-2-1-2-1-2:b1,16,11,1,64,64,0,0,64,0,0,0,1,24
K16:L11:w1-1-1-1-1-3-2-2-1-1-2:b1,16,11,1,64,64,0,0,64,0,0,0,1,24
K16:L11:w1-1-1-1-1-3-3-1-1-1-2:b1,16,11,1,64,64,0,0,64,0,0,0,1,24
K16:L11:w1-1-1-1-1-4-1-1-1-1-3:b1,16,11,1,64,64,0,0,64,0,0,0,6,26
K16:L11:w1-1-1-1-1-4-1-1-1-2-2:b1,16,11,1,64,64,0,0,64,0,0,0,1,24
K16:L11:w1-1-1-1-1-4-1-1-2-1-2:b1,16,11,1,64,64,0,0,64,0,0,0,1,24
K16:L11:w1-1-1-1-1-4-1-2-1-1-2:b1,16,11,1,64,64,0,0,64,0,0,0,1,24
K16:L11:w1-1-1-1-1-4-2-1-1-1-2:b1,16,11,1,64,64,0,0,64,0,0,0,1,24
K16:L11:w1-1-1-1-1-5-1-1-1-1-2:b1,16,11,1,64,64,0,0,0,0,64,0,6,26
K16:L11:w1-1-1-1-2-1-1-1-1-3-3:b1,16,11,1,64,64,0,0,64,0,0,0,1,24
K16:L11:w1-1-1-1-2-1-1-1-1-4-2:b1,16,11,1,64,64,0,0,64,0,0,0,1,24
K16:L11:w1-1-1-1-2-1-1-1-2-1-4:b1,16,11,1,64,64,0,0,64,0,0,0,1,24
K16:L11:w1-1-1-1-2-1-1-1-2-2-3:b1,16,11,1,64,64,0,0,64,0,0,0,1,24
K16:L11:w1-1-1-1-2-1-1-1-2-3-2:b1,16,11,1,64,64,0,0,64,0,0,0,1,24
K16:L11:w1-1-1-1-2-1-1-1-3-1-3:b1,16,11,1,64,64,0,0,64,0,0,0,1,24
K16:L11:w1-1-1-1-2-1-1-1-3-2-2:b1,16,11,1,64,64,0,0,64,0,0,0,1,24
K16:L11:w1-1-1-1-2-1-1-1-4-1-2:b1,16,11,1,64,64,0,0,64,0,0,0,1,24
K16:L11:w1-1-1-1-2-1-1-2-1-1-4:b1,16,11,1,64,64,0,0,64,0,0,0,1,24
K16:L11:w1-1-1-1-2-1-1-2-1-2-3:b1,16,11,1,64,64,0,0,64,0,0,0,1,24
K16:L11:w1-1-1-1-2-1-1-2-1-3-2:b1,16,11,1,64,64,0,0,64,0,0,0,1,24
K16:L11:w1-1-1-1-2-1-1-2-2-1-3:b1,16,11,1,64,64,0,0,64,0,0,0,1,24
K16:L11:w1-1-1-1-2-1-1-2-2-2-2:b1,16,11,1,64,64,0,0,64,0,0,0,1,24
K16:L11:w1-1-1-1-2-1-1-2-3-1-2:b1,16,11,1,64,64,0,0,64,0,0,0,1,24
K16:L11:w1-1-1-1-2-1-1-3-1-1-3:b1,16,11,1,64,64,0,0,64,0,0,0,1,24
K16:L11:w1-1-1-1-2-1-1-3-1-2-2:b1,16,11,1,64,64,0,0,64,0,0,0,1,24
K16:L11:w1-1-1-1-2-1-1-3-2-1-2:b1,16,11,1,64,64,0,0,64,0,0,0,1,24
K16:L11:w1-1-1-1-2-1-1-4-1-1-2:b1,16,11,1,64,64,0,0,64,0,0,0,1,24
K16:L11:w1-1-1-1-2-1-2-1-1-1-4:b1,16,11,1,64,64,0,0,64,0,0,0,1,24
K16:L11:w1-1-1-1-2-1-2-1-1-2-3:b1,16,11,1,64,64,0,0,64,0,0,0,1,24
K16:L11:w1-1-1-1-2-1-2-1-1-3-2:b1,16,11,1,64,64,0,0,64,0,0,0,1,24
K16:L11:w1-1-1-1-2-1-2-1-2-1-3:b1,16,11,1,64,64,0,0,64,0,0,0,1,24
K16:L11:w1-1-1-1-2-1-2-1-2-2-2:b1,16,11,1,64,64,0,0,64,0,0,0,1,24
K16:L11:w1-1-1-1-2-1-2-1-3-1-2:b1,16,11,1,64,64,0,0,64,0,0,0,1,24
K16:L11:w1-1-1-1-2-1-2-2-1-1-3:b1,16,11,1,64,64,0,0,64,0,0,0,1,24
K16:L11:w1-1-1-1-2-1-2-2-1-2-2:b1,16,11,1,64,64,0,0,64,0,0,0,1,24
K16:L11:w1-1-1-1-2-1-2-2-2-1-2:b1,16,11,1,64,64,0,0,64,0,0,0,1,24
K16:L11:w1-1-1-1-2-1-2-3-1-1-2:b1,16,11,1,64,64,0,0,64,0,0,0,1,24
K16:L11:w1-1-1-1-2-1-3-1-1-1-3:b1,16,11,1,64,64,0,0,64,0,0,0,1,24
K16:L11:w1-1-1-1-2-1-3-1-1-2-2:b1,16,11,1,64,64,0,0,64,0,0,0,1,24
K16:L11:w1-1-1-1-2-1-3-1-2-1-2:b1,16,11,1,64,64,0,0,64,0,0,0,1,24
K16:L11:w1-1-1-1-2-1-3-2-1-1-2:b1,16,11,1,64,64,0,0,64,0,0,0,1,24
K16:L11:w1-1-1-1-2-1-4-1-1-1-2:b1,16,11,1,64,64,0,0,64,0,0,0,1,24
K16:L11:w1-1-1-1-2-2-1-1-1-1-4:b1,16,11,1,64,64,0,0,64,0,0,0,1,24
K16:L11:w1-1-1-1-2-2-1-1-1-2-3:b1,16,11,1,64,64,0,0,64,0,0,0,1,24
K16:L11:w1-1-1-1-2-2-1-1-1-3-2:b1,16,11,1,64,64,0,0,64,0,0,0,1,24
K16:L11:w1-1-1-1-2-2-1-1-2-1-3:b1,16,11,1,64,64,0,0,64,0,0,0,1,24
K16:L11:w1-1-1-1-2-2-1-1-2-2-2:b1,16,11,1,64,64,0,0,64,0,0,0,1,24
K16:L11:w1-1-1-1-2-2-1-1-3-1-2:b1,16,11,1,64,64,0,0,64,0,0,0,1,24
K16:L11:w1-1-1-1-2-2-1-2-1-1-3:b1,16,11,1,64,64,0,0,64,0,0,0,1,24
K16:L11:w1-1-1-1-2-2-1-2-1-2-2:b1,16,11,1,64,64,0,0,64,0,0,0,1,24
K16:L11:w1-1-1-1-2-2-1-2-2-1-2:b1,16,11,1,64,64,0,0,64,0,0,0,1,24
K16:L11:w1-1-1-1-2-2-1-3-1-1-2:b1,16,11,1,64,64,0,0,64,0,0,0,1,24
K16:L11:w1-1-1-1-2-2-2-1-1-1-3:b1,16,11,1,64,64,0,0,64,0,0,0,1,24
K16:L11:w1-1-1-1-2-2-2-1-1-2-2:b1,16,11,1,64,64,0,0,64,0,0,0,1,24
K16:L11:w1-1-1-1-2-2-2-1-2-1-2:b1,16,11,1,64,64,0,0,64,0,0,0,1,24
K16:L11:w1-1-1-1-2-2-2-2-1-1-2:b1,16,11,1,64,64,0,0,64,0,0,0,1,24
K16:L11:w1-1-1-1-2-2-3-1-1-1-2:b1,16,11,1,64,64,0,0,64,0,0,0,1,24
K16:L11:w1-1-1-1-2-3-1-1-1-1-3:b1,16,11,1,64,64,0,0,64,0,0,0,1,24
K16:L11:w1-1-1-1-2-3-1-1-1-2-2:b1,16,11,1,64,64,0,0,64,0,0,0,1,24
K16:L11:w1-1-1-1-2-3-1-1-2-1-2:b1,16,11,1,64,64,0,0,64,0,0,0,1,24
K16:L11:w1-1-1-1-2-3-1-2-1-1-2:b1,16,11,1,64,64,0,0,64,0,0,0,1,24
K16:L11:w1-1-1-1-2-3-2-1-1-1-2:b1,16,11,1,64,64,0,0,64,0,0,0,1,24
K16:L11:w1-1-1-1-3-1-1-1-2-1-3:b1,16,11,1,64,64,0,0,64,0,0,0,1,24
K16:L11:w1-1-1-1-3-1-1-1-2-2-2:b1,16,11,1,64,64,0,0,64,0,0,0,1,24
K16:L11:w1-1-1-1-3-1-1-1-3-1-2:b1,16,11,1,64,64,0,0,64,0,0,0,1,24
K16:L11:w1-1-1-1-3-1-1-2-1-1-3:b1,16,11,1,64,64,0,0,64,0,0,0,1,24
K16:L11:w1-1-1-1-3-1-1-2-1-2-2:b1,16,11,1,64,64,0,0,64,0,0,0,1,24
K16:L11:w1-1-1-1-3-1-1-2-2-1-2:b1,16,11,1,64,64,0,0,64,0,0,0,1,24
K16:L11:w1-1-1-1-3-1-1-3-1-1-2:b1,16,11,1,64,64,0,0,64,0,0,0,1,24
K16:L11:w1-1-1-1-3-1-2-1-1-1-3:b1,16,11,1,64,64,0,0,64,0,0,0,1,24
K16:L11:w1-1-1-1-3-1-2-1-1-2-2:b1,16,11,1,64,64,0,0,64,0,0,0,1,24
K16:L11:w1-1-1-1-3-1-2-1-2-1-2:b1,16,11,1,64,64,0,0,64,0,0,0,1,24
K16:L11:w1-1-1-1-3-1-2-2-1-1-2:b1,16,11,1,64,64,0,0,64,0,0,0,1,24
K16:L11:w1-1-1-1-3-1-3-1-1-1-2:b1,16,11,1,64,64,0,0,64,0,0,0,1,24
K16:L11:w1-1-1-1-3-2-1-1-1-2-2:b1,16,11,1,64,64,0,0,64,0,0,0,1,24
K16:L11:w1-1-1-1-3-2-1-1-2-1-2:b1,16,11,1,64,64,0,0,64,0,0,0,1,24
K16:L11:w1-1-1-1-3-2-1-2-1-1-2:b1,16,11,1,64,64,0,0,64,0,0,0,1,24
K16:L11:w1-1-1-1-3-2-2-1-1-1-2:b1,16,11,1,64,64,0,0,64,0,0,0,1,24
K16:L11:w1-1-1-1-4-1-1-1-2-1-2:b1,16,11,1,64,64,0,0,0,0,64,0,5,26
K16:L11:w1-1-1-1-4-1-1-2-1-1-2:b1,16,11,1,64,64,0,0,64,0,0,0,1,24
K16:L11:w1-1-1-1-4-1-2-1-1-1-2:b1,16,11,1,64,64,0,0,0,0,64,0,5,26
K16:L11:w1-1-1-2-1-1-1-3-1-1-3:b1,16,11,1,64,64,0,0,64,0,0,0,1,24
K16:L11:w1-1-1-2-1-1-1-3-1-2-2:b1,16,11,1,64,64,0,0,64,0,0,0,1,24
K16:L11:w1-1-1-2-1-1-1-3-2-1-2:b1,16,11,1,64,64,0,0,64,0,0,0,1,24
K16:L11:w1-1-1-2-1-1-1-4-1-1-2:b1,16,11,1,64,64,0,0,64,0,0,0,1,24
K16:L11:w1-1-1-2-1-1-2-1-1-1-4:b1,16,11,1,64,64,0,0,64,0,0,0,1,24
K16:L11:w1-1-1-2-1-1-2-1-1-2-3:b1,16,11,1,64,64,0,0,64,0,0,0,1,24
K16:L11:w1-1-1-2-1-1-2-1-1-3-2:b1,16,11,1,64,64,0,0,64,0,0,0,1,24
K16:L11:w1-1-1-2-1-1-2-1-2-1-3:b1,16,11,1,64,64,0,0,64,0,0,0,1,24
K16:L11:w1-1-1-2-1-1-2-1-2-2-2:b1,16,11,1,64,64,0,0,64,0,0,0,1,24
K16:L11:w1-1-1-2-1-1-2-1-3-1-2:b1,16,11,1,64,64,0,0,64,0,0,0,1,24
K16:L11:w1-1-1-2-1-1-2-2-1-1-3:b1,16,11,1,64,64,0,0,64,0,0,0,1,24
K16:L11:w1-1-1-2-1-1-2-2-1-2-2:b1,16,11,1,64,64,0,0,64,0,0,0,1,24
K16:L11:w1-1-1-2-1-1-2-2-2-1-2:b1,16,11,1,64,64,0,0,64,0,0,0,1,24
K16:L11:w1-1-1-2-1-1-2-3-1-1-2:b1,16,11,1,64,64,0,0,64,0,0,0,1,24
K16:L11:w1-1-1-2-1-1-3-1-1-1-3:b1,16,11,1,64,64,0,0,64,0,0,0,1,24
K16:L11:w1-1-1-2-1-1-3-1-1-2-2:b1,16,11,1,64,64,0,0,64,0,0,0,1,24
K16:L11:w1-1-1-2-1-1-3-1-2-1-2:b1,16,11,1,64,64,0,0,64,0,0,0,1,24
K16:L11:w1-1-1-2-1-1-3-2-1-1-2:b1,16,11,1,64,64,0,0,64,0,0,0,1,24
K16:L11:w1-1-1-2-1-2-1-1-1-2-3:b1,16,11,1,64,64,0,0,64,0,0,0,1,24
K16:L11:w1-1-1-2-1-2-1-1-1-3-2:b1,16,11,1,64,64,0,0,64,0,0,0,1,24
K16:L11:w1-1-1-2-1-2-1-1-2-1-3:b1,16,11,1,64,64,0,0,64,0,0,0,1,24
K16:L11:w1-1-1-2-1-2-1-1-2-2-2:b1,16,11,1,64,64,0,0,64,0,0,0,1,24
K16:L11:w1-1-1-2-1-2-1-1-3-1-2:b1,16,11,1,64,64,0,0,64,0,0,0,1,24
K16:L11:w1-1-1-2-1-2-1-2-1-1-3:b1,16,11,1,64,64,0,0,64,0,0,0,1,24
K16:L11:w1-1-1-2-1-2-1-2-1-2-2:b1,16,11,1,64,64,0,0,64,0,0,0,1,24
K16:L11:w1-1-1-2-1-2-1-2-2-1-2:b1,16,11,1,64,64,0,0,64,0,0,0,1,24
K16:L11:w1-1-1-2-1-2-1-3-1-1-2:b1,16,11,1,64,64,0,0,64,0,0,0,1,24
K16:L11:w1-1-1-2-1-2-2-1-1-1-3:b1,16,11,1,64,64,0,0,64,0,0,0,1,24
K16:L11:w1-1-1-2-1-2-2-1-1-2-2:b1,16,11,1,64,64,0,0,64,0,0,0,1,24
K16:L11:w1-1-1-2-1-2-2-1-2-1-2:b1,16,11,1,64,64,0,0,64,0,0,0,1,24
K16:L11:w1-1-1-2-1-2-2-2-1-1-2:b1,16,11,1,64,64,0,0,63,1,0,0,1,24
K16:L11:w1-1-1-2-1-3-1-1-1-2-2:b1,16,11,1,64,64,0,0,64,0,0,0,1,24
K16:L11:w1-1-1-2-1-3-1-1-2-1-2:b1,16,11,1,64,64,0,0,64,0,0,0,1,24
K16:L11:w1-1-1-2-1-3-1-2-1-1-2:b1,16,11,1,64,64,0,0,64,0,0,0,1,24
K16:L11:w1-1-1-2-2-1-1-1-3-1-2:b1,16,11,1,64,64,0,0,64,0,0,0,1,24
K16:L11:w1-1-1-2-2-1-1-2-1-1-3:b1,16,11,1,64,64,0,0,64,0,0,0,1,24
K16:L11:w1-1-1-2-2-1-1-2-1-2-2:b1,16,11,1,64,64,0,0,64,0,0,0,1,24
K16:L11:w1-1-1-2-2-1-1-2-2-1-2:b1,16,11,1,64,64,0,0,64,0,0,0,1,24
K16:L11:w1-1-1-2-2-1-1-3-1-1-2:b1,16,11,1,64,64,0,0,64,0,0,0,1,24
K16:L11:w1-1-1-2-2-1-2-1-1-1-3:b1,16,11,1,64,64,0,0,64,0,0,0,1,24
K16:L11:w1-1-1-2-2-1-2-1-1-2-2:b1,16,11,1,64,64,0,0,64,0,0,0,1,24
K16:L11:w1-1-1-2-2-1-2-1-2-1-2:b1,16,11,1,64,64,0,0,64,0,0,0,1,24
K16:L11:w1-1-1-2-2-1-2-2-1-1-2:b1,16,11,1,64,64,0,0,64,0,0,0,1,24
K16:L11:w1-1-1-2-2-2-1-1-2-1-2:b1,16,11,1,64,64,0,0,64,0,0,0,1,24
K16:L11:w1-1-1-2-2-2-1-2-1-1-2:b1,16,11,1,64,64,0,0,64,0,0,0,1,24
K16:L11:w1-1-1-2-3-1-1-2-1-1-2:b1,16,11,1,64,64,0,0,64,0,0,0,1,24
K16:L11:w1-1-1-3-1-1-2-1-1-2-2:b1,16,11,1,64,64,0,0,64,0,0,0,4,25
K16:L11:w1-1-1-3-1-1-2-1-2-1-2:b1,16,11,1,64,64,0,0,64,0,0,0,4,25
K16:L11:w1-1-1-3-1-1-2-2-1-1-2:b1,16,11,1,64,64,0,0,64,0,0,0,4,25
K16:L11:w1-1-1-3-1-2-1-1-2-1-2:b1,16,11,1,64,64,0,0,64,0,0,0,4,25
K16:L11:w1-1-1-3-1-2-1-2-1-1-2:b1,16,11,1,64,64,0,0,64,0,0,0,1,24
K16:L11:w1-1-1-3-2-1-1-2-1-1-2:b1,16,11,1,64,64,0,0,0,0,64,0,5,25
K16:L11:w1-1-2-1-1-3-1-1-2-1-2:b1,16,11,1,64,64,0,0,64,0,0,0,1,24
K16:L11:w1-1-2-1-2-1-1-2-2-1-2:b1,16,11,1,64,64,0,0,64,0,0,0,1,24
K16:L11:w1-1-2-1-2-1-2-1-1-2-2:b1,16,11,1,64,64,0,0,64,0,0,0,1,24
K16:L11:w1-1-2-1-2-1-2-1-2-1-2:b1,16,11,1,64,64,0,0,63,1,0,0,1,24
K16:L12:w1-1-1-1-1-1-1-1-1-1-1-5:b1,16,12,1,64,64,0,0,64,0,0,0,1,24
K16:L12:w1-1-1-1-1-1-1-1-1-1-2-4:b1,16,12,1,64,64,0,0,64,0,0,0,1,24
K16:L12:w1-1-1-1-1-1-1-1-1-1-3-3:b1,16,12,1,64,64,0,0,64,0,0,0,1,24
K16:L12:w1-1-1-1-1-1-1-1-1-1-4-2:b1,16,12,1,64,64,0,0,64,0,0,0,1,24
K16:L12:w1-1-1-1-1-1-1-1-1-2-1-4:b1,16,12,1,64,64,0,0,64,0,0,0,1,24
K16:L12:w1-1-1-1-1-1-1-1-1-2-2-3:b1,16,12,1,64,64,0,0,64,0,0,0,1,24
K16:L12:w1-1-1-1-1-1-1-1-1-2-3-2:b1,16,12,1,64,64,0,0,64,0,0,0,1,24
K16:L12:w1-1-1-1-1-1-1-1-1-3-1-3:b1,16,12,1,64,64,0,0,64,0,0,0,1,24
K16:L12:w1-1-1-1-1-1-1-1-1-3-2-2:b1,16,12,1,64,64,0,0,64,0,0,0,1,24
K16:L12:w1-1-1-1-1-1-1-1-1-4-1-2:b1,16,12,1,64,64,0,0,64,0,0,0,1,24
K16:L12:w1-1-1-1-1-1-1-1-2-1-1-4:b1,16,12,1,64,64,0,0,64,0,0,0,1,24
K16:L12:w1-1-1-1-1-1-1-1-2-1-2-3:b1,16,12,1,64,64,0,0,64,0,0,0,1,24
K16:L12:w1-1-1-1-1-1-1-1-2-1-3-2:b1,16,12,1,64,64,0,0,64,0,0,0,1,24
K16:L12:w1-1-1-1-1-1-1-1-2-2-1-3:b1,16,12,1,64,64,0,0,64,0,0,0,1,24
K16:L12:w1-1-1-1-1-1-1-1-2-2-2-2:b1,16,12,1,64,64,0,0,64,0,0,0,1,24
K16:L12:w1-1-1-1-1-1-1-1-2-3-1-2:b1,16,12,1,64,64,0,0,64,0,0,0,1,24
K16:L12:w1-1-1-1-1-1-1-1-3-1-1-3:b1,16,12,1,64,64,0,0,64,0,0,0,1,24
K16:L12:w1-1-1-1-1-1-1-1-3-1-2-2:b1,16,12,1,64,64,0,0,64,0,0,0,1,24
K16:L12:w1-1-1-1-1-1-1-1-3-2-1-2:b1,16,12,1,64,64,0,0,64,0,0,0,1,24
K16:L12:w1-1-1-1-1-1-1-1-4-1-1-2:b1,16,12,1,64,64,0,0,64,0,0,0,1,24
K16:L12:w1-1-1-1-1-1-1-2-1-1-1-4:b1,16,12,1,64,64,0,0,64,0,0,0,1,24
K16:L12:w1-1-1-1-1-1-1-2-1-1-2-3:b1,16,12,1,64,64,0,0,64,0,0,0,1,24
K16:L12:w1-1-1-1-1-1-1-2-1-1-3-2:b1,16,12,1,64,64,0,0,64,0,0,0,1,24
K16:L12:w1-1-1-1-1-1-1-2-1-2-1-3:b1,16,12,1,64,64,0,0,64,0,0,0,1,24
K16:L12:w1-1-1-1-1-1-1-2-1-2-2-2:b1,16,12,1,64,64,0,0,64,0,0,0,1,24
K16:L12:w1-1-1-1-1-1-1-2-1-3-1-2:b1,16,12,1,64,64,0,0,64,0,0,0,1,24
K16:L12:w1-1-1-1-1-1-1-2-2-1-1-3:b1,16,12,1,64,64,0,0,64,0,0,0,1,24
K16:L12:w1-1-1-1-1-1-1-2-2-1-2-2:b1,16,12,1,64,64,0,0,64,0,0,0,1,24
K16:L12:w1-1-1-1-1-1-1-2-2-2-1-2:b1,16,12,1,64,64,0,0,64,0,0,0,1,24
K16:L12:w1-1-1-1-1-1-1-2-3-1-1-2:b1,16,12,1,64,64,0,0,64,0,0,0,1,24
K16:L12:w1-1-1-1-1-1-1-3-1-1-1-3:b1,16,12,1,64,64,0,0,64,0,0,0,1,24
K16:L12:w1-1-1-1-1-1-1-3-1-1-2-2:b1,16,12,1,64,64,0,0,64,0,0,0,1,24
K16:L12:w1-1-1-1-1-1-1-3-1-2-1-2:b1,16,12,1,64,64,0,0,64,0,0,0,1,24
K16:L12:w1-1-1-1-1-1-1-3-2-1-1-2:b1,16,12,1,64,64,0,0,64,0,0,0,1,24
K16:L12:w1-1-1-1-1-1-1-4-1-1-1-2:b1,16,12,1,64,64,0,0,64,0,0,0,1,24
K16:L12:w1-1-1-1-1-1-2-1-1-1-1-4:b1,16,12,1,64,64,0,0,64,0,0,0,1,24
K16:L12:w1-1-1-1-1-1-2-1-1-1-2-3:b1,16,12,1,64,64,0,0,64,0,0,0,1,24
K16:L12:w1-1-1-1-1-1-2-1-1-1-3-2:b1,16,12,1,64,64,0,0,64,0,0,0,1,24
K16:L12:w1-1-1-1-1-1-2-1-1-2-1-3:b1,16,12,1,64,64,0,0,64,0,0,0,1,24
K16:L12:w1-1-1-1-1-1-2-1-1-2-2-2:b1,16,12,1,64,64,0,0,64,0,0,0,1,24
K16:L12:w1-1-1-1-1-1-2-1-1-3-1-2:b1,16,12,1,64,64,0,0,64,0,0,0,1,24
K16:L12:w1-1-1-1-1-1-2-1-2-1-1-3:b1,16,12,1,64,64,0,0,64,0,0,0,1,24
K16:L12:w1-1-1-1-1-1-2-1-2-1-2-2:b1,16,12,1,64,64,0,0,64,0,0,0,1,24
K16:L12:w1-1-1-1-1-1-2-1-2-2-1-2:b1,16,12,1,64,64,0,0,64,0,0,0,1,24
K16:L12:w1-1-1-1-1-1-2-1-3-1-1-2:b1,16,12,1,64,64,0,0,64,0,0,0,1,24
K16:L12:w1-1-1-1-1-1-2-2-1-1-1-3:b1,16,12,1,64,64,0,0,64,0,0,0,1,24
K16:L12:w1-1-1-1-1-1-2-2-1-1-2-2:b1,16,12,1,64,64,0,0,64,0,0,0,1,24
K16:L12:w1-1-1-1-1-1-2-2-1-2-1-2:b1,16,12,1,64,64,0,0,64,0,0,0,1,24
K16:L12:w1-1-1-1-1-1-2-2-2-1-1-2:b1,16,12,1,64,64,0,0,64,0,0,0,1,24
K16:L12:w1-1-1-1-1-1-2-3-1-1-1-2:b1,16,12,1,64,64,0,0,64,0,0,0,1,24
K16:L12:w1-1-1-1-1-1-3-1-1-1-1-3:b1,16,12,1,64,64,0,0,64,0,0,0,1,24
K16:L12:w1-1-1-1-1-1-3-1-1-1-2-2:b1,16,12,1,64,64,0,0,64,0,0,0,1,24
K16:L12:w1-1-1-1-1-1-3-1-1-2-1-2:b1,16,12,1,64,64,0,0,64,0,0,0,1,24
K16:L12:w1-1-1-1-1-1-3-1-2-1-1-2:b1,16,12,1,64,64,0,0,64,0,0,0,1,24
K16:L12:w1-1-1-1-1-1-3-2-1-1-1-2:b1,16,12,1,64,64,0,0,64,0,0,0,1,24
K16:L12:w1-1-1-1-1-1-4-1-1-1-1-2:b1,16,12,1,64,64,0,0,64,0,0,0,1,24
K16:L12:w1-1-1-1-1-2-1-1-1-1-1-4:b1,16,12,1,64,64,0,0,64,0,0,0,1,24
K16:L12:w1-1-1-1-1-2-1-1-1-1-2-3:b1,16,12,1,64,64,0,0,64,0,0,0,1,24
K16:L12:w1-1-1-1-1-2-1-1-1-1-3-2:b1,16,12,1,64,64,0,0,64,0,0,0,1,24
K16:L12:w1-1-1-1-1-2-1-1-1-2-1-3:b1,16,12,1,64,64,0,0,64,0,0,0,1,24
K16:L12:w1-1-1-1-1-2-1-1-1-2-2-2:b1,16,12,1,64,64,0,0,64,0,0,0,1,24
K16:L12:w1-1-1-1-1-2-1-1-1-3-1-2:b1,16,12,1,64,64,0,0,64,0,0,0,1,24
K16:L12:w1-1-1-1-1-2-1-1-2-1-1-3:b1,16,12,1,64,64,0,0,64,0,0,0,1,24
K16:L12:w1-1-1-1-1-2-1-1-2-1-2-2:b1,16,12,1,64,64,0,0,64,0,0,0,1,24
K16:L12:w1-1-1-1-1-2-1-1-2-2-1-2:b1,16,12,1,64,64,0,0,64,0,0,0,1,24
K16:L12:w1-1-1-1-1-2-1-1-3-1-1-2:b1,16,12,1,64,64,0,0,64,0,0,0,1,24
K16:L12:w1-1-1-1-1-2-1-2-1-1-1-3:b1,16,12,1,64,64,0,0,64,0,0,0,1,24
K16:L12:w1-1-1-1-1-2-1-2-1-1-2-2:b1,16,12,1,64,64,0,0,64,0,0,0,1,24
K16:L12:w1-1-1-1-1-2-1-2-1-2-1-2:b1,16,12,1,64,64,0,0,64,0,0,0,1,24
K16:L12:w1-1-1-1-1-2-1-2-2-1-1-2:b1,16,12,1,64,64,0,0,64,0,0,0,1,24
K16:L12:w1-1-1-1-1-2-1-3-1-1-1-2:b1,16,12,1,64,64,0,0,64,0,0,0,1,24
K16:L12:w1-1-1-1-1-2-2-1-1-1-1-3:b1,16,12,1,64,64,0,0,64,0,0,0,1,24
K16:L12:w1-1-1-1-1-2-2-1-1-1-2-2:b1,16,12,1,64,64,0,0,64,0,0,0,1,24
K16:L12:w1-1-1-1-1-2-2-1-1-2-1-2:b1,16,12,1,64,64,0,0,64,0,0,0,1,24
K16:L12:w1-1-1-1-1-2-2-1-2-1-1-2:b1,16,12,1,64,64,0,0,64,0,0,0,1,24
K16:L12:w1-1-1-1-1-2-2-2-1-1-1-2:b1,16,12,1,64,64,0,0,64,0,0,0,1,24
K16:L12:w1-1-1-1-1-2-3-1-1-1-1-2:b1,16,12,1,64,64,0,0,64,0,0,0,1,24
K16:L12:w1-1-1-1-1-3-1-1-1-1-2-2:b1,16,12,1,64,64,0,0,64,0,0,0,1,24
K16:L12:w1-1-1-1-1-3-1-1-1-2-1-2:b1,16,12,1,64,64,0,0,64,0,0,0,1,24
K16:L12:w1-1-1-1-1-3-1-1-2-1-1-2:b1,16,12,1,64,64,0,0,64,0,0,0,1,24
K16:L12:w1-1-1-1-1-3-1-2-1-1-1-2:b1,16,12,1,64,64,0,0,64,0,0,0,1,24
K16:L12:w1-1-1-1-1-3-2-1-1-1-1-2:b1,16,12,1,64,64,0,0,64,0,0,0,1,24
K16:L12:w1-1-1-1-2-1-1-1-1-3-1-2:b1,16,12,1,64,64,0,0,64,0,0,0,1,24
K16:L12:w1-1-1-1-2-1-1-1-2-1-1-3:b1,16,12,1,64,64,0,0,64,0,0,0,1,24
K16:L12:w1-1-1-1-2-1-1-1-2-1-2-2:b1,16,12,1,64,64,0,0,64,0,0,0,1,24
K16:L12:w1-1-1-1-2-1-1-1-2-2-1-2:b1,16,12,1,64,64,0,0,64,0,0,0,1,24
K16:L12:w1-1-1-1-2-1-1-1-3-1-1-2:b1,16,12,1,64,64,0,0,64,0,0,0,1,24
K16:L12:w1-1-1-1-2-1-1-2-1-1-1-3:b1,16,12,1,64,64,0,0,64,0,0,0,1,24
K16:L12:w1-1-1-1-2-1-1-2-1-1-2-2:b1,16,12,1,64,64,0,0,64,0,0,0,1,24
K16:L12:w1-1-1-1-2-1-1-2-1-2-1-2:b1,16,12,1,64,64,0,0,64,0,0,0,1,24
K16:L12:w1-1-1-1-2-1-1-2-2-1-1-2:b1,16,12,1,64,64,0,0,64,0,0,0,1,24
K16:L12:w1-1-1-1-2-1-1-3-1-1-1-2:b1,16,12,1,64,64,0,0,64,0,0,0,1,24
K16:L12:w1-1-1-1-2-1-2-1-1-1-1-3:b1,16,12,1,64,64,0,0,64,0,0,0,1,24
K16:L12:w1-1-1-1-2-1-2-1-1-1-2-2:b1,16,12,1,64,64,0,0,64,0,0,0,1,24
K16:L12:w1-1-1-1-2-1-2-1-1-2-1-2:b1,16,12,1,64,64,0,0,64,0,0,0,1,24
K16:L12:w1-1-1-1-2-1-2-1-2-1-1-2:b1,16,12,1,64,64,0,0,64,0,0,0,1,24
K16:L12:w1-1-1-1-2-1-2-2-1-1-1-2:b1,16,12,1,64,64,0,0,64,0,0,0,1,24
K16:L12:w1-1-1-1-2-2-1-1-1-2-1-2:b1,16,12,1,64,64,0,0,64,0,0,0,1,24
K16:L12:w1-1-1-1-2-2-1-1-2-1-1-2:b1,16,12,1,64,64,0,0,64,0,0,0,1,24
K16:L12:w1-1-1-1-2-2-1-2-1-1-1-2:b1,16,12,1,64,64,0,0,64,0,0,0,1,24
K16:L12:w1-1-1-1-3-1-1-1-2-1-1-2:b1,16,12,1,64,64,0,0,64,0,0,0,1,24
K16:L12:w1-1-1-1-3-1-1-2-1-1-1-2:b1,16,12,1,64,64,0,0,64,0,0,0,1,24
K16:L12:w1-1-1-2-1-1-2-1-1-1-2-2:b1,16,12,1,64,64,0,0,64,0,0,0,1,24
K16:L12:w1-1-1-2-1-1-2-1-1-2-1-2:b1,16,12,1,64,64,0,0,64,0,0,0,1,24
K16:L12:w1-1-1-2-1-1-2-1-2-1-1-2:b1,16,12,1,64,64,0,0,63,1,0,0,1,24
K16:L12:w1-1-1-2-1-2-1-1-2-1-1-2:b1,16,12,1,64,64,0,0,64,0,0,0,1,24
K16:L13:w1-1-1-1-1-1-1-1-1-1-1-1-4:b1,16,13,1,64,64,0,0,64,0,0,0,1,24
K16:L13:w1-1-1-1-1-1-1-1-1-1-1-2-3:b1,16,13,1,64,64,0,0,64,0,0,0,1,24
K16:L13:w1-1-1-1-1-1-1-1-1-1-1-3-2:b1,16,13,1,64,64,0,0,64,0,0,0,1,24
K16:L13:w1-1-1-1-1-1-1-1-1-1-2-1-3:b1,16,13,1,64,64,0,0,64,0,0,0,1,24
K16:L13:w1-1-1-1-1-1-1-1-1-1-2-2-2:b1,16,13,1,64,64,0,0,64,0,0,0,1,24
K16:L13:w1-1-1-1-1-1-1-1-1-1-3-1-2:b1,16,13,1,64,64,0,0,64,0,0,0,1,24
K16:L13:w1-1-1-1-1-1-1-1-1-2-1-1-3:b1,16,13,1,64,64,0,0,64,0,0,0,1,24
K16:L13:w1-1-1-1-1-1-1-1-1-2-1-2-2:b1,16,13,1,64,64,0,0,64,0,0,0,1,24
K16:L13:w1-1-1-1-1-1-1-1-1-2-2-1-2:b1,16,13,1,64,64,0,0,64,0,0,0,1,24
K16:L13:w1-1-1-1-1-1-1-1-1-3-1-1-2:b1,16,13,1,64,64,0,0,64,0,0,0,1,24
K16:L13:w1-1-1-1-1-1-1-1-2-1-1-1-3:b1,16,13,1,64,64,0,0,64,0,0,0,1,24
K16:L13:w1-1-1-1-1-1-1-1-2-1-1-2-2:b1,16,13,1,64,64,0,0,64,0,0,0,1,24
K16:L13:w1-1-1-1-1-1-1-1-2-1-2-1-2:b1,16,13,1,64,64,0,0,64,0,0,0,1,24
K16:L13:w1-1-1-1-1-1-1-1-2-2-1-1-2:b1,16,13,1,64,64,0,0,64,0,0,0,1,24
K16:L13:w1-1-1-1-1-1-1-1-3-1-1-1-2:b1,16,13,1,64,64,0,0,64,0,0,0,1,24
K16:L13:w1-1-1-1-1-1-1-2-1-1-1-1-3:b1,16,13,1,64,64,0,0,64,0,0,0,1,24
K16:L13:w1-1-1-1-1-1-1-2-1-1-1-2-2:b1,16,13,1,64,64,0,0,64,0,0,0,1,24
K16:L13:w1-1-1-1-1-1-1-2-1-1-2-1-2:b1,16,13,1,64,64,0,0,64,0,0,0,1,24
K16:L13:w1-1-1-1-1-1-1-2-1-2-1-1-2:b1,16,13,1,64,64,0,0,64,0,0,0,1,24
K16:L13:w1-1-1-1-1-1-1-2-2-1-1-1-2:b1,16,13,1,64,64,0,0,64,0,0,0,1,24
K16:L13:w1-1-1-1-1-1-1-3-1-1-1-1-2:b1,16,13,1,64,64,0,0,64,0,0,0,1,24
K16:L13:w1-1-1-1-1-1-2-1-1-1-1-1-3:b1,16,13,1,64,64,0,0,64,0,0,0,1,24
K16:L13:w1-1-1-1-1-1-2-1-1-1-1-2-2:b1,16,13,1,64,64,0,0,64,0,0,0,1,24
K16:L13:w1-1-1-1-1-1-2-1-1-1-2-1-2:b1,16,13,1,64,64,0,0,64,0,0,0,1,24
K16:L13:w1-1-1-1-1-1-2-1-1-2-1-1-2:b1,16,13,1,64,64,0,0,64,0,0,0,1,24
K16:L13:w1-1-1-1-1-1-2-1-2-1-1-1-2:b1,16,13,1,64,64,0,0,64,0,0,0,1,24
K16:L13:w1-1-1-1-1-1-2-2-1-1-1-1-2:b1,16,13,1,64,64,0,0,64,0,0,0,1,24
K16:L13:w1-1-1-1-1-1-3-1-1-1-1-1-2:b1,16,13,1,64,64,0,0,64,0,0,0,1,24
K16:L13:w1-1-1-1-1-2-1-1-1-1-2-1-2:b1,16,13,1,64,64,0,0,64,0,0,0,1,24
K16:L13:w1-1-1-1-1-2-1-1-1-2-1-1-2:b1,16,13,1,64,64,0,0,64,0,0,0,1,24
K16:L13:w1-1-1-1-1-2-1-1-2-1-1-1-2:b1,16,13,1,64,64,0,0,64,0,0,0,1,24
K16:L13:w1-1-1-1-1-2-1-2-1-1-1-1-2:b1,16,13,1,64,64,0,0,64,0,0,0,1,24
K16:L13:w1-1-1-1-2-1-1-1-2-1-1-1-2:b1,16,13,1,64,64,0,0,64,0,0,0,1,24
K16:L14:w1-1-1-1-1-1-1-1-1-1-1-1-1-3:b1,16,14,1,64,64,0,0,64,0,0,0,1,24
K16:L14:w1-1-1-1-1-1-1-1-1-1-1-1-2-2:b1,16,14,1,64,64,0,0,64,0,0,0,1,24
K16:L14:w1-1-1-1-1-1-1-1-1-1-1-2-1-2:b1,16,14,1,64,64,0,0,64,0,0,0,1,24
K16:L14:w1-1-1-1-1-1-1-1-1-1-2-1-1-2:b1,16,14,1,64,64,0,0,64,0,0,0,1,24
K16:L14:w1-1-1-1-1-1-1-1-1-2-1-1-1-2:b1,16,14,1,64,64,0,0,64,0,0,0,1,24
K16:L14:w1-1-1-1-1-1-1-1-2-1-1-1-1-2:b1,16,14,1,64,64,0,0,64,0,0,0,1,24
K16:L14:w1-1-1-1-1-1-1-2-1-1-1-1-1-2:b1,16,14,1,64,64,0,0,64,0,0,0,1,24
K16:L15:w1-1-1-1-1-1-1-1-1-1-1-1-1-1-2:b1,16,15,1,64,64,0,0,64,0,0,0,1,24
K3:L2:w1-2:b1,3,2,1,64,56,8,0,10,0,46,0,8,12
K3:L2:w1-2:b2,3,2,2,64,56,8,0,56,0,0,0,2,14
K3:L2:w1-2:b3,3,2,3,64,56,8,0,56,0,0,0,2,17
K3:L2:w1-2:b4,3,2,4,64,56,8,0,56,0,0,0,2,20
K3:L2:w1-2:b5,3,2,5,64,56,8,0,56,0,0,0,2,23
K3:L2:w1-2:b6,3,2,6,64,56,8,0,56,0,0,0,2,26
K4:L3:w1-1-2:b1,4,3,1,64,33,31,0,33,0,0,0,1,12
K4:L3:w1-1-2:b2,4,3,2,64,60,4,0,60,0,0,0,1,16
K4:L3:w1-1-2:b3,4,3,3,64,60,4,0,60,0,0,0,1,20
K4:L3:w1-1-2:b4,4,3,4,64,60,4,0,60,0,0,0,1,24
K5:L4:w1-1-1-2:b1,5,4,1,64,23,41,0,23,0,0,0,1,13
K5:L4:w1-1-1-2:b2,5,4,2,64,62,2,0,62,0,0,0,1,18
K5:L4:w1-1-1-2:b3,5,4,3,64,62,2,0,62,0,0,0,1,23
K5:L4:w1-1-1-2:b4,5,4,4,64,62,2,0,62,0,0,0,1,28
K6:L4:w1-1-1-3:b1,6,4,1,64,45,19,0,6,0,39,0,8,15
K6:L4:w1-1-1-3:b2,6,4,2,64,63,1,0,63,0,0,0,4,21
K6:L4:w1-1-1-3:b3,6,4,3,64,63,1,0,63,0,0,0,4,27
K6:L4:w1-1-2-2:b1,6,4,1,64,51,13,0,51,0,0,0,1,14
K6:L4:w1-1-2-2:b2,6,4,2,64,63,1,0,63,0,0,0,1,20
K6:L4:w1-1-2-2:b3,6,4,3,64,63,1,0,63,0,0,0,1,26
K6:L4:w1-1-2-2:b4,6,4,4,64,63,1,0,63,0,0,0,1,32
K6:L5:w1-1-1-1-2:b1,6,5,1,64,13,51,0,13,0,0,0,1,14
K6:L5:w1-1-1-1-2:b2,6,5,2,64,63,1,0,63,0,0,0,1,20
K6:L5:w1-1-1-1-2:b3,6,5,3,64,63,1,0,63,0,0,0,1,26
K7:L5:w1-1-1-1-3:b1,7,5,1,64,25,39,0,25,0,0,0,1,15
K7:L5:w1-1-1-1-3:b2,7,5,2,64,63,1,0,63,0,0,0,1,22
K7:L5:w1-1-1-2-2:b1,7,5,1,64,29,35,0,29,0,0,0,1,15
K7:L5:w1-1-1-2-2:b2,7,5,2,64,63,1,0,63,0,0,0,1,22
K7:L5:w1-1-1-2-2:b3,7,5,3,64,63,1,0,63,0,0,0,1,29
K7:L5:w1-1-2-1-2:b1,7,5,1,64,31,33,0,31,0,0,0,1,15
K7:L5:w1-1-2-1-2:b2,7,5,2,64,63,1,0,63,0,0,0,1,22
K7:L6:w1-1-1-1-1-2:b1,7,6,1,64,7,57,0,7,0,0,0,1,15
K7:L6:w1-1-1-1-1-2:b2,7,6,2,64,64,0,0,64,0,0,0,1,22
K7:L6:w1-1-1-1-1-2:b3,7,6,3,64,63,1,0,63,0,0,0,1,29
K8:L6:w1-1-1-1-1-3:b1,8,6,1,64,16,48,0,16,0,0,0,1,16
K8:L6:w1-1-1-1-1-3:b2,8,6,2,64,64,0,0,64,0,0,0,1,24
K8:L6:w1-1-1-1-2-2:b1,8,6,1,64,16,48,0,16,0,0,0,1,16
K8:L6:w1-1-1-1-2-2:b2,8,6,2,64,63,1,0,63,0,0,0,1,24
K8:L6:w1-1-1-2-1-2:b1,8,6,1,64,19,45,0,19,0,0,0,1,16
K8:L6:w1-1-1-2-1-2:b2,8,6,2,64,63,1,0,63,0,0,0,1,24
K8:L7:w1-1-1-1-1-1-2:b1,8,7,1,64,7,57,0,7,0,0,0,1,16
K8:L7:w1-1-1-1-1-1-2:b2,8,7,2,64,63,1,0,63,0,0,0,1,24
K9:L6:w1-1-1-1-1-4:b1,9,6,1,64,29,35,0,2,0,27,0,10,19
K9:L6:w1-1-1-1-1-4:b2,9,6,2,64,64,0,0,64,0,0,0,6,28
K9:L6:w1-1-1-1-2-3:b1,9,6,1,64,30,34,0,30,0,0,0,1,17
K9:L6:w1-1-1-1-2-3:b2,9,6,2,64,64,0,0,64,0,0,0,1,26
K9:L6:w1-1-1-1-3-2:b1,9,6,1,64,31,33,0,31,0,0,0,1,17
K9:L6:w1-1-1-1-3-2:b2,9,6,2,64,63,1,0,63,0,0,0,1,26
K9:L6:w1-1-1-2-1-3:b1,9,6,1,64,32,32,0,32,0,0,0,1,17
K9:L6:w1-1-1-2-1-3:b2,9,6,2,64,64,0,0,64,0,0,0,1,26
K9:L6:w1-1-1-2-2-2:b1,9,6,1,64,33,31,0,33,0,0,0,1,17
K9:L6:w1-1-1-2-2-2:b2,9,6,2,64,64,0,0,64,0,0,0,1,26
K9:L6:w1-1-1-3-1-2:b1,9,6,1,64,34,30,0,34,0,0,0,4,18
K9:L6:w1-1-1-3-1-2:b2,9,6,2,64,64,0,0,64,0,0,0,4,27
K9:L6:w1-1-2-1-1-3:b1,9,6,1,64,36,28,0,36,0,0,0,1,17
K9:L6:w1-1-2-1-1-3:b2,9,6,2,64,63,1,0,63,0,0,0,1,26
K9:L6:w1-1-2-1-2-2:b1,9,6,1,64,37,27,0,37,0,0,0,1,17
K9:L6:w1-1-2-1-2-2:b2,9,6,2,64,64,0,0,64,0,0,0,1,26
K9:L6:w1-1-2-2-1-2:b1,9,6,1,64,38,26,0,38,0,0,0,1,17
K9:L6:w1-1-2-2-1-2:b2,9,6,2,64,63,1,0,63,0,0,0,1,26
K9:L7:w1-1-1-1-1-1-3:b1,9,7,1,64,13,51,0,13,0,0,0,1,17
K9:L7:w1-1-1-1-1-1-3:b2,9,7,2,64,64,0,0,64,0,0,0,1,26
K9:L7:w1-1-1-1-1-2-2:b1,9,7,1,64,13,51,0,13,0,0,0,1,17
K9:L7:w1-1-1-1-1-2-2:b2,9,7,2,64,64,0,0,64,0,0,0,1,26
K9:L7:w1-1-1-1-2-1-2:b1,9,7,1,64,16,48,0,16,0,0,0,1,17
K9:L7:w1-1-1-1-2-1-2:b2,9,7,2,64,64,0,0,64,0,0,0,1,26
K9:L7:w1-1-1-2-1-1-2:b1,9,7,1,64,18,46,0,18,0,0,0,1,17
K9:L7:w1-1-1-2-1-1-2:b2,9,7,2,64,64,0,0,64,0,0,0,1,26
K9:L8:w1-1-1-1-1-1-1-2:b1,9,8,1,64,7,57,0,7,0,0,0,1,17
K9:L8:w1-1-1-1-1-1-1-2:b2,9,8,2,64,64,0,0,64,0,0,0,1,26
